{
  "metadata": {
    "method_name": "",
    "contact": "akaptano",
    "hardware": "CPU: AMD EPYC 7763 64-Core Processor | RAM: 15.6GB",
    "notes": "",
    "run_date": "2026-01-28T19:23:11.112961"
  },
  "metrics": {
    "fourier_continuation": true,
    "fourier_orders": [
      4,
      8,
      16
    ],
    "final_order": 16,
    "continuation_results": [
      {
        "initial_B_field": 1.9999997350972842,
        "final_B_field": 2.2543070958407845,
        "target_B_field": 2.0,
        "optimization_time": 697.4320893287659,
        "final_normalized_squared_flux": 0.004258315276217276,
        "_cached_thresholds": {
          "length_threshold": 15.0,
          "flux_threshold": 1e-08,
          "cc_threshold": 0.09692,
          "cs_threshold": 0.157495,
          "msc_threshold": 8.254230293025175,
          "arclength_variation_threshold": 0.0,
          "curvature_threshold": 8.254230293025175,
          "force_threshold": 0.12311480455524772,
          "torque_threshold": 0.12311480455524772,
          "coil_width": 0.04846,
          "R0": 8.254230293025175
        },
        "final_min_cs_separation": 0.15221806903216334,
        "final_min_cc_separation": 0.09248566713930725,
        "final_total_length": 15.000854520664303,
        "final_max_curvature": 4.707263048117659,
        "final_average_curvature": 2.73938303038324,
        "final_arclength_variation": 0.005876836227349538,
        "final_mean_squared_curvature": 8.35713911180012,
        "final_linking_number": 0,
        "final_max_max_coil_force": 922585.4602401223,
        "final_avg_max_coil_force": 510605.1364124158,
        "final_max_max_coil_torque": 334022.40446717344,
        "final_avg_max_coil_torque": 143925.33163409578,
        "avg_BdotN_over_B": 0.01610195289428849,
        "max_BdotN_over_B": 0.09914717809273775,
        "lagrange_multipliers": null,
        "output_directory": "/home/runner/work/stellcoilbench/stellcoilbench/submissions/HSX_QHS_mn1824_ns101/akaptano/01-28-2026_19-23/order_4",
        "flux_threshold": 1e-08,
        "cc_threshold": 0.09692,
        "cs_threshold": 0.157495,
        "msc_threshold": 8.254230293025175,
        "arclength_variation_threshold": 0.0,
        "curvature_threshold": 8.254230293025175,
        "force_threshold": 0.12311480455524772,
        "torque_threshold": 0.12311480455524772,
        "fourier_order": 4,
        "continuation_step": 1
      },
      {
        "initial_B_field": 2.2543070958407845,
        "final_B_field": 2.404085864268046,
        "target_B_field": 2.0,
        "optimization_time": 697.998740196228,
        "final_normalized_squared_flux": 0.003510518680247979,
        "_cached_thresholds": {
          "length_threshold": 15.0,
          "flux_threshold": 1e-08,
          "cc_threshold": 0.09692,
          "cs_threshold": 0.157495,
          "msc_threshold": 8.254230293025175,
          "arclength_variation_threshold": 0.0,
          "curvature_threshold": 8.254230293025175,
          "force_threshold": 1.0,
          "torque_threshold": 1.0,
          "coil_width": 0.04846,
          "R0": 8.254230293025175
        },
        "final_min_cs_separation": 0.15296709212687531,
        "final_min_cc_separation": 0.09391461630936089,
        "final_total_length": 15.001569518883711,
        "final_max_curvature": 4.877267524750171,
        "final_average_curvature": 2.7412148530193416,
        "final_arclength_variation": 0.0034951046389063377,
        "final_mean_squared_curvature": 8.278051335371789,
        "final_linking_number": 0,
        "final_max_max_coil_force": 915234.6661950467,
        "final_avg_max_coil_force": 509247.6963349307,
        "final_max_max_coil_torque": 368479.4945148053,
        "final_avg_max_coil_torque": 142559.50963078788,
        "avg_BdotN_over_B": 0.014946271643545837,
        "max_BdotN_over_B": 0.07656445983437722,
        "lagrange_multipliers": null,
        "output_directory": "/home/runner/work/stellcoilbench/stellcoilbench/submissions/HSX_QHS_mn1824_ns101/akaptano/01-28-2026_19-23/order_8",
        "flux_threshold": 1e-08,
        "cc_threshold": 0.09692,
        "cs_threshold": 0.157495,
        "msc_threshold": 8.254230293025175,
        "arclength_variation_threshold": 0.0,
        "curvature_threshold": 8.254230293025175,
        "force_threshold": 1.0,
        "torque_threshold": 1.0,
        "fourier_order": 8,
        "continuation_step": 2
      },
      {
        "initial_B_field": 2.404085864268046,
        "final_B_field": 2.41576894099435,
        "target_B_field": 2.0,
        "optimization_time": 690.215253829956,
        "final_normalized_squared_flux": 0.003315259365999212,
        "_cached_thresholds": {
          "length_threshold": 15.0,
          "flux_threshold": 1e-08,
          "cc_threshold": 0.09692,
          "cs_threshold": 0.157495,
          "msc_threshold": 8.254230293025175,
          "arclength_variation_threshold": 0.0,
          "curvature_threshold": 8.254230293025175,
          "force_threshold": 1.0,
          "torque_threshold": 1.0,
          "coil_width": 0.04846,
          "R0": 8.254230293025175
        },
        "final_min_cs_separation": 0.15302586831685405,
        "final_min_cc_separation": 0.09446505243505261,
        "final_total_length": 15.0017885552605,
        "final_max_curvature": 4.789912883366603,
        "final_average_curvature": 2.736577394034082,
        "final_arclength_variation": 0.0032030566187030247,
        "final_mean_squared_curvature": 8.30309910639432,
        "final_linking_number": 0,
        "final_max_max_coil_force": 983989.635978615,
        "final_avg_max_coil_force": 507370.3132190875,
        "final_max_max_coil_torque": 400928.7410738147,
        "final_avg_max_coil_torque": 144429.48577216995,
        "avg_BdotN_over_B": 0.014530971935578034,
        "max_BdotN_over_B": 0.07046729336675422,
        "lagrange_multipliers": null,
        "output_directory": "/home/runner/work/stellcoilbench/stellcoilbench/submissions/HSX_QHS_mn1824_ns101/akaptano/01-28-2026_19-23/order_16",
        "flux_threshold": 1e-08,
        "cc_threshold": 0.09692,
        "cs_threshold": 0.157495,
        "msc_threshold": 8.254230293025175,
        "arclength_variation_threshold": 0.0,
        "curvature_threshold": 8.254230293025175,
        "force_threshold": 1.0,
        "torque_threshold": 1.0,
        "fourier_order": 16,
        "continuation_step": 3
      }
    ],
    "initial_B_field": 2.404085864268046,
    "final_B_field": 2.41576894099435,
    "target_B_field": 2.0,
    "optimization_time": 690.215253829956,
    "final_normalized_squared_flux": 0.003315259365999212,
    "_cached_thresholds": {
      "length_threshold": 15.0,
      "flux_threshold": 1e-08,
      "cc_threshold": 0.09692,
      "cs_threshold": 0.157495,
      "msc_threshold": 8.254230293025175,
      "arclength_variation_threshold": 0.0,
      "curvature_threshold": 8.254230293025175,
      "force_threshold": 1.0,
      "torque_threshold": 1.0,
      "coil_width": 0.04846,
      "R0": 8.254230293025175
    },
    "final_min_cs_separation": 0.15302586831685405,
    "final_min_cc_separation": 0.09446505243505261,
    "final_total_length": 15.0017885552605,
    "final_max_curvature": 4.789912883366603,
    "final_average_curvature": 2.736577394034082,
    "final_arclength_variation": 0.0032030566187030247,
    "final_mean_squared_curvature": 8.30309910639432,
    "final_linking_number": 0,
    "final_max_max_coil_force": 983989.635978615,
    "final_avg_max_coil_force": 507370.3132190875,
    "final_max_max_coil_torque": 400928.7410738147,
    "final_avg_max_coil_torque": 144429.48577216995,
    "avg_BdotN_over_B": 0.014530971935578034,
    "max_BdotN_over_B": 0.07046729336675422,
    "lagrange_multipliers": null,
    "output_directory": "/home/runner/work/stellcoilbench/stellcoilbench/submissions/HSX_QHS_mn1824_ns101/akaptano/01-28-2026_19-23/order_16",
    "flux_threshold": 1e-08,
    "cc_threshold": 0.09692,
    "cs_threshold": 0.157495,
    "msc_threshold": 8.254230293025175,
    "arclength_variation_threshold": 0.0,
    "curvature_threshold": 8.254230293025175,
    "force_threshold": 1.0,
    "torque_threshold": 1.0,
    "fourier_order": 16,
    "continuation_step": 3,
    "BdotN": 0.0013587545076365198,
    "BdotN_over_B": 0.0008012611217139144
  }
}