{
  "metadata": {
    "method_name": "",
    "contact": "akaptano",
    "hardware": "CPU: AMD EPYC 7763 64-Core Processor | RAM: 15.6GB",
    "notes": "",
    "run_date": "2026-01-25T03:38:21.925582"
  },
  "metrics": {
    "initial_B_field": 0.499999589056654,
    "final_B_field": 0.501995812231165,
    "target_B_field": 0.5,
    "optimization_time": 14.918554067611694,
    "final_normalized_squared_flux": 0.051157519651687876,
    "_cached_thresholds": {
      "length_threshold": 28.188333999999998,
      "flux_threshold": 1e-08,
      "cc_threshold": 0.112753336,
      "cs_threshold": 0.183224171,
      "msc_threshold": 7.095133752849672,
      "arclength_variation_threshold": 0.0,
      "curvature_threshold": 7.095133752849672,
      "force_threshold": 0.007694675284702985,
      "torque_threshold": 0.007694675284702985,
      "coil_width": 0.056376668,
      "R0": 7.095133752849672
    },
    "final_min_cs_separation": 0.21987215481500486,
    "final_min_cc_separation": 0.007011158584066565,
    "final_total_length": 21.98275929739034,
    "final_max_curvature": 2.3879830085488787,
    "final_average_curvature": 1.4877758593036206,
    "final_arclength_variation": 0.6084908565020158,
    "final_mean_squared_curvature": 2.5819114357739203,
    "final_linking_number": 0,
    "final_max_max_coil_force": 1085283.6878619124,
    "final_avg_max_coil_force": 520946.60558030824,
    "final_max_max_coil_torque": 517583.1722726929,
    "final_avg_max_coil_torque": 237704.54658927617,
    "avg_BdotN_over_B": 0.10739710856869979,
    "max_BdotN_over_B": 0.3118131184506174,
    "lagrange_multipliers": null,
    "output_directory": "/home/runner/work/stellcoilbench/stellcoilbench/submissions/c09r00_B_axis_half_tesla_PM4Stell/akaptano/01-25-2026_03-38",
    "flux_threshold": 1e-08,
    "cc_threshold": 0.112753336,
    "cs_threshold": 0.183224171,
    "msc_threshold": 7.095133752849672,
    "arclength_variation_threshold": 0.0,
    "curvature_threshold": 7.095133752849672,
    "force_threshold": 0.007694675284702985,
    "torque_threshold": 0.007694675284702985
  }
}