{
  "metadata": {
    "method_name": "",
    "contact": "akaptano",
    "hardware": "CPU: AMD EPYC 7763 64-Core Processor | RAM: 15.6GB",
    "notes": "",
    "run_date": "2026-01-25T02:13:15.939731"
  },
  "metrics": {
    "fourier_continuation": true,
    "fourier_orders": [
      4,
      6,
      8
    ],
    "final_order": 8,
    "continuation_results": [
      {
        "initial_B_field": 0.9999393542736246,
        "final_B_field": 1.164901056189696,
        "target_B_field": 1.0,
        "optimization_time": 952.6197361946106,
        "final_normalized_squared_flux": 0.017627495642184295,
        "_cached_thresholds": {
          "length_threshold": 20.0,
          "flux_threshold": 1e-08,
          "cc_threshold": 0.08,
          "cs_threshold": 0.13,
          "msc_threshold": 10.0,
          "arclength_variation_threshold": 0.0,
          "curvature_threshold": 10.0,
          "force_threshold": 0.03077870113881194,
          "torque_threshold": 0.03077870113881194,
          "coil_width": 0.04,
          "R0": 10.0
        },
        "final_min_cs_separation": 0.10509950154638527,
        "final_min_cc_separation": 0.09375136594023234,
        "final_total_length": 20.262668232022357,
        "final_max_curvature": 10.236232477543293,
        "final_average_curvature": 2.8613064306403664,
        "final_arclength_variation": 3.6700738412239615,
        "final_mean_squared_curvature": 13.201874984642853,
        "final_linking_number": 0,
        "final_max_max_coil_force": 170556.0176417155,
        "final_avg_max_coil_force": 144816.61788153887,
        "final_max_max_coil_torque": 96205.10964345295,
        "final_avg_max_coil_torque": 74434.60082544747,
        "avg_BdotN_over_B": 0.06156955868278843,
        "max_BdotN_over_B": 0.2737745059749924,
        "lagrange_multipliers": [
          -51684365993.19385,
          -1580421097.1314223,
          -0.0,
          -9175422358.995794,
          -986190233.0728072,
          -996688744.1475067,
          -0.0,
          -111926975765.37202
        ],
        "output_directory": "/home/runner/work/stellcoilbench/stellcoilbench/submissions/LandremanPaul2021_QA/akaptano/01-25-2026_02-13/order_4",
        "flux_threshold": 1e-08,
        "cc_threshold": 0.08,
        "cs_threshold": 0.13,
        "msc_threshold": 10.0,
        "arclength_variation_threshold": 0.0,
        "curvature_threshold": 10.0,
        "force_threshold": 0.03077870113881194,
        "torque_threshold": 0.03077870113881194,
        "fourier_order": 4,
        "continuation_step": 1
      },
      {
        "initial_B_field": 1.164901056189696,
        "final_B_field": 1.0962851440977919,
        "target_B_field": 1.0,
        "optimization_time": 1435.639446735382,
        "final_normalized_squared_flux": 5.1429641868558286e-06,
        "_cached_thresholds": {
          "length_threshold": 20.0,
          "flux_threshold": 1e-08,
          "cc_threshold": 0.08,
          "cs_threshold": 0.13,
          "msc_threshold": 10.0,
          "arclength_variation_threshold": 0.0,
          "curvature_threshold": 10.0,
          "force_threshold": 1.0,
          "torque_threshold": 1.0,
          "coil_width": 0.04,
          "R0": 10.0
        },
        "final_min_cs_separation": 0.2119964329328429,
        "final_min_cc_separation": 0.07893517271222038,
        "final_total_length": 20.001744375359703,
        "final_max_curvature": 10.009647463831195,
        "final_average_curvature": 3.022553706618042,
        "final_arclength_variation": 9.49064648779421,
        "final_mean_squared_curvature": 22.92641772007276,
        "final_linking_number": 0,
        "final_max_max_coil_force": 319550.0060946892,
        "final_avg_max_coil_force": 239701.8016503217,
        "final_max_max_coil_torque": 124451.5551524299,
        "final_avg_max_coil_torque": 96640.80911998558,
        "avg_BdotN_over_B": 0.0010101505985040532,
        "max_BdotN_over_B": 0.004230089913652964,
        "lagrange_multipliers": [
          -3971441.6448346395,
          -7725.197722510759,
          -11211.18175722364,
          -0.4451369516164885,
          -2882.982502208159,
          -25.342958241910523,
          -0.0,
          -0.0
        ],
        "output_directory": "/home/runner/work/stellcoilbench/stellcoilbench/submissions/LandremanPaul2021_QA/akaptano/01-25-2026_02-13/order_6",
        "flux_threshold": 1e-08,
        "cc_threshold": 0.08,
        "cs_threshold": 0.13,
        "msc_threshold": 10.0,
        "arclength_variation_threshold": 0.0,
        "curvature_threshold": 10.0,
        "force_threshold": 1.0,
        "torque_threshold": 1.0,
        "fourier_order": 6,
        "continuation_step": 2
      },
      {
        "initial_B_field": 1.0962851440977919,
        "final_B_field": 1.096430336504684,
        "target_B_field": 1.0,
        "optimization_time": 990.2525753974915,
        "final_normalized_squared_flux": 3.995607581792426e-06,
        "_cached_thresholds": {
          "length_threshold": 20.0,
          "flux_threshold": 1e-08,
          "cc_threshold": 0.08,
          "cs_threshold": 0.13,
          "msc_threshold": 10.0,
          "arclength_variation_threshold": 0.0,
          "curvature_threshold": 10.0,
          "force_threshold": 1.0,
          "torque_threshold": 1.0,
          "coil_width": 0.04,
          "R0": 10.0
        },
        "final_min_cs_separation": 0.23993769124448186,
        "final_min_cc_separation": 0.07965515857741451,
        "final_total_length": 20.001892930330055,
        "final_max_curvature": 10.006041163326225,
        "final_average_curvature": 3.1578110741483494,
        "final_arclength_variation": 10.26184779986674,
        "final_mean_squared_curvature": 31.112122185398807,
        "final_linking_number": 0,
        "final_max_max_coil_force": 411372.65643707576,
        "final_avg_max_coil_force": 284175.92247391137,
        "final_max_max_coil_torque": 258120.25110383364,
        "final_avg_max_coil_torque": 133088.00433213732,
        "avg_BdotN_over_B": 0.0008921665596730631,
        "max_BdotN_over_B": 0.003382193963639656,
        "lagrange_multipliers": [
          -11720963.864856696,
          -20615.582198783697,
          -84403.63351401707,
          -0.0,
          -4273.064657922197,
          -380.36514096303813,
          -0.0,
          -0.0
        ],
        "output_directory": "/home/runner/work/stellcoilbench/stellcoilbench/submissions/LandremanPaul2021_QA/akaptano/01-25-2026_02-13/order_8",
        "flux_threshold": 1e-08,
        "cc_threshold": 0.08,
        "cs_threshold": 0.13,
        "msc_threshold": 10.0,
        "arclength_variation_threshold": 0.0,
        "curvature_threshold": 10.0,
        "force_threshold": 1.0,
        "torque_threshold": 1.0,
        "fourier_order": 8,
        "continuation_step": 3
      }
    ],
    "initial_B_field": 1.0962851440977919,
    "final_B_field": 1.096430336504684,
    "target_B_field": 1.0,
    "optimization_time": 990.2525753974915,
    "final_normalized_squared_flux": 3.995607581792426e-06,
    "_cached_thresholds": {
      "length_threshold": 20.0,
      "flux_threshold": 1e-08,
      "cc_threshold": 0.08,
      "cs_threshold": 0.13,
      "msc_threshold": 10.0,
      "arclength_variation_threshold": 0.0,
      "curvature_threshold": 10.0,
      "force_threshold": 1.0,
      "torque_threshold": 1.0,
      "coil_width": 0.04,
      "R0": 10.0
    },
    "final_min_cs_separation": 0.23993769124448186,
    "final_min_cc_separation": 0.07965515857741451,
    "final_total_length": 20.001892930330055,
    "final_max_curvature": 10.006041163326225,
    "final_average_curvature": 3.1578110741483494,
    "final_arclength_variation": 10.26184779986674,
    "final_mean_squared_curvature": 31.112122185398807,
    "final_linking_number": 0,
    "final_max_max_coil_force": 411372.65643707576,
    "final_avg_max_coil_force": 284175.92247391137,
    "final_max_max_coil_torque": 258120.25110383364,
    "final_avg_max_coil_torque": 133088.00433213732,
    "avg_BdotN_over_B": 0.0008921665596730631,
    "max_BdotN_over_B": 0.003382193963639656,
    "lagrange_multipliers": [
      -11720963.864856696,
      -20615.582198783697,
      -84403.63351401707,
      -0.0,
      -4273.064657922197,
      -380.36514096303813,
      -0.0,
      -0.0
    ],
    "output_directory": "/home/runner/work/stellcoilbench/stellcoilbench/submissions/LandremanPaul2021_QA/akaptano/01-25-2026_02-13/order_8",
    "flux_threshold": 1e-08,
    "cc_threshold": 0.08,
    "cs_threshold": 0.13,
    "msc_threshold": 10.0,
    "arclength_variation_threshold": 0.0,
    "curvature_threshold": 10.0,
    "force_threshold": 1.0,
    "torque_threshold": 1.0,
    "fourier_order": 8,
    "continuation_step": 3
  }
}