{
  "@module": "simsopt._core.json",
  "@class": "SIMSON",
  "@version": "0.1.dev5270+gee055f063",
  "graph": [
    {
      "$type": "ref",
      "value": "RegularizedCoil33"
    },
    {
      "$type": "ref",
      "value": "RegularizedCoil34"
    },
    {
      "$type": "ref",
      "value": "RegularizedCoil35"
    },
    {
      "$type": "ref",
      "value": "RegularizedCoil36"
    },
    {
      "$type": "ref",
      "value": "RegularizedCoil37"
    },
    {
      "$type": "ref",
      "value": "RegularizedCoil38"
    },
    {
      "$type": "ref",
      "value": "RegularizedCoil39"
    },
    {
      "$type": "ref",
      "value": "RegularizedCoil40"
    },
    {
      "$type": "ref",
      "value": "RegularizedCoil41"
    },
    {
      "$type": "ref",
      "value": "RegularizedCoil42"
    },
    {
      "$type": "ref",
      "value": "RegularizedCoil43"
    },
    {
      "$type": "ref",
      "value": "RegularizedCoil44"
    },
    {
      "$type": "ref",
      "value": "RegularizedCoil45"
    },
    {
      "$type": "ref",
      "value": "RegularizedCoil46"
    },
    {
      "$type": "ref",
      "value": "RegularizedCoil47"
    },
    {
      "$type": "ref",
      "value": "RegularizedCoil48"
    }
  ],
  "simsopt_objs": {
    "140425471680368": {
      "@module": "simsopt._core.optimizable",
      "@class": "DOFs",
      "@name": "140425471680368",
      "@version": "0.1.dev5270+gee055f063",
      "x": {
        "@module": "numpy",
        "@class": "array",
        "dtype": "float64",
        "data": [
          1.0399926353339373,
          -0.003977025256104399,
          0.3970066029103351,
          0.003275466209928285,
          0.01768415727675521,
          0.008265941368496182,
          -0.01305404573009737,
          0.005954062677059098,
          -0.0053124204020521025,
          0.19743171159033174,
          0.003439715194116851,
          0.08341412928649486,
          -0.011458327521416345,
          0.0035855440347834916,
          -0.004925477381882545,
          -0.0093039750546664,
          0.006729467700719615,
          -0.000272395906772324,
          0.025569449686563113,
          -0.4379465744908079,
          0.003227250433222036,
          -0.039832846326748064,
          -0.026716411408298148,
          0.017380136654244174,
          -0.013368818483212384,
          0.017208773000214648,
          0.020147242386502156
        ]
      },
      "names": [
        "xc(0)",
        "xs(1)",
        "xc(1)",
        "xs(2)",
        "xc(2)",
        "xs(3)",
        "xc(3)",
        "xs(4)",
        "xc(4)",
        "yc(0)",
        "ys(1)",
        "yc(1)",
        "ys(2)",
        "yc(2)",
        "ys(3)",
        "yc(3)",
        "ys(4)",
        "yc(4)",
        "zc(0)",
        "zs(1)",
        "zc(1)",
        "zs(2)",
        "zc(2)",
        "zs(3)",
        "zc(3)",
        "zs(4)",
        "zc(4)"
      ],
      "free": {
        "@module": "numpy",
        "@class": "array",
        "dtype": "bool",
        "data": [
          true,
          true,
          true,
          true,
          true,
          true,
          true,
          true,
          true,
          true,
          true,
          true,
          true,
          true,
          true,
          true,
          true,
          true,
          true,
          true,
          true,
          true,
          true,
          true,
          true,
          true,
          true
        ]
      },
      "lower_bounds": {
        "@module": "numpy",
        "@class": "array",
        "dtype": "float64",
        "data": [
          -Infinity,
          -Infinity,
          -Infinity,
          -Infinity,
          -Infinity,
          -Infinity,
          -Infinity,
          -Infinity,
          -Infinity,
          -Infinity,
          -Infinity,
          -Infinity,
          -Infinity,
          -Infinity,
          -Infinity,
          -Infinity,
          -Infinity,
          -Infinity,
          -Infinity,
          -Infinity,
          -Infinity,
          -Infinity,
          -Infinity,
          -Infinity,
          -Infinity,
          -Infinity,
          -Infinity
        ]
      },
      "upper_bounds": {
        "@module": "numpy",
        "@class": "array",
        "dtype": "float64",
        "data": [
          Infinity,
          Infinity,
          Infinity,
          Infinity,
          Infinity,
          Infinity,
          Infinity,
          Infinity,
          Infinity,
          Infinity,
          Infinity,
          Infinity,
          Infinity,
          Infinity,
          Infinity,
          Infinity,
          Infinity,
          Infinity,
          Infinity,
          Infinity,
          Infinity,
          Infinity,
          Infinity,
          Infinity,
          Infinity,
          Infinity,
          Infinity
        ]
      }
    },
    "CurveXYZFourier1": {
      "@module": "simsopt.geo.curvexyzfourier",
      "@class": "CurveXYZFourier",
      "@name": "CurveXYZFourier1",
      "@version": "0.1.dev5270+gee055f063",
      "quadpoints": {
        "@module": "numpy",
        "@class": "array",
        "dtype": "float64",
        "data": [
          0.0,
          0.00390625,
          0.0078125,
          0.01171875,
          0.015625,
          0.01953125,
          0.0234375,
          0.02734375,
          0.03125,
          0.03515625,
          0.0390625,
          0.04296875,
          0.046875,
          0.05078125,
          0.0546875,
          0.05859375,
          0.0625,
          0.06640625,
          0.0703125,
          0.07421875,
          0.078125,
          0.08203125,
          0.0859375,
          0.08984375,
          0.09375,
          0.09765625,
          0.1015625,
          0.10546875,
          0.109375,
          0.11328125,
          0.1171875,
          0.12109375,
          0.125,
          0.12890625,
          0.1328125,
          0.13671875,
          0.140625,
          0.14453125,
          0.1484375,
          0.15234375,
          0.15625,
          0.16015625,
          0.1640625,
          0.16796875,
          0.171875,
          0.17578125,
          0.1796875,
          0.18359375,
          0.1875,
          0.19140625,
          0.1953125,
          0.19921875,
          0.203125,
          0.20703125,
          0.2109375,
          0.21484375,
          0.21875,
          0.22265625,
          0.2265625,
          0.23046875,
          0.234375,
          0.23828125,
          0.2421875,
          0.24609375,
          0.25,
          0.25390625,
          0.2578125,
          0.26171875,
          0.265625,
          0.26953125,
          0.2734375,
          0.27734375,
          0.28125,
          0.28515625,
          0.2890625,
          0.29296875,
          0.296875,
          0.30078125,
          0.3046875,
          0.30859375,
          0.3125,
          0.31640625,
          0.3203125,
          0.32421875,
          0.328125,
          0.33203125,
          0.3359375,
          0.33984375,
          0.34375,
          0.34765625,
          0.3515625,
          0.35546875,
          0.359375,
          0.36328125,
          0.3671875,
          0.37109375,
          0.375,
          0.37890625,
          0.3828125,
          0.38671875,
          0.390625,
          0.39453125,
          0.3984375,
          0.40234375,
          0.40625,
          0.41015625,
          0.4140625,
          0.41796875,
          0.421875,
          0.42578125,
          0.4296875,
          0.43359375,
          0.4375,
          0.44140625,
          0.4453125,
          0.44921875,
          0.453125,
          0.45703125,
          0.4609375,
          0.46484375,
          0.46875,
          0.47265625,
          0.4765625,
          0.48046875,
          0.484375,
          0.48828125,
          0.4921875,
          0.49609375,
          0.5,
          0.50390625,
          0.5078125,
          0.51171875,
          0.515625,
          0.51953125,
          0.5234375,
          0.52734375,
          0.53125,
          0.53515625,
          0.5390625,
          0.54296875,
          0.546875,
          0.55078125,
          0.5546875,
          0.55859375,
          0.5625,
          0.56640625,
          0.5703125,
          0.57421875,
          0.578125,
          0.58203125,
          0.5859375,
          0.58984375,
          0.59375,
          0.59765625,
          0.6015625,
          0.60546875,
          0.609375,
          0.61328125,
          0.6171875,
          0.62109375,
          0.625,
          0.62890625,
          0.6328125,
          0.63671875,
          0.640625,
          0.64453125,
          0.6484375,
          0.65234375,
          0.65625,
          0.66015625,
          0.6640625,
          0.66796875,
          0.671875,
          0.67578125,
          0.6796875,
          0.68359375,
          0.6875,
          0.69140625,
          0.6953125,
          0.69921875,
          0.703125,
          0.70703125,
          0.7109375,
          0.71484375,
          0.71875,
          0.72265625,
          0.7265625,
          0.73046875,
          0.734375,
          0.73828125,
          0.7421875,
          0.74609375,
          0.75,
          0.75390625,
          0.7578125,
          0.76171875,
          0.765625,
          0.76953125,
          0.7734375,
          0.77734375,
          0.78125,
          0.78515625,
          0.7890625,
          0.79296875,
          0.796875,
          0.80078125,
          0.8046875,
          0.80859375,
          0.8125,
          0.81640625,
          0.8203125,
          0.82421875,
          0.828125,
          0.83203125,
          0.8359375,
          0.83984375,
          0.84375,
          0.84765625,
          0.8515625,
          0.85546875,
          0.859375,
          0.86328125,
          0.8671875,
          0.87109375,
          0.875,
          0.87890625,
          0.8828125,
          0.88671875,
          0.890625,
          0.89453125,
          0.8984375,
          0.90234375,
          0.90625,
          0.91015625,
          0.9140625,
          0.91796875,
          0.921875,
          0.92578125,
          0.9296875,
          0.93359375,
          0.9375,
          0.94140625,
          0.9453125,
          0.94921875,
          0.953125,
          0.95703125,
          0.9609375,
          0.96484375,
          0.96875,
          0.97265625,
          0.9765625,
          0.98046875,
          0.984375,
          0.98828125,
          0.9921875,
          0.99609375
        ]
      },
      "order": 4,
      "dofs": {
        "$type": "ref",
        "value": "140425471680368"
      }
    },
    "140425443673296": {
      "@module": "simsopt._core.optimizable",
      "@class": "DOFs",
      "@name": "140425443673296",
      "@version": "0.1.dev5270+gee055f063",
      "x": {
        "@module": "numpy",
        "@class": "array",
        "dtype": "float64",
        "data": [
          0.031797024705812464
        ]
      },
      "names": [
        "x0"
      ],
      "free": {
        "@module": "numpy",
        "@class": "array",
        "dtype": "bool",
        "data": [
          true
        ]
      },
      "lower_bounds": {
        "@module": "numpy",
        "@class": "array",
        "dtype": "float64",
        "data": [
          -Infinity
        ]
      },
      "upper_bounds": {
        "@module": "numpy",
        "@class": "array",
        "dtype": "float64",
        "data": [
          Infinity
        ]
      }
    },
    "Current9": {
      "@module": "simsopt.field.coil",
      "@class": "Current",
      "@name": "Current9",
      "@version": "0.1.dev5270+gee055f063",
      "current": 0.031797024705812464,
      "dofs": {
        "$type": "ref",
        "value": "140425443673296"
      }
    },
    "ScaledCurrent25": {
      "@module": "simsopt.field.coil",
      "@class": "ScaledCurrent",
      "@name": "ScaledCurrent25",
      "@version": "0.1.dev5270+gee055f063",
      "current_to_scale": {
        "$type": "ref",
        "value": "Current9"
      },
      "scale": 10000000.0
    },
    "RegularizedCoil33": {
      "@module": "simsopt.field.coil",
      "@class": "RegularizedCoil",
      "@name": "RegularizedCoil33",
      "@version": "0.1.dev5270+gee055f063",
      "curve": {
        "$type": "ref",
        "value": "CurveXYZFourier1"
      },
      "current": {
        "$type": "ref",
        "value": "ScaledCurrent25"
      },
      "regularization": {
        "@module": "numpy",
        "@class": "array",
        "dtype": "float64",
        "data": 0.0009704490555402135
      }
    },
    "140425471680848": {
      "@module": "simsopt._core.optimizable",
      "@class": "DOFs",
      "@name": "140425471680848",
      "@version": "0.1.dev5270+gee055f063",
      "x": {
        "@module": "numpy",
        "@class": "array",
        "dtype": "float64",
        "data": [
          0.8536270002593114,
          0.011769550643095093,
          0.320429081554313,
          -0.0033061645131306043,
          0.02736573081377669,
          -0.009259444550303591,
          -0.014242114861806767,
          0.012736311782589752,
          -0.001322224119398147,
          0.5586120919805392,
          0.0019123403865174324,
          0.2315283117736996,
          -0.01356443889822204,
          0.005713941424662118,
          0.008064009757061496,
          -0.011547419377791326,
          0.0034170671923849883,
          0.010312837229290257,
          0.03633699588511965,
          -0.4337954663183948,
          -0.011141361975746002,
          0.006923999495355644,
          -0.02576911494875299,
          0.019182146656155145,
          0.02524451370205569,
          -0.026832769481206428,
          0.003116441323098577
        ]
      },
      "names": [
        "xc(0)",
        "xs(1)",
        "xc(1)",
        "xs(2)",
        "xc(2)",
        "xs(3)",
        "xc(3)",
        "xs(4)",
        "xc(4)",
        "yc(0)",
        "ys(1)",
        "yc(1)",
        "ys(2)",
        "yc(2)",
        "ys(3)",
        "yc(3)",
        "ys(4)",
        "yc(4)",
        "zc(0)",
        "zs(1)",
        "zc(1)",
        "zs(2)",
        "zc(2)",
        "zs(3)",
        "zc(3)",
        "zs(4)",
        "zc(4)"
      ],
      "free": {
        "@module": "numpy",
        "@class": "array",
        "dtype": "bool",
        "data": [
          true,
          true,
          true,
          true,
          true,
          true,
          true,
          true,
          true,
          true,
          true,
          true,
          true,
          true,
          true,
          true,
          true,
          true,
          true,
          true,
          true,
          true,
          true,
          true,
          true,
          true,
          true
        ]
      },
      "lower_bounds": {
        "@module": "numpy",
        "@class": "array",
        "dtype": "float64",
        "data": [
          -Infinity,
          -Infinity,
          -Infinity,
          -Infinity,
          -Infinity,
          -Infinity,
          -Infinity,
          -Infinity,
          -Infinity,
          -Infinity,
          -Infinity,
          -Infinity,
          -Infinity,
          -Infinity,
          -Infinity,
          -Infinity,
          -Infinity,
          -Infinity,
          -Infinity,
          -Infinity,
          -Infinity,
          -Infinity,
          -Infinity,
          -Infinity,
          -Infinity,
          -Infinity,
          -Infinity
        ]
      },
      "upper_bounds": {
        "@module": "numpy",
        "@class": "array",
        "dtype": "float64",
        "data": [
          Infinity,
          Infinity,
          Infinity,
          Infinity,
          Infinity,
          Infinity,
          Infinity,
          Infinity,
          Infinity,
          Infinity,
          Infinity,
          Infinity,
          Infinity,
          Infinity,
          Infinity,
          Infinity,
          Infinity,
          Infinity,
          Infinity,
          Infinity,
          Infinity,
          Infinity,
          Infinity,
          Infinity,
          Infinity,
          Infinity,
          Infinity
        ]
      }
    },
    "CurveXYZFourier2": {
      "@module": "simsopt.geo.curvexyzfourier",
      "@class": "CurveXYZFourier",
      "@name": "CurveXYZFourier2",
      "@version": "0.1.dev5270+gee055f063",
      "quadpoints": {
        "@module": "numpy",
        "@class": "array",
        "dtype": "float64",
        "data": [
          0.0,
          0.00390625,
          0.0078125,
          0.01171875,
          0.015625,
          0.01953125,
          0.0234375,
          0.02734375,
          0.03125,
          0.03515625,
          0.0390625,
          0.04296875,
          0.046875,
          0.05078125,
          0.0546875,
          0.05859375,
          0.0625,
          0.06640625,
          0.0703125,
          0.07421875,
          0.078125,
          0.08203125,
          0.0859375,
          0.08984375,
          0.09375,
          0.09765625,
          0.1015625,
          0.10546875,
          0.109375,
          0.11328125,
          0.1171875,
          0.12109375,
          0.125,
          0.12890625,
          0.1328125,
          0.13671875,
          0.140625,
          0.14453125,
          0.1484375,
          0.15234375,
          0.15625,
          0.16015625,
          0.1640625,
          0.16796875,
          0.171875,
          0.17578125,
          0.1796875,
          0.18359375,
          0.1875,
          0.19140625,
          0.1953125,
          0.19921875,
          0.203125,
          0.20703125,
          0.2109375,
          0.21484375,
          0.21875,
          0.22265625,
          0.2265625,
          0.23046875,
          0.234375,
          0.23828125,
          0.2421875,
          0.24609375,
          0.25,
          0.25390625,
          0.2578125,
          0.26171875,
          0.265625,
          0.26953125,
          0.2734375,
          0.27734375,
          0.28125,
          0.28515625,
          0.2890625,
          0.29296875,
          0.296875,
          0.30078125,
          0.3046875,
          0.30859375,
          0.3125,
          0.31640625,
          0.3203125,
          0.32421875,
          0.328125,
          0.33203125,
          0.3359375,
          0.33984375,
          0.34375,
          0.34765625,
          0.3515625,
          0.35546875,
          0.359375,
          0.36328125,
          0.3671875,
          0.37109375,
          0.375,
          0.37890625,
          0.3828125,
          0.38671875,
          0.390625,
          0.39453125,
          0.3984375,
          0.40234375,
          0.40625,
          0.41015625,
          0.4140625,
          0.41796875,
          0.421875,
          0.42578125,
          0.4296875,
          0.43359375,
          0.4375,
          0.44140625,
          0.4453125,
          0.44921875,
          0.453125,
          0.45703125,
          0.4609375,
          0.46484375,
          0.46875,
          0.47265625,
          0.4765625,
          0.48046875,
          0.484375,
          0.48828125,
          0.4921875,
          0.49609375,
          0.5,
          0.50390625,
          0.5078125,
          0.51171875,
          0.515625,
          0.51953125,
          0.5234375,
          0.52734375,
          0.53125,
          0.53515625,
          0.5390625,
          0.54296875,
          0.546875,
          0.55078125,
          0.5546875,
          0.55859375,
          0.5625,
          0.56640625,
          0.5703125,
          0.57421875,
          0.578125,
          0.58203125,
          0.5859375,
          0.58984375,
          0.59375,
          0.59765625,
          0.6015625,
          0.60546875,
          0.609375,
          0.61328125,
          0.6171875,
          0.62109375,
          0.625,
          0.62890625,
          0.6328125,
          0.63671875,
          0.640625,
          0.64453125,
          0.6484375,
          0.65234375,
          0.65625,
          0.66015625,
          0.6640625,
          0.66796875,
          0.671875,
          0.67578125,
          0.6796875,
          0.68359375,
          0.6875,
          0.69140625,
          0.6953125,
          0.69921875,
          0.703125,
          0.70703125,
          0.7109375,
          0.71484375,
          0.71875,
          0.72265625,
          0.7265625,
          0.73046875,
          0.734375,
          0.73828125,
          0.7421875,
          0.74609375,
          0.75,
          0.75390625,
          0.7578125,
          0.76171875,
          0.765625,
          0.76953125,
          0.7734375,
          0.77734375,
          0.78125,
          0.78515625,
          0.7890625,
          0.79296875,
          0.796875,
          0.80078125,
          0.8046875,
          0.80859375,
          0.8125,
          0.81640625,
          0.8203125,
          0.82421875,
          0.828125,
          0.83203125,
          0.8359375,
          0.83984375,
          0.84375,
          0.84765625,
          0.8515625,
          0.85546875,
          0.859375,
          0.86328125,
          0.8671875,
          0.87109375,
          0.875,
          0.87890625,
          0.8828125,
          0.88671875,
          0.890625,
          0.89453125,
          0.8984375,
          0.90234375,
          0.90625,
          0.91015625,
          0.9140625,
          0.91796875,
          0.921875,
          0.92578125,
          0.9296875,
          0.93359375,
          0.9375,
          0.94140625,
          0.9453125,
          0.94921875,
          0.953125,
          0.95703125,
          0.9609375,
          0.96484375,
          0.96875,
          0.97265625,
          0.9765625,
          0.98046875,
          0.984375,
          0.98828125,
          0.9921875,
          0.99609375
        ]
      },
      "order": 4,
      "dofs": {
        "$type": "ref",
        "value": "140425471680848"
      }
    },
    "140425443679824": {
      "@module": "simsopt._core.optimizable",
      "@class": "DOFs",
      "@name": "140425443679824",
      "@version": "0.1.dev5270+gee055f063",
      "x": {
        "@module": "numpy",
        "@class": "array",
        "dtype": "float64",
        "data": [
          0.0306015923186975
        ]
      },
      "names": [
        "x0"
      ],
      "free": {
        "@module": "numpy",
        "@class": "array",
        "dtype": "bool",
        "data": [
          true
        ]
      },
      "lower_bounds": {
        "@module": "numpy",
        "@class": "array",
        "dtype": "float64",
        "data": [
          -Infinity
        ]
      },
      "upper_bounds": {
        "@module": "numpy",
        "@class": "array",
        "dtype": "float64",
        "data": [
          Infinity
        ]
      }
    },
    "Current10": {
      "@module": "simsopt.field.coil",
      "@class": "Current",
      "@name": "Current10",
      "@version": "0.1.dev5270+gee055f063",
      "current": 0.0306015923186975,
      "dofs": {
        "$type": "ref",
        "value": "140425443679824"
      }
    },
    "ScaledCurrent26": {
      "@module": "simsopt.field.coil",
      "@class": "ScaledCurrent",
      "@name": "ScaledCurrent26",
      "@version": "0.1.dev5270+gee055f063",
      "current_to_scale": {
        "$type": "ref",
        "value": "Current10"
      },
      "scale": 10000000.0
    },
    "RegularizedCoil34": {
      "@module": "simsopt.field.coil",
      "@class": "RegularizedCoil",
      "@name": "RegularizedCoil34",
      "@version": "0.1.dev5270+gee055f063",
      "curve": {
        "$type": "ref",
        "value": "CurveXYZFourier2"
      },
      "current": {
        "$type": "ref",
        "value": "ScaledCurrent26"
      },
      "regularization": {
        "@module": "numpy",
        "@class": "array",
        "dtype": "float64",
        "data": 0.0009704490555402135
      }
    },
    "140425471681616": {
      "@module": "simsopt._core.optimizable",
      "@class": "DOFs",
      "@name": "140425471681616",
      "@version": "0.1.dev5270+gee055f063",
      "x": {
        "@module": "numpy",
        "@class": "array",
        "dtype": "float64",
        "data": [
          0.5620934679195206,
          0.020253465913901737,
          0.21625494186810562,
          -0.017362258917739768,
          0.018968991815342354,
          0.009013143550625862,
          -0.02161254814367587,
          0.001957195238280219,
          0.019354376687524717,
          0.8298545325166162,
          0.006386336719313173,
          0.3474079378515599,
          -0.01827056455635678,
          -0.0009422588163791996,
          0.021789275606590948,
          -0.0047325369854931765,
          -0.015687957734325072,
          0.012951801074548137,
          0.021461009175517104,
          -0.4141917607829824,
          -0.01683133862554207,
          0.007900806753845585,
          0.004049954610264365,
          -0.01131535235935637,
          0.009176443186003167,
          0.004520250037193314,
          -0.015410503143113364
        ]
      },
      "names": [
        "xc(0)",
        "xs(1)",
        "xc(1)",
        "xs(2)",
        "xc(2)",
        "xs(3)",
        "xc(3)",
        "xs(4)",
        "xc(4)",
        "yc(0)",
        "ys(1)",
        "yc(1)",
        "ys(2)",
        "yc(2)",
        "ys(3)",
        "yc(3)",
        "ys(4)",
        "yc(4)",
        "zc(0)",
        "zs(1)",
        "zc(1)",
        "zs(2)",
        "zc(2)",
        "zs(3)",
        "zc(3)",
        "zs(4)",
        "zc(4)"
      ],
      "free": {
        "@module": "numpy",
        "@class": "array",
        "dtype": "bool",
        "data": [
          true,
          true,
          true,
          true,
          true,
          true,
          true,
          true,
          true,
          true,
          true,
          true,
          true,
          true,
          true,
          true,
          true,
          true,
          true,
          true,
          true,
          true,
          true,
          true,
          true,
          true,
          true
        ]
      },
      "lower_bounds": {
        "@module": "numpy",
        "@class": "array",
        "dtype": "float64",
        "data": [
          -Infinity,
          -Infinity,
          -Infinity,
          -Infinity,
          -Infinity,
          -Infinity,
          -Infinity,
          -Infinity,
          -Infinity,
          -Infinity,
          -Infinity,
          -Infinity,
          -Infinity,
          -Infinity,
          -Infinity,
          -Infinity,
          -Infinity,
          -Infinity,
          -Infinity,
          -Infinity,
          -Infinity,
          -Infinity,
          -Infinity,
          -Infinity,
          -Infinity,
          -Infinity,
          -Infinity
        ]
      },
      "upper_bounds": {
        "@module": "numpy",
        "@class": "array",
        "dtype": "float64",
        "data": [
          Infinity,
          Infinity,
          Infinity,
          Infinity,
          Infinity,
          Infinity,
          Infinity,
          Infinity,
          Infinity,
          Infinity,
          Infinity,
          Infinity,
          Infinity,
          Infinity,
          Infinity,
          Infinity,
          Infinity,
          Infinity,
          Infinity,
          Infinity,
          Infinity,
          Infinity,
          Infinity,
          Infinity,
          Infinity,
          Infinity,
          Infinity
        ]
      }
    },
    "CurveXYZFourier3": {
      "@module": "simsopt.geo.curvexyzfourier",
      "@class": "CurveXYZFourier",
      "@name": "CurveXYZFourier3",
      "@version": "0.1.dev5270+gee055f063",
      "quadpoints": {
        "@module": "numpy",
        "@class": "array",
        "dtype": "float64",
        "data": [
          0.0,
          0.00390625,
          0.0078125,
          0.01171875,
          0.015625,
          0.01953125,
          0.0234375,
          0.02734375,
          0.03125,
          0.03515625,
          0.0390625,
          0.04296875,
          0.046875,
          0.05078125,
          0.0546875,
          0.05859375,
          0.0625,
          0.06640625,
          0.0703125,
          0.07421875,
          0.078125,
          0.08203125,
          0.0859375,
          0.08984375,
          0.09375,
          0.09765625,
          0.1015625,
          0.10546875,
          0.109375,
          0.11328125,
          0.1171875,
          0.12109375,
          0.125,
          0.12890625,
          0.1328125,
          0.13671875,
          0.140625,
          0.14453125,
          0.1484375,
          0.15234375,
          0.15625,
          0.16015625,
          0.1640625,
          0.16796875,
          0.171875,
          0.17578125,
          0.1796875,
          0.18359375,
          0.1875,
          0.19140625,
          0.1953125,
          0.19921875,
          0.203125,
          0.20703125,
          0.2109375,
          0.21484375,
          0.21875,
          0.22265625,
          0.2265625,
          0.23046875,
          0.234375,
          0.23828125,
          0.2421875,
          0.24609375,
          0.25,
          0.25390625,
          0.2578125,
          0.26171875,
          0.265625,
          0.26953125,
          0.2734375,
          0.27734375,
          0.28125,
          0.28515625,
          0.2890625,
          0.29296875,
          0.296875,
          0.30078125,
          0.3046875,
          0.30859375,
          0.3125,
          0.31640625,
          0.3203125,
          0.32421875,
          0.328125,
          0.33203125,
          0.3359375,
          0.33984375,
          0.34375,
          0.34765625,
          0.3515625,
          0.35546875,
          0.359375,
          0.36328125,
          0.3671875,
          0.37109375,
          0.375,
          0.37890625,
          0.3828125,
          0.38671875,
          0.390625,
          0.39453125,
          0.3984375,
          0.40234375,
          0.40625,
          0.41015625,
          0.4140625,
          0.41796875,
          0.421875,
          0.42578125,
          0.4296875,
          0.43359375,
          0.4375,
          0.44140625,
          0.4453125,
          0.44921875,
          0.453125,
          0.45703125,
          0.4609375,
          0.46484375,
          0.46875,
          0.47265625,
          0.4765625,
          0.48046875,
          0.484375,
          0.48828125,
          0.4921875,
          0.49609375,
          0.5,
          0.50390625,
          0.5078125,
          0.51171875,
          0.515625,
          0.51953125,
          0.5234375,
          0.52734375,
          0.53125,
          0.53515625,
          0.5390625,
          0.54296875,
          0.546875,
          0.55078125,
          0.5546875,
          0.55859375,
          0.5625,
          0.56640625,
          0.5703125,
          0.57421875,
          0.578125,
          0.58203125,
          0.5859375,
          0.58984375,
          0.59375,
          0.59765625,
          0.6015625,
          0.60546875,
          0.609375,
          0.61328125,
          0.6171875,
          0.62109375,
          0.625,
          0.62890625,
          0.6328125,
          0.63671875,
          0.640625,
          0.64453125,
          0.6484375,
          0.65234375,
          0.65625,
          0.66015625,
          0.6640625,
          0.66796875,
          0.671875,
          0.67578125,
          0.6796875,
          0.68359375,
          0.6875,
          0.69140625,
          0.6953125,
          0.69921875,
          0.703125,
          0.70703125,
          0.7109375,
          0.71484375,
          0.71875,
          0.72265625,
          0.7265625,
          0.73046875,
          0.734375,
          0.73828125,
          0.7421875,
          0.74609375,
          0.75,
          0.75390625,
          0.7578125,
          0.76171875,
          0.765625,
          0.76953125,
          0.7734375,
          0.77734375,
          0.78125,
          0.78515625,
          0.7890625,
          0.79296875,
          0.796875,
          0.80078125,
          0.8046875,
          0.80859375,
          0.8125,
          0.81640625,
          0.8203125,
          0.82421875,
          0.828125,
          0.83203125,
          0.8359375,
          0.83984375,
          0.84375,
          0.84765625,
          0.8515625,
          0.85546875,
          0.859375,
          0.86328125,
          0.8671875,
          0.87109375,
          0.875,
          0.87890625,
          0.8828125,
          0.88671875,
          0.890625,
          0.89453125,
          0.8984375,
          0.90234375,
          0.90625,
          0.91015625,
          0.9140625,
          0.91796875,
          0.921875,
          0.92578125,
          0.9296875,
          0.93359375,
          0.9375,
          0.94140625,
          0.9453125,
          0.94921875,
          0.953125,
          0.95703125,
          0.9609375,
          0.96484375,
          0.96875,
          0.97265625,
          0.9765625,
          0.98046875,
          0.984375,
          0.98828125,
          0.9921875,
          0.99609375
        ]
      },
      "order": 4,
      "dofs": {
        "$type": "ref",
        "value": "140425471681616"
      }
    },
    "140425443680880": {
      "@module": "simsopt._core.optimizable",
      "@class": "DOFs",
      "@name": "140425443680880",
      "@version": "0.1.dev5270+gee055f063",
      "x": {
        "@module": "numpy",
        "@class": "array",
        "dtype": "float64",
        "data": [
          0.031544303543658475
        ]
      },
      "names": [
        "x0"
      ],
      "free": {
        "@module": "numpy",
        "@class": "array",
        "dtype": "bool",
        "data": [
          true
        ]
      },
      "lower_bounds": {
        "@module": "numpy",
        "@class": "array",
        "dtype": "float64",
        "data": [
          -Infinity
        ]
      },
      "upper_bounds": {
        "@module": "numpy",
        "@class": "array",
        "dtype": "float64",
        "data": [
          Infinity
        ]
      }
    },
    "Current11": {
      "@module": "simsopt.field.coil",
      "@class": "Current",
      "@name": "Current11",
      "@version": "0.1.dev5270+gee055f063",
      "current": 0.031544303543658475,
      "dofs": {
        "$type": "ref",
        "value": "140425443680880"
      }
    },
    "ScaledCurrent27": {
      "@module": "simsopt.field.coil",
      "@class": "ScaledCurrent",
      "@name": "ScaledCurrent27",
      "@version": "0.1.dev5270+gee055f063",
      "current_to_scale": {
        "$type": "ref",
        "value": "Current11"
      },
      "scale": 10000000.0
    },
    "RegularizedCoil35": {
      "@module": "simsopt.field.coil",
      "@class": "RegularizedCoil",
      "@name": "RegularizedCoil35",
      "@version": "0.1.dev5270+gee055f063",
      "curve": {
        "$type": "ref",
        "value": "CurveXYZFourier3"
      },
      "current": {
        "$type": "ref",
        "value": "ScaledCurrent27"
      },
      "regularization": {
        "@module": "numpy",
        "@class": "array",
        "dtype": "float64",
        "data": 0.0009704490555402135
      }
    },
    "140425471682384": {
      "@module": "simsopt._core.optimizable",
      "@class": "DOFs",
      "@name": "140425471682384",
      "@version": "0.1.dev5270+gee055f063",
      "x": {
        "@module": "numpy",
        "@class": "array",
        "dtype": "float64",
        "data": [
          0.19591297459189522,
          0.017998410403844457,
          0.0775259542615462,
          -0.019709618370085356,
          0.0043978543203140215,
          0.018357806095211558,
          -0.005925421102270422,
          -0.01546352644324116,
          0.007373700426660703,
          0.9730884289783519,
          0.004233036397721499,
          0.4155510332968139,
          -0.010455224568645543,
          -0.016499363022621037,
          0.016418445731270218,
          0.021534490777290995,
          -0.020117692170724698,
          -0.019756458434666353,
          0.007477203011534253,
          -0.4018830706769954,
          -0.007755311219807059,
          -0.008234433971920642,
          0.006942483603791581,
          6.372030930304962e-05,
          -0.004967858059435885,
          0.004155603735573758,
          0.0028501752971668392
        ]
      },
      "names": [
        "xc(0)",
        "xs(1)",
        "xc(1)",
        "xs(2)",
        "xc(2)",
        "xs(3)",
        "xc(3)",
        "xs(4)",
        "xc(4)",
        "yc(0)",
        "ys(1)",
        "yc(1)",
        "ys(2)",
        "yc(2)",
        "ys(3)",
        "yc(3)",
        "ys(4)",
        "yc(4)",
        "zc(0)",
        "zs(1)",
        "zc(1)",
        "zs(2)",
        "zc(2)",
        "zs(3)",
        "zc(3)",
        "zs(4)",
        "zc(4)"
      ],
      "free": {
        "@module": "numpy",
        "@class": "array",
        "dtype": "bool",
        "data": [
          true,
          true,
          true,
          true,
          true,
          true,
          true,
          true,
          true,
          true,
          true,
          true,
          true,
          true,
          true,
          true,
          true,
          true,
          true,
          true,
          true,
          true,
          true,
          true,
          true,
          true,
          true
        ]
      },
      "lower_bounds": {
        "@module": "numpy",
        "@class": "array",
        "dtype": "float64",
        "data": [
          -Infinity,
          -Infinity,
          -Infinity,
          -Infinity,
          -Infinity,
          -Infinity,
          -Infinity,
          -Infinity,
          -Infinity,
          -Infinity,
          -Infinity,
          -Infinity,
          -Infinity,
          -Infinity,
          -Infinity,
          -Infinity,
          -Infinity,
          -Infinity,
          -Infinity,
          -Infinity,
          -Infinity,
          -Infinity,
          -Infinity,
          -Infinity,
          -Infinity,
          -Infinity,
          -Infinity
        ]
      },
      "upper_bounds": {
        "@module": "numpy",
        "@class": "array",
        "dtype": "float64",
        "data": [
          Infinity,
          Infinity,
          Infinity,
          Infinity,
          Infinity,
          Infinity,
          Infinity,
          Infinity,
          Infinity,
          Infinity,
          Infinity,
          Infinity,
          Infinity,
          Infinity,
          Infinity,
          Infinity,
          Infinity,
          Infinity,
          Infinity,
          Infinity,
          Infinity,
          Infinity,
          Infinity,
          Infinity,
          Infinity,
          Infinity,
          Infinity
        ]
      }
    },
    "CurveXYZFourier4": {
      "@module": "simsopt.geo.curvexyzfourier",
      "@class": "CurveXYZFourier",
      "@name": "CurveXYZFourier4",
      "@version": "0.1.dev5270+gee055f063",
      "quadpoints": {
        "@module": "numpy",
        "@class": "array",
        "dtype": "float64",
        "data": [
          0.0,
          0.00390625,
          0.0078125,
          0.01171875,
          0.015625,
          0.01953125,
          0.0234375,
          0.02734375,
          0.03125,
          0.03515625,
          0.0390625,
          0.04296875,
          0.046875,
          0.05078125,
          0.0546875,
          0.05859375,
          0.0625,
          0.06640625,
          0.0703125,
          0.07421875,
          0.078125,
          0.08203125,
          0.0859375,
          0.08984375,
          0.09375,
          0.09765625,
          0.1015625,
          0.10546875,
          0.109375,
          0.11328125,
          0.1171875,
          0.12109375,
          0.125,
          0.12890625,
          0.1328125,
          0.13671875,
          0.140625,
          0.14453125,
          0.1484375,
          0.15234375,
          0.15625,
          0.16015625,
          0.1640625,
          0.16796875,
          0.171875,
          0.17578125,
          0.1796875,
          0.18359375,
          0.1875,
          0.19140625,
          0.1953125,
          0.19921875,
          0.203125,
          0.20703125,
          0.2109375,
          0.21484375,
          0.21875,
          0.22265625,
          0.2265625,
          0.23046875,
          0.234375,
          0.23828125,
          0.2421875,
          0.24609375,
          0.25,
          0.25390625,
          0.2578125,
          0.26171875,
          0.265625,
          0.26953125,
          0.2734375,
          0.27734375,
          0.28125,
          0.28515625,
          0.2890625,
          0.29296875,
          0.296875,
          0.30078125,
          0.3046875,
          0.30859375,
          0.3125,
          0.31640625,
          0.3203125,
          0.32421875,
          0.328125,
          0.33203125,
          0.3359375,
          0.33984375,
          0.34375,
          0.34765625,
          0.3515625,
          0.35546875,
          0.359375,
          0.36328125,
          0.3671875,
          0.37109375,
          0.375,
          0.37890625,
          0.3828125,
          0.38671875,
          0.390625,
          0.39453125,
          0.3984375,
          0.40234375,
          0.40625,
          0.41015625,
          0.4140625,
          0.41796875,
          0.421875,
          0.42578125,
          0.4296875,
          0.43359375,
          0.4375,
          0.44140625,
          0.4453125,
          0.44921875,
          0.453125,
          0.45703125,
          0.4609375,
          0.46484375,
          0.46875,
          0.47265625,
          0.4765625,
          0.48046875,
          0.484375,
          0.48828125,
          0.4921875,
          0.49609375,
          0.5,
          0.50390625,
          0.5078125,
          0.51171875,
          0.515625,
          0.51953125,
          0.5234375,
          0.52734375,
          0.53125,
          0.53515625,
          0.5390625,
          0.54296875,
          0.546875,
          0.55078125,
          0.5546875,
          0.55859375,
          0.5625,
          0.56640625,
          0.5703125,
          0.57421875,
          0.578125,
          0.58203125,
          0.5859375,
          0.58984375,
          0.59375,
          0.59765625,
          0.6015625,
          0.60546875,
          0.609375,
          0.61328125,
          0.6171875,
          0.62109375,
          0.625,
          0.62890625,
          0.6328125,
          0.63671875,
          0.640625,
          0.64453125,
          0.6484375,
          0.65234375,
          0.65625,
          0.66015625,
          0.6640625,
          0.66796875,
          0.671875,
          0.67578125,
          0.6796875,
          0.68359375,
          0.6875,
          0.69140625,
          0.6953125,
          0.69921875,
          0.703125,
          0.70703125,
          0.7109375,
          0.71484375,
          0.71875,
          0.72265625,
          0.7265625,
          0.73046875,
          0.734375,
          0.73828125,
          0.7421875,
          0.74609375,
          0.75,
          0.75390625,
          0.7578125,
          0.76171875,
          0.765625,
          0.76953125,
          0.7734375,
          0.77734375,
          0.78125,
          0.78515625,
          0.7890625,
          0.79296875,
          0.796875,
          0.80078125,
          0.8046875,
          0.80859375,
          0.8125,
          0.81640625,
          0.8203125,
          0.82421875,
          0.828125,
          0.83203125,
          0.8359375,
          0.83984375,
          0.84375,
          0.84765625,
          0.8515625,
          0.85546875,
          0.859375,
          0.86328125,
          0.8671875,
          0.87109375,
          0.875,
          0.87890625,
          0.8828125,
          0.88671875,
          0.890625,
          0.89453125,
          0.8984375,
          0.90234375,
          0.90625,
          0.91015625,
          0.9140625,
          0.91796875,
          0.921875,
          0.92578125,
          0.9296875,
          0.93359375,
          0.9375,
          0.94140625,
          0.9453125,
          0.94921875,
          0.953125,
          0.95703125,
          0.9609375,
          0.96484375,
          0.96875,
          0.97265625,
          0.9765625,
          0.98046875,
          0.984375,
          0.98828125,
          0.9921875,
          0.99609375
        ]
      },
      "order": 4,
      "dofs": {
        "$type": "ref",
        "value": "140425471682384"
      }
    },
    "140425443682032": {
      "@module": "simsopt._core.optimizable",
      "@class": "DOFs",
      "@name": "140425443682032",
      "@version": "0.1.dev5270+gee055f063",
      "x": {
        "@module": "numpy",
        "@class": "array",
        "dtype": "float64",
        "data": [
          1249984.3233504083
        ]
      },
      "names": [
        "x0"
      ],
      "free": {
        "@module": "numpy",
        "@class": "array",
        "dtype": "bool",
        "data": [
          false
        ]
      },
      "lower_bounds": {
        "@module": "numpy",
        "@class": "array",
        "dtype": "float64",
        "data": [
          -Infinity
        ]
      },
      "upper_bounds": {
        "@module": "numpy",
        "@class": "array",
        "dtype": "float64",
        "data": [
          Infinity
        ]
      }
    },
    "Current12": {
      "@module": "simsopt.field.coil",
      "@class": "Current",
      "@name": "Current12",
      "@version": "0.1.dev5270+gee055f063",
      "current": 1249984.3233504083,
      "dofs": {
        "$type": "ref",
        "value": "140425443682032"
      }
    },
    "CurrentSum7": {
      "@module": "simsopt.field.coil",
      "@class": "CurrentSum",
      "@name": "CurrentSum7",
      "@version": "0.1.dev5270+gee055f063",
      "current_a": {
        "$type": "ref",
        "value": "ScaledCurrent25"
      },
      "current_b": {
        "$type": "ref",
        "value": "ScaledCurrent26"
      }
    },
    "CurrentSum8": {
      "@module": "simsopt.field.coil",
      "@class": "CurrentSum",
      "@name": "CurrentSum8",
      "@version": "0.1.dev5270+gee055f063",
      "current_a": {
        "$type": "ref",
        "value": "CurrentSum7"
      },
      "current_b": {
        "$type": "ref",
        "value": "ScaledCurrent27"
      }
    },
    "ScaledCurrent28": {
      "@module": "simsopt.field.coil",
      "@class": "ScaledCurrent",
      "@name": "ScaledCurrent28",
      "@version": "0.1.dev5270+gee055f063",
      "current_to_scale": {
        "$type": "ref",
        "value": "CurrentSum8"
      },
      "scale": -1.0
    },
    "CurrentSum9": {
      "@module": "simsopt.field.coil",
      "@class": "CurrentSum",
      "@name": "CurrentSum9",
      "@version": "0.1.dev5270+gee055f063",
      "current_a": {
        "$type": "ref",
        "value": "Current12"
      },
      "current_b": {
        "$type": "ref",
        "value": "ScaledCurrent28"
      }
    },
    "RegularizedCoil36": {
      "@module": "simsopt.field.coil",
      "@class": "RegularizedCoil",
      "@name": "RegularizedCoil36",
      "@version": "0.1.dev5270+gee055f063",
      "curve": {
        "$type": "ref",
        "value": "CurveXYZFourier4"
      },
      "current": {
        "$type": "ref",
        "value": "CurrentSum9"
      },
      "regularization": {
        "@module": "numpy",
        "@class": "array",
        "dtype": "float64",
        "data": 0.0009704490555402135
      }
    },
    "RotatedCurve25": {
      "@module": "simsopt.geo.curve",
      "@class": "RotatedCurve",
      "@name": "RotatedCurve25",
      "@version": "0.1.dev5270+gee055f063",
      "curve": {
        "$type": "ref",
        "value": "CurveXYZFourier1"
      },
      "phi": 0.0,
      "flip": true
    },
    "ScaledCurrent29": {
      "@module": "simsopt.field.coil",
      "@class": "ScaledCurrent",
      "@name": "ScaledCurrent29",
      "@version": "0.1.dev5270+gee055f063",
      "current_to_scale": {
        "$type": "ref",
        "value": "ScaledCurrent25"
      },
      "scale": -1.0
    },
    "RegularizedCoil37": {
      "@module": "simsopt.field.coil",
      "@class": "RegularizedCoil",
      "@name": "RegularizedCoil37",
      "@version": "0.1.dev5270+gee055f063",
      "curve": {
        "$type": "ref",
        "value": "RotatedCurve25"
      },
      "current": {
        "$type": "ref",
        "value": "ScaledCurrent29"
      },
      "regularization": {
        "@module": "numpy",
        "@class": "array",
        "dtype": "float64",
        "data": 0.0009704490555402135
      }
    },
    "RotatedCurve26": {
      "@module": "simsopt.geo.curve",
      "@class": "RotatedCurve",
      "@name": "RotatedCurve26",
      "@version": "0.1.dev5270+gee055f063",
      "curve": {
        "$type": "ref",
        "value": "CurveXYZFourier2"
      },
      "phi": 0.0,
      "flip": true
    },
    "ScaledCurrent30": {
      "@module": "simsopt.field.coil",
      "@class": "ScaledCurrent",
      "@name": "ScaledCurrent30",
      "@version": "0.1.dev5270+gee055f063",
      "current_to_scale": {
        "$type": "ref",
        "value": "ScaledCurrent26"
      },
      "scale": -1.0
    },
    "RegularizedCoil38": {
      "@module": "simsopt.field.coil",
      "@class": "RegularizedCoil",
      "@name": "RegularizedCoil38",
      "@version": "0.1.dev5270+gee055f063",
      "curve": {
        "$type": "ref",
        "value": "RotatedCurve26"
      },
      "current": {
        "$type": "ref",
        "value": "ScaledCurrent30"
      },
      "regularization": {
        "@module": "numpy",
        "@class": "array",
        "dtype": "float64",
        "data": 0.0009704490555402135
      }
    },
    "RotatedCurve27": {
      "@module": "simsopt.geo.curve",
      "@class": "RotatedCurve",
      "@name": "RotatedCurve27",
      "@version": "0.1.dev5270+gee055f063",
      "curve": {
        "$type": "ref",
        "value": "CurveXYZFourier3"
      },
      "phi": 0.0,
      "flip": true
    },
    "ScaledCurrent31": {
      "@module": "simsopt.field.coil",
      "@class": "ScaledCurrent",
      "@name": "ScaledCurrent31",
      "@version": "0.1.dev5270+gee055f063",
      "current_to_scale": {
        "$type": "ref",
        "value": "ScaledCurrent27"
      },
      "scale": -1.0
    },
    "RegularizedCoil39": {
      "@module": "simsopt.field.coil",
      "@class": "RegularizedCoil",
      "@name": "RegularizedCoil39",
      "@version": "0.1.dev5270+gee055f063",
      "curve": {
        "$type": "ref",
        "value": "RotatedCurve27"
      },
      "current": {
        "$type": "ref",
        "value": "ScaledCurrent31"
      },
      "regularization": {
        "@module": "numpy",
        "@class": "array",
        "dtype": "float64",
        "data": 0.0009704490555402135
      }
    },
    "RotatedCurve28": {
      "@module": "simsopt.geo.curve",
      "@class": "RotatedCurve",
      "@name": "RotatedCurve28",
      "@version": "0.1.dev5270+gee055f063",
      "curve": {
        "$type": "ref",
        "value": "CurveXYZFourier4"
      },
      "phi": 0.0,
      "flip": true
    },
    "ScaledCurrent32": {
      "@module": "simsopt.field.coil",
      "@class": "ScaledCurrent",
      "@name": "ScaledCurrent32",
      "@version": "0.1.dev5270+gee055f063",
      "current_to_scale": {
        "$type": "ref",
        "value": "CurrentSum9"
      },
      "scale": -1.0
    },
    "RegularizedCoil40": {
      "@module": "simsopt.field.coil",
      "@class": "RegularizedCoil",
      "@name": "RegularizedCoil40",
      "@version": "0.1.dev5270+gee055f063",
      "curve": {
        "$type": "ref",
        "value": "RotatedCurve28"
      },
      "current": {
        "$type": "ref",
        "value": "ScaledCurrent32"
      },
      "regularization": {
        "@module": "numpy",
        "@class": "array",
        "dtype": "float64",
        "data": 0.0009704490555402135
      }
    },
    "RotatedCurve29": {
      "@module": "simsopt.geo.curve",
      "@class": "RotatedCurve",
      "@name": "RotatedCurve29",
      "@version": "0.1.dev5270+gee055f063",
      "curve": {
        "$type": "ref",
        "value": "CurveXYZFourier1"
      },
      "phi": 3.141592653589793,
      "flip": false
    },
    "RegularizedCoil41": {
      "@module": "simsopt.field.coil",
      "@class": "RegularizedCoil",
      "@name": "RegularizedCoil41",
      "@version": "0.1.dev5270+gee055f063",
      "curve": {
        "$type": "ref",
        "value": "RotatedCurve29"
      },
      "current": {
        "$type": "ref",
        "value": "ScaledCurrent25"
      },
      "regularization": {
        "@module": "numpy",
        "@class": "array",
        "dtype": "float64",
        "data": 0.0009704490555402135
      }
    },
    "RotatedCurve30": {
      "@module": "simsopt.geo.curve",
      "@class": "RotatedCurve",
      "@name": "RotatedCurve30",
      "@version": "0.1.dev5270+gee055f063",
      "curve": {
        "$type": "ref",
        "value": "CurveXYZFourier2"
      },
      "phi": 3.141592653589793,
      "flip": false
    },
    "RegularizedCoil42": {
      "@module": "simsopt.field.coil",
      "@class": "RegularizedCoil",
      "@name": "RegularizedCoil42",
      "@version": "0.1.dev5270+gee055f063",
      "curve": {
        "$type": "ref",
        "value": "RotatedCurve30"
      },
      "current": {
        "$type": "ref",
        "value": "ScaledCurrent26"
      },
      "regularization": {
        "@module": "numpy",
        "@class": "array",
        "dtype": "float64",
        "data": 0.0009704490555402135
      }
    },
    "RotatedCurve31": {
      "@module": "simsopt.geo.curve",
      "@class": "RotatedCurve",
      "@name": "RotatedCurve31",
      "@version": "0.1.dev5270+gee055f063",
      "curve": {
        "$type": "ref",
        "value": "CurveXYZFourier3"
      },
      "phi": 3.141592653589793,
      "flip": false
    },
    "RegularizedCoil43": {
      "@module": "simsopt.field.coil",
      "@class": "RegularizedCoil",
      "@name": "RegularizedCoil43",
      "@version": "0.1.dev5270+gee055f063",
      "curve": {
        "$type": "ref",
        "value": "RotatedCurve31"
      },
      "current": {
        "$type": "ref",
        "value": "ScaledCurrent27"
      },
      "regularization": {
        "@module": "numpy",
        "@class": "array",
        "dtype": "float64",
        "data": 0.0009704490555402135
      }
    },
    "RotatedCurve32": {
      "@module": "simsopt.geo.curve",
      "@class": "RotatedCurve",
      "@name": "RotatedCurve32",
      "@version": "0.1.dev5270+gee055f063",
      "curve": {
        "$type": "ref",
        "value": "CurveXYZFourier4"
      },
      "phi": 3.141592653589793,
      "flip": false
    },
    "RegularizedCoil44": {
      "@module": "simsopt.field.coil",
      "@class": "RegularizedCoil",
      "@name": "RegularizedCoil44",
      "@version": "0.1.dev5270+gee055f063",
      "curve": {
        "$type": "ref",
        "value": "RotatedCurve32"
      },
      "current": {
        "$type": "ref",
        "value": "CurrentSum9"
      },
      "regularization": {
        "@module": "numpy",
        "@class": "array",
        "dtype": "float64",
        "data": 0.0009704490555402135
      }
    },
    "RotatedCurve33": {
      "@module": "simsopt.geo.curve",
      "@class": "RotatedCurve",
      "@name": "RotatedCurve33",
      "@version": "0.1.dev5270+gee055f063",
      "curve": {
        "$type": "ref",
        "value": "CurveXYZFourier1"
      },
      "phi": 3.141592653589793,
      "flip": true
    },
    "ScaledCurrent33": {
      "@module": "simsopt.field.coil",
      "@class": "ScaledCurrent",
      "@name": "ScaledCurrent33",
      "@version": "0.1.dev5270+gee055f063",
      "current_to_scale": {
        "$type": "ref",
        "value": "ScaledCurrent25"
      },
      "scale": -1.0
    },
    "RegularizedCoil45": {
      "@module": "simsopt.field.coil",
      "@class": "RegularizedCoil",
      "@name": "RegularizedCoil45",
      "@version": "0.1.dev5270+gee055f063",
      "curve": {
        "$type": "ref",
        "value": "RotatedCurve33"
      },
      "current": {
        "$type": "ref",
        "value": "ScaledCurrent33"
      },
      "regularization": {
        "@module": "numpy",
        "@class": "array",
        "dtype": "float64",
        "data": 0.0009704490555402135
      }
    },
    "RotatedCurve34": {
      "@module": "simsopt.geo.curve",
      "@class": "RotatedCurve",
      "@name": "RotatedCurve34",
      "@version": "0.1.dev5270+gee055f063",
      "curve": {
        "$type": "ref",
        "value": "CurveXYZFourier2"
      },
      "phi": 3.141592653589793,
      "flip": true
    },
    "ScaledCurrent34": {
      "@module": "simsopt.field.coil",
      "@class": "ScaledCurrent",
      "@name": "ScaledCurrent34",
      "@version": "0.1.dev5270+gee055f063",
      "current_to_scale": {
        "$type": "ref",
        "value": "ScaledCurrent26"
      },
      "scale": -1.0
    },
    "RegularizedCoil46": {
      "@module": "simsopt.field.coil",
      "@class": "RegularizedCoil",
      "@name": "RegularizedCoil46",
      "@version": "0.1.dev5270+gee055f063",
      "curve": {
        "$type": "ref",
        "value": "RotatedCurve34"
      },
      "current": {
        "$type": "ref",
        "value": "ScaledCurrent34"
      },
      "regularization": {
        "@module": "numpy",
        "@class": "array",
        "dtype": "float64",
        "data": 0.0009704490555402135
      }
    },
    "RotatedCurve35": {
      "@module": "simsopt.geo.curve",
      "@class": "RotatedCurve",
      "@name": "RotatedCurve35",
      "@version": "0.1.dev5270+gee055f063",
      "curve": {
        "$type": "ref",
        "value": "CurveXYZFourier3"
      },
      "phi": 3.141592653589793,
      "flip": true
    },
    "ScaledCurrent35": {
      "@module": "simsopt.field.coil",
      "@class": "ScaledCurrent",
      "@name": "ScaledCurrent35",
      "@version": "0.1.dev5270+gee055f063",
      "current_to_scale": {
        "$type": "ref",
        "value": "ScaledCurrent27"
      },
      "scale": -1.0
    },
    "RegularizedCoil47": {
      "@module": "simsopt.field.coil",
      "@class": "RegularizedCoil",
      "@name": "RegularizedCoil47",
      "@version": "0.1.dev5270+gee055f063",
      "curve": {
        "$type": "ref",
        "value": "RotatedCurve35"
      },
      "current": {
        "$type": "ref",
        "value": "ScaledCurrent35"
      },
      "regularization": {
        "@module": "numpy",
        "@class": "array",
        "dtype": "float64",
        "data": 0.0009704490555402135
      }
    },
    "RotatedCurve36": {
      "@module": "simsopt.geo.curve",
      "@class": "RotatedCurve",
      "@name": "RotatedCurve36",
      "@version": "0.1.dev5270+gee055f063",
      "curve": {
        "$type": "ref",
        "value": "CurveXYZFourier4"
      },
      "phi": 3.141592653589793,
      "flip": true
    },
    "ScaledCurrent36": {
      "@module": "simsopt.field.coil",
      "@class": "ScaledCurrent",
      "@name": "ScaledCurrent36",
      "@version": "0.1.dev5270+gee055f063",
      "current_to_scale": {
        "$type": "ref",
        "value": "CurrentSum9"
      },
      "scale": -1.0
    },
    "RegularizedCoil48": {
      "@module": "simsopt.field.coil",
      "@class": "RegularizedCoil",
      "@name": "RegularizedCoil48",
      "@version": "0.1.dev5270+gee055f063",
      "curve": {
        "$type": "ref",
        "value": "RotatedCurve36"
      },
      "current": {
        "$type": "ref",
        "value": "ScaledCurrent36"
      },
      "regularization": {
        "@module": "numpy",
        "@class": "array",
        "dtype": "float64",
        "data": 0.0009704490555402135
      }
    }
  }
}