{
  "metadata": {
    "method_name": "",
    "contact": "akaptano",
    "hardware": "CPU: Intel(R) Xeon(R) Platinum 8370C CPU @ 2.80GHz | RAM: 7.8GB",
    "notes": "",
    "run_date": "2025-11-28T23:11:53.538476"
  },
  "metrics": {
    "initial_B_field": 0.9998258195958676,
    "final_B_field": 1.0023384269037554,
    "target_B_field": 1.0,
    "optimization_time": 31.4817111492157,
    "final_normalized_squared_flux": 0.016311908159674135,
    "final_min_cs_separation": 0.10642934766042603,
    "final_min_cc_separation": 0.21861950114549628,
    "final_total_length": 10.778000902241148,
    "final_max_curvature": 7.491352140444873,
    "final_average_curvature": 2.6479885679548554,
    "final_mean_squared_curvature": 10.735237101148435,
    "final_linking_number": 0,
    "final_max_max_coil_force": 245499.9360315567,
    "final_avg_max_coil_force": 234942.32766467633,
    "final_max_max_coil_torque": 49666.30704303084,
    "final_avg_max_coil_torque": 41648.75350118979,
    "avg_BdotN_over_B": 0.15878550058526744,
    "max_BdotN_over_B": 0.47090333383591176,
    "lagrange_multipliers": null,
    "output_directory": "."
  }
}