{
  "metadata": {
    "method_name": "",
    "contact": "akaptano",
    "hardware": "CPU: AMD EPYC 7763 64-Core Processor | RAM: 15.6GB",
    "notes": "",
    "run_date": "2026-01-28T19:22:42.396406"
  },
  "metrics": {
    "fourier_continuation": true,
    "fourier_orders": [
      4,
      8
    ],
    "final_order": 8,
    "continuation_results": [
      {
        "initial_B_field": 2.499994639568495,
        "final_B_field": 2.781179774462099,
        "target_B_field": 2.5,
        "optimization_time": 501.84004282951355,
        "final_normalized_squared_flux": 0.015332646480341713,
        "_cached_thresholds": {
          "length_threshold": 45.0,
          "flux_threshold": 1e-08,
          "cc_threshold": 0.25,
          "cs_threshold": 0.35,
          "msc_threshold": 1.8181818181818181,
          "arclength_variation_threshold": 0.0,
          "curvature_threshold": 1.8181818181818181,
          "force_threshold": 0.1923668821175746,
          "torque_threshold": 0.1923668821175746,
          "coil_width": 0.22000000000000003,
          "R0": 1.8181818181818181
        },
        "final_min_cs_separation": 0.3402946212661157,
        "final_min_cc_separation": 0.22789254177132562,
        "final_total_length": 45.0576047371382,
        "final_max_curvature": 1.8253596754638366,
        "final_average_curvature": 0.9936945400043582,
        "final_arclength_variation": 0.7124700991768562,
        "final_mean_squared_curvature": 1.3200738586048226,
        "final_linking_number": 0,
        "final_max_max_coil_force": 4355436.965823039,
        "final_avg_max_coil_force": 3312664.593963225,
        "final_max_max_coil_torque": 4516294.532603236,
        "final_avg_max_coil_torque": 3091340.4198345393,
        "avg_BdotN_over_B": 0.005393999005729993,
        "max_BdotN_over_B": 0.029734421968233633,
        "lagrange_multipliers": null,
        "output_directory": "/home/runner/work/stellcoilbench/stellcoilbench/submissions/W7-X_without_coil_ripple_beta0p05_d23p4_tm/akaptano/01-28-2026_19-22/order_4",
        "flux_threshold": 1e-08,
        "cc_threshold": 0.25,
        "cs_threshold": 0.35,
        "msc_threshold": 1.8181818181818181,
        "arclength_variation_threshold": 0.0,
        "curvature_threshold": 1.8181818181818181,
        "force_threshold": 0.1923668821175746,
        "torque_threshold": 0.1923668821175746,
        "fourier_order": 4,
        "continuation_step": 1
      },
      {
        "initial_B_field": 2.781179774462099,
        "final_B_field": 2.779144417991242,
        "target_B_field": 2.5,
        "optimization_time": 491.602746963501,
        "final_normalized_squared_flux": 0.007900469444568273,
        "_cached_thresholds": {
          "length_threshold": 45.0,
          "flux_threshold": 1e-08,
          "cc_threshold": 0.25,
          "cs_threshold": 0.35,
          "msc_threshold": 1.8181818181818181,
          "arclength_variation_threshold": 0.0,
          "curvature_threshold": 1.8181818181818181,
          "force_threshold": 1.0,
          "torque_threshold": 1.0,
          "coil_width": 0.22000000000000003,
          "R0": 1.8181818181818181
        },
        "final_min_cs_separation": 0.3468993798066502,
        "final_min_cc_separation": 0.23719289301511634,
        "final_total_length": 45.03891165945487,
        "final_max_curvature": 1.820067046914865,
        "final_average_curvature": 1.1107820402252102,
        "final_arclength_variation": 0.24124211242757512,
        "final_mean_squared_curvature": 1.7647683207443805,
        "final_linking_number": 0,
        "final_max_max_coil_force": 4628043.287294789,
        "final_avg_max_coil_force": 3555483.733112765,
        "final_max_max_coil_torque": 4905995.038077073,
        "final_avg_max_coil_torque": 3154399.737606974,
        "avg_BdotN_over_B": 0.0038461086849643795,
        "max_BdotN_over_B": 0.026202062824859863,
        "lagrange_multipliers": null,
        "output_directory": "/home/runner/work/stellcoilbench/stellcoilbench/submissions/W7-X_without_coil_ripple_beta0p05_d23p4_tm/akaptano/01-28-2026_19-22/order_8",
        "flux_threshold": 1e-08,
        "cc_threshold": 0.25,
        "cs_threshold": 0.35,
        "msc_threshold": 1.8181818181818181,
        "arclength_variation_threshold": 0.0,
        "curvature_threshold": 1.8181818181818181,
        "force_threshold": 1.0,
        "torque_threshold": 1.0,
        "fourier_order": 8,
        "continuation_step": 2
      }
    ],
    "initial_B_field": 2.781179774462099,
    "final_B_field": 2.779144417991242,
    "target_B_field": 2.5,
    "optimization_time": 491.602746963501,
    "final_normalized_squared_flux": 0.007900469444568273,
    "_cached_thresholds": {
      "length_threshold": 45.0,
      "flux_threshold": 1e-08,
      "cc_threshold": 0.25,
      "cs_threshold": 0.35,
      "msc_threshold": 1.8181818181818181,
      "arclength_variation_threshold": 0.0,
      "curvature_threshold": 1.8181818181818181,
      "force_threshold": 1.0,
      "torque_threshold": 1.0,
      "coil_width": 0.22000000000000003,
      "R0": 1.8181818181818181
    },
    "final_min_cs_separation": 0.3468993798066502,
    "final_min_cc_separation": 0.23719289301511634,
    "final_total_length": 45.03891165945487,
    "final_max_curvature": 1.820067046914865,
    "final_average_curvature": 1.1107820402252102,
    "final_arclength_variation": 0.24124211242757512,
    "final_mean_squared_curvature": 1.7647683207443805,
    "final_linking_number": 0,
    "final_max_max_coil_force": 4628043.287294789,
    "final_avg_max_coil_force": 3555483.733112765,
    "final_max_max_coil_torque": 4905995.038077073,
    "final_avg_max_coil_torque": 3154399.737606974,
    "avg_BdotN_over_B": 0.0038461086849643795,
    "max_BdotN_over_B": 0.026202062824859863,
    "lagrange_multipliers": null,
    "output_directory": "/home/runner/work/stellcoilbench/stellcoilbench/submissions/W7-X_without_coil_ripple_beta0p05_d23p4_tm/akaptano/01-28-2026_19-22/order_8",
    "flux_threshold": 1e-08,
    "cc_threshold": 0.25,
    "cs_threshold": 0.35,
    "msc_threshold": 1.8181818181818181,
    "arclength_variation_threshold": 0.0,
    "curvature_threshold": 1.8181818181818181,
    "force_threshold": 1.0,
    "torque_threshold": 1.0,
    "fourier_order": 8,
    "continuation_step": 2,
    "BdotN": 0.007085386284567834,
    "BdotN_over_B": 0.0029424569981171232
  }
}