{
  "metadata": {
    "method_name": "",
    "contact": "akaptano",
    "hardware": "CPU: AMD EPYC 7763 64-Core Processor | RAM: 15.6GB",
    "notes": "",
    "run_date": "2026-01-23T00:46:00.888987"
  },
  "metrics": {
    "initial_B_field": 0.9999401852633265,
    "final_B_field": 1.0007854019056888,
    "target_B_field": 1.0,
    "optimization_time": 19.3360013961792,
    "final_normalized_squared_flux": 0.016424541458855826,
    "_cached_thresholds": {
      "length_threshold": 20.0,
      "flux_threshold": 1e-08,
      "cc_threshold": 0.08,
      "cs_threshold": 0.13,
      "msc_threshold": 10.0,
      "arclength_variation_threshold": 0.0,
      "curvature_threshold": 10.0,
      "force_threshold": 0.03077870113881195,
      "torque_threshold": 0.03077870113881195,
      "coil_width": 0.04,
      "R0": 10.0
    },
    "final_min_cs_separation": 0.026982006848675542,
    "final_min_cc_separation": 0.24529165895575505,
    "final_total_length": 13.396202744046665,
    "final_max_curvature": 6.2855408581481225,
    "final_average_curvature": 2.169971955964353,
    "final_arclength_variation": 0.1191501608717376,
    "final_mean_squared_curvature": 7.494101210032766,
    "final_linking_number": 0,
    "final_max_max_coil_force": 290209.16581722186,
    "final_avg_max_coil_force": 212904.97371167422,
    "final_max_max_coil_torque": 83852.56254048795,
    "final_avg_max_coil_torque": 46117.295186136944,
    "avg_BdotN_over_B": 0.17335211360819267,
    "max_BdotN_over_B": 0.9966972915804025,
    "lagrange_multipliers": null,
    "output_directory": "/home/runner/work/stellcoilbench/stellcoilbench/submissions/LandremanPaul2021_QA/akaptano/01-23-2026_00-46",
    "flux_threshold": 1e-08,
    "cc_threshold": 0.08,
    "cs_threshold": 0.13,
    "msc_threshold": 10.0,
    "arclength_variation_threshold": 0.0,
    "curvature_threshold": 10.0,
    "force_threshold": 0.03077870113881195,
    "torque_threshold": 0.03077870113881195
  }
}