{
  "metadata": {
    "method_name": "",
    "contact": "akaptano",
    "hardware": "CPU: AMD EPYC 7763 64-Core Processor | RAM: 15.6GB",
    "notes": "",
    "run_date": "2026-01-25T03:38:54.997445"
  },
  "metrics": {
    "initial_B_field": 2.4999878520394065,
    "final_B_field": 2.675089645298075,
    "target_B_field": 2.5,
    "optimization_time": 31.858922243118286,
    "final_normalized_squared_flux": 0.5292176641586938,
    "_cached_thresholds": {
      "length_threshold": 110.0,
      "flux_threshold": 1e-08,
      "cc_threshold": 0.44000000000000006,
      "cs_threshold": 0.7150000000000001,
      "msc_threshold": 1.8181818181818181,
      "arclength_variation_threshold": 0.0,
      "curvature_threshold": 1.8181818181818181,
      "force_threshold": 0.1923668821175746,
      "torque_threshold": 0.1923668821175746,
      "coil_width": 0.22000000000000003,
      "R0": 1.8181818181818181
    },
    "final_min_cs_separation": 0.4107878895651258,
    "final_min_cc_separation": 0.0022299092960015848,
    "final_total_length": 44.367670397781666,
    "final_max_curvature": 1.7927054632138506,
    "final_average_curvature": 0.9303155415392967,
    "final_arclength_variation": 3.840716731084586,
    "final_mean_squared_curvature": 1.041597575638221,
    "final_linking_number": 0,
    "final_max_max_coil_force": 924395625.0261108,
    "final_avg_max_coil_force": 339315689.6261472,
    "final_max_max_coil_torque": 513567085.57755756,
    "final_avg_max_coil_torque": 200944633.46480966,
    "avg_BdotN_over_B": 0.03315146601971563,
    "max_BdotN_over_B": 0.13264177767606727,
    "lagrange_multipliers": null,
    "output_directory": "/home/runner/work/stellcoilbench/stellcoilbench/submissions/W7-X_without_coil_ripple_beta0p05_d23p4_tm/akaptano/01-25-2026_03-38",
    "flux_threshold": 1e-08,
    "cc_threshold": 0.44000000000000006,
    "cs_threshold": 0.7150000000000001,
    "msc_threshold": 1.8181818181818181,
    "arclength_variation_threshold": 0.0,
    "curvature_threshold": 1.8181818181818181,
    "force_threshold": 0.1923668821175746,
    "torque_threshold": 0.1923668821175746
  }
}