{
  "metadata": {
    "method_name": "",
    "contact": "akaptano",
    "hardware": "CPU: Intel(R) Xeon(R) Platinum 8370C CPU @ 2.80GHz | RAM: 7.8GB",
    "notes": "",
    "run_date": "2025-12-01T01:52:04.952278"
  },
  "metrics": {
    "initial_B_field": 0.14984232990585739,
    "final_B_field": 0.22724634403266022,
    "target_B_field": 0.15,
    "optimization_time": 31.29154348373413,
    "final_normalized_squared_flux": 0.059520230134049786,
    "final_min_cs_separation": 0.14754166187309548,
    "final_min_cc_separation": 0.007347592968338079,
    "final_total_length": 6.07242205673111,
    "final_max_curvature": 6.760549920428803,
    "final_average_curvature": 4.166343778335051,
    "final_mean_squared_curvature": 18.861451579013817,
    "final_linking_number": 2,
    "final_max_max_coil_force": 406122.28133236006,
    "final_avg_max_coil_force": 148781.24118341983,
    "final_max_max_coil_torque": 85397.94613375796,
    "final_avg_max_coil_torque": 31549.00283237937,
    "avg_BdotN_over_B": 0.26359558009725675,
    "max_BdotN_over_B": 0.9988212499342545,
    "lagrange_multipliers": null,
    "output_directory": ".",
    "flux_threshold": 1e-08,
    "cc_threshold": 0.024384,
    "cs_threshold": 0.039624,
    "msc_threshold": 32.808398950131235,
    "curvature_threshold": 32.808398950131235,
    "force_threshold": 0.0006925207756232688,
    "torque_threshold": 0.0006925207756232688
  }
}