{
  "metadata": {
    "method_name": "",
    "contact": "akaptano",
    "hardware": "CPU: AMD EPYC 7763 64-Core Processor | RAM: 15.6GB",
    "notes": "",
    "run_date": "2026-01-26T19:00:16.005071"
  },
  "metrics": {
    "initial_B_field": 0.9999851315887807,
    "final_B_field": 0.9999860360009118,
    "target_B_field": 1.0,
    "optimization_time": 55.527257442474365,
    "final_normalized_squared_flux": 0.007640753056654067,
    "_cached_thresholds": {
      "length_threshold": 180.0,
      "flux_threshold": 1e-08,
      "cc_threshold": 0.48,
      "cs_threshold": 0.78,
      "msc_threshold": 1.6666666666666667,
      "arclength_variation_threshold": 0.0,
      "curvature_threshold": 1.6666666666666667,
      "force_threshold": 0.03077870113881194,
      "torque_threshold": 0.03077870113881194,
      "coil_width": 0.24,
      "R0": 1.6666666666666667
    },
    "final_min_cs_separation": 1.5743211466970832,
    "final_min_cc_separation": 1.2514004866625217,
    "final_total_length": 180.0222645663818,
    "final_max_curvature": 0.2173034236185462,
    "final_average_curvature": 0.20940670136204745,
    "final_arclength_variation": 0.006120057668667643,
    "final_mean_squared_curvature": 0.04430260048975194,
    "final_linking_number": 0,
    "final_max_max_coil_force": 2865004.5522725596,
    "final_avg_max_coil_force": 2854202.666703645,
    "final_max_max_coil_torque": 227991.9696657837,
    "final_avg_max_coil_torque": 225957.73474571,
    "avg_BdotN_over_B": 0.004122927660058267,
    "max_BdotN_over_B": 0.014295835337432053,
    "lagrange_multipliers": null,
    "output_directory": "/home/runner/work/stellcoilbench/stellcoilbench/submissions/circular_tokamak/akaptano/01-26-2026_19-00",
    "flux_threshold": 1e-08,
    "cc_threshold": 0.48,
    "cs_threshold": 0.78,
    "msc_threshold": 1.6666666666666667,
    "arclength_variation_threshold": 0.0,
    "curvature_threshold": 1.6666666666666667,
    "force_threshold": 0.03077870113881194,
    "torque_threshold": 0.03077870113881194
  }
}