{
  "@module": "simsopt._core.json",
  "@class": "SIMSON",
  "@version": "0.1.dev5271+g32ace0e13",
  "graph": [
    {
      "$type": "ref",
      "value": "RegularizedCoil241"
    },
    {
      "$type": "ref",
      "value": "RegularizedCoil242"
    },
    {
      "$type": "ref",
      "value": "RegularizedCoil243"
    },
    {
      "$type": "ref",
      "value": "RegularizedCoil244"
    },
    {
      "$type": "ref",
      "value": "RegularizedCoil245"
    },
    {
      "$type": "ref",
      "value": "RegularizedCoil246"
    },
    {
      "$type": "ref",
      "value": "RegularizedCoil247"
    },
    {
      "$type": "ref",
      "value": "RegularizedCoil248"
    },
    {
      "$type": "ref",
      "value": "RegularizedCoil249"
    },
    {
      "$type": "ref",
      "value": "RegularizedCoil250"
    },
    {
      "$type": "ref",
      "value": "RegularizedCoil251"
    },
    {
      "$type": "ref",
      "value": "RegularizedCoil252"
    },
    {
      "$type": "ref",
      "value": "RegularizedCoil253"
    },
    {
      "$type": "ref",
      "value": "RegularizedCoil254"
    },
    {
      "$type": "ref",
      "value": "RegularizedCoil255"
    },
    {
      "$type": "ref",
      "value": "RegularizedCoil256"
    },
    {
      "$type": "ref",
      "value": "RegularizedCoil257"
    },
    {
      "$type": "ref",
      "value": "RegularizedCoil258"
    },
    {
      "$type": "ref",
      "value": "RegularizedCoil259"
    },
    {
      "$type": "ref",
      "value": "RegularizedCoil260"
    },
    {
      "$type": "ref",
      "value": "RegularizedCoil261"
    },
    {
      "$type": "ref",
      "value": "RegularizedCoil262"
    },
    {
      "$type": "ref",
      "value": "RegularizedCoil263"
    },
    {
      "$type": "ref",
      "value": "RegularizedCoil264"
    }
  ],
  "simsopt_objs": {
    "139787899058032": {
      "@module": "simsopt._core.optimizable",
      "@class": "DOFs",
      "@name": "139787899058032",
      "@version": "0.1.dev5271+g32ace0e13",
      "x": {
        "@module": "numpy",
        "@class": "array",
        "dtype": "float64",
        "data": [
          1.2340192273373505,
          0.14499149358131833,
          0.7873541718601117,
          -0.16370069525407116,
          0.23777721537430813,
          0.15599870561571966,
          -0.034674352398101335,
          -0.07174692961733484,
          -0.013712501974719356,
          -0.0035071552218895823,
          0.011312113737161343,
          0.018839764073477577,
          -0.004969854883785985,
          -0.0006360597125827123,
          0.0003850386432206713,
          -0.024419456100802248,
          0.011934280717649695,
          0.2556520209218937,
          0.1612333644292753,
          0.05023219902170619,
          -0.11746714324339216,
          0.02030232616296123,
          -0.12517655034479439,
          -0.056731086496147,
          0.06769861122328863,
          0.07691620169093631,
          -0.007382190467837565,
          0.003620655214350603,
          -0.02687874654258081,
          0.036695941879771106,
          0.0029753138473064744,
          -0.03418798546257456,
          -0.0023855090798774823,
          0.00814390086542185,
          0.05850799752667874,
          -1.0220445114179515,
          -0.06771273729707629,
          -0.17849595373325755,
          0.05132991668413697,
          0.046169282973139845,
          0.02671501917377229,
          -0.039759278657560175,
          -0.054855715326571707,
          0.050978887762565955,
          -0.007387409399783173,
          -0.018280555385075555,
          0.04685578048393564,
          0.013895731571211063,
          0.0033503436347078757,
          -0.012482462528969047,
          -0.023767535309913452
        ]
      },
      "names": [
        "xc(0)",
        "xs(1)",
        "xc(1)",
        "xs(2)",
        "xc(2)",
        "xs(3)",
        "xc(3)",
        "xs(4)",
        "xc(4)",
        "xs(5)",
        "xc(5)",
        "xs(6)",
        "xc(6)",
        "xs(7)",
        "xc(7)",
        "xs(8)",
        "xc(8)",
        "yc(0)",
        "ys(1)",
        "yc(1)",
        "ys(2)",
        "yc(2)",
        "ys(3)",
        "yc(3)",
        "ys(4)",
        "yc(4)",
        "ys(5)",
        "yc(5)",
        "ys(6)",
        "yc(6)",
        "ys(7)",
        "yc(7)",
        "ys(8)",
        "yc(8)",
        "zc(0)",
        "zs(1)",
        "zc(1)",
        "zs(2)",
        "zc(2)",
        "zs(3)",
        "zc(3)",
        "zs(4)",
        "zc(4)",
        "zs(5)",
        "zc(5)",
        "zs(6)",
        "zc(6)",
        "zs(7)",
        "zc(7)",
        "zs(8)",
        "zc(8)"
      ],
      "free": {
        "@module": "numpy",
        "@class": "array",
        "dtype": "bool",
        "data": [
          true,
          true,
          true,
          true,
          true,
          true,
          true,
          true,
          true,
          true,
          true,
          true,
          true,
          true,
          true,
          true,
          true,
          true,
          true,
          true,
          true,
          true,
          true,
          true,
          true,
          true,
          true,
          true,
          true,
          true,
          true,
          true,
          true,
          true,
          true,
          true,
          true,
          true,
          true,
          true,
          true,
          true,
          true,
          true,
          true,
          true,
          true,
          true,
          true,
          true,
          true
        ]
      },
      "lower_bounds": {
        "@module": "numpy",
        "@class": "array",
        "dtype": "float64",
        "data": [
          -Infinity,
          -Infinity,
          -Infinity,
          -Infinity,
          -Infinity,
          -Infinity,
          -Infinity,
          -Infinity,
          -Infinity,
          -Infinity,
          -Infinity,
          -Infinity,
          -Infinity,
          -Infinity,
          -Infinity,
          -Infinity,
          -Infinity,
          -Infinity,
          -Infinity,
          -Infinity,
          -Infinity,
          -Infinity,
          -Infinity,
          -Infinity,
          -Infinity,
          -Infinity,
          -Infinity,
          -Infinity,
          -Infinity,
          -Infinity,
          -Infinity,
          -Infinity,
          -Infinity,
          -Infinity,
          -Infinity,
          -Infinity,
          -Infinity,
          -Infinity,
          -Infinity,
          -Infinity,
          -Infinity,
          -Infinity,
          -Infinity,
          -Infinity,
          -Infinity,
          -Infinity,
          -Infinity,
          -Infinity,
          -Infinity,
          -Infinity,
          -Infinity
        ]
      },
      "upper_bounds": {
        "@module": "numpy",
        "@class": "array",
        "dtype": "float64",
        "data": [
          Infinity,
          Infinity,
          Infinity,
          Infinity,
          Infinity,
          Infinity,
          Infinity,
          Infinity,
          Infinity,
          Infinity,
          Infinity,
          Infinity,
          Infinity,
          Infinity,
          Infinity,
          Infinity,
          Infinity,
          Infinity,
          Infinity,
          Infinity,
          Infinity,
          Infinity,
          Infinity,
          Infinity,
          Infinity,
          Infinity,
          Infinity,
          Infinity,
          Infinity,
          Infinity,
          Infinity,
          Infinity,
          Infinity,
          Infinity,
          Infinity,
          Infinity,
          Infinity,
          Infinity,
          Infinity,
          Infinity,
          Infinity,
          Infinity,
          Infinity,
          Infinity,
          Infinity,
          Infinity,
          Infinity,
          Infinity,
          Infinity,
          Infinity,
          Infinity
        ]
      }
    },
    "CurveXYZFourier25": {
      "@module": "simsopt.geo.curvexyzfourier",
      "@class": "CurveXYZFourier",
      "@name": "CurveXYZFourier25",
      "@version": "0.1.dev5271+g32ace0e13",
      "quadpoints": {
        "@module": "numpy",
        "@class": "array",
        "dtype": "float64",
        "data": [
          0.0,
          0.00390625,
          0.0078125,
          0.01171875,
          0.015625,
          0.01953125,
          0.0234375,
          0.02734375,
          0.03125,
          0.03515625,
          0.0390625,
          0.04296875,
          0.046875,
          0.05078125,
          0.0546875,
          0.05859375,
          0.0625,
          0.06640625,
          0.0703125,
          0.07421875,
          0.078125,
          0.08203125,
          0.0859375,
          0.08984375,
          0.09375,
          0.09765625,
          0.1015625,
          0.10546875,
          0.109375,
          0.11328125,
          0.1171875,
          0.12109375,
          0.125,
          0.12890625,
          0.1328125,
          0.13671875,
          0.140625,
          0.14453125,
          0.1484375,
          0.15234375,
          0.15625,
          0.16015625,
          0.1640625,
          0.16796875,
          0.171875,
          0.17578125,
          0.1796875,
          0.18359375,
          0.1875,
          0.19140625,
          0.1953125,
          0.19921875,
          0.203125,
          0.20703125,
          0.2109375,
          0.21484375,
          0.21875,
          0.22265625,
          0.2265625,
          0.23046875,
          0.234375,
          0.23828125,
          0.2421875,
          0.24609375,
          0.25,
          0.25390625,
          0.2578125,
          0.26171875,
          0.265625,
          0.26953125,
          0.2734375,
          0.27734375,
          0.28125,
          0.28515625,
          0.2890625,
          0.29296875,
          0.296875,
          0.30078125,
          0.3046875,
          0.30859375,
          0.3125,
          0.31640625,
          0.3203125,
          0.32421875,
          0.328125,
          0.33203125,
          0.3359375,
          0.33984375,
          0.34375,
          0.34765625,
          0.3515625,
          0.35546875,
          0.359375,
          0.36328125,
          0.3671875,
          0.37109375,
          0.375,
          0.37890625,
          0.3828125,
          0.38671875,
          0.390625,
          0.39453125,
          0.3984375,
          0.40234375,
          0.40625,
          0.41015625,
          0.4140625,
          0.41796875,
          0.421875,
          0.42578125,
          0.4296875,
          0.43359375,
          0.4375,
          0.44140625,
          0.4453125,
          0.44921875,
          0.453125,
          0.45703125,
          0.4609375,
          0.46484375,
          0.46875,
          0.47265625,
          0.4765625,
          0.48046875,
          0.484375,
          0.48828125,
          0.4921875,
          0.49609375,
          0.5,
          0.50390625,
          0.5078125,
          0.51171875,
          0.515625,
          0.51953125,
          0.5234375,
          0.52734375,
          0.53125,
          0.53515625,
          0.5390625,
          0.54296875,
          0.546875,
          0.55078125,
          0.5546875,
          0.55859375,
          0.5625,
          0.56640625,
          0.5703125,
          0.57421875,
          0.578125,
          0.58203125,
          0.5859375,
          0.58984375,
          0.59375,
          0.59765625,
          0.6015625,
          0.60546875,
          0.609375,
          0.61328125,
          0.6171875,
          0.62109375,
          0.625,
          0.62890625,
          0.6328125,
          0.63671875,
          0.640625,
          0.64453125,
          0.6484375,
          0.65234375,
          0.65625,
          0.66015625,
          0.6640625,
          0.66796875,
          0.671875,
          0.67578125,
          0.6796875,
          0.68359375,
          0.6875,
          0.69140625,
          0.6953125,
          0.69921875,
          0.703125,
          0.70703125,
          0.7109375,
          0.71484375,
          0.71875,
          0.72265625,
          0.7265625,
          0.73046875,
          0.734375,
          0.73828125,
          0.7421875,
          0.74609375,
          0.75,
          0.75390625,
          0.7578125,
          0.76171875,
          0.765625,
          0.76953125,
          0.7734375,
          0.77734375,
          0.78125,
          0.78515625,
          0.7890625,
          0.79296875,
          0.796875,
          0.80078125,
          0.8046875,
          0.80859375,
          0.8125,
          0.81640625,
          0.8203125,
          0.82421875,
          0.828125,
          0.83203125,
          0.8359375,
          0.83984375,
          0.84375,
          0.84765625,
          0.8515625,
          0.85546875,
          0.859375,
          0.86328125,
          0.8671875,
          0.87109375,
          0.875,
          0.87890625,
          0.8828125,
          0.88671875,
          0.890625,
          0.89453125,
          0.8984375,
          0.90234375,
          0.90625,
          0.91015625,
          0.9140625,
          0.91796875,
          0.921875,
          0.92578125,
          0.9296875,
          0.93359375,
          0.9375,
          0.94140625,
          0.9453125,
          0.94921875,
          0.953125,
          0.95703125,
          0.9609375,
          0.96484375,
          0.96875,
          0.97265625,
          0.9765625,
          0.98046875,
          0.984375,
          0.98828125,
          0.9921875,
          0.99609375
        ]
      },
      "order": 8,
      "dofs": {
        "$type": "ref",
        "value": "139787899058032"
      }
    },
    "139789174611344": {
      "@module": "simsopt._core.optimizable",
      "@class": "DOFs",
      "@name": "139789174611344",
      "@version": "0.1.dev5271+g32ace0e13",
      "x": {
        "@module": "numpy",
        "@class": "array",
        "dtype": "float64",
        "data": [
          0.015709989867598473
        ]
      },
      "names": [
        "x0"
      ],
      "free": {
        "@module": "numpy",
        "@class": "array",
        "dtype": "bool",
        "data": [
          true
        ]
      },
      "lower_bounds": {
        "@module": "numpy",
        "@class": "array",
        "dtype": "float64",
        "data": [
          -Infinity
        ]
      },
      "upper_bounds": {
        "@module": "numpy",
        "@class": "array",
        "dtype": "float64",
        "data": [
          Infinity
        ]
      }
    },
    "Current17": {
      "@module": "simsopt.field.coil",
      "@class": "Current",
      "@name": "Current17",
      "@version": "0.1.dev5271+g32ace0e13",
      "current": 0.015709989867598473,
      "dofs": {
        "$type": "ref",
        "value": "139789174611344"
      }
    },
    "ScaledCurrent65": {
      "@module": "simsopt.field.coil",
      "@class": "ScaledCurrent",
      "@name": "ScaledCurrent65",
      "@version": "0.1.dev5271+g32ace0e13",
      "current_to_scale": {
        "$type": "ref",
        "value": "Current17"
      },
      "scale": 10000000.0
    },
    "RegularizedCoil241": {
      "@module": "simsopt.field.coil",
      "@class": "RegularizedCoil",
      "@name": "RegularizedCoil241",
      "@version": "0.1.dev5271+g32ace0e13",
      "curve": {
        "$type": "ref",
        "value": "CurveXYZFourier25"
      },
      "current": {
        "$type": "ref",
        "value": "ScaledCurrent65"
      },
      "regularization": {
        "@module": "numpy",
        "@class": "array",
        "dtype": "float64",
        "data": 0.09704490555402136
      }
    },
    "139787104122832": {
      "@module": "simsopt._core.optimizable",
      "@class": "DOFs",
      "@name": "139787104122832",
      "@version": "0.1.dev5271+g32ace0e13",
      "x": {
        "@module": "numpy",
        "@class": "array",
        "dtype": "float64",
        "data": [
          1.2872706342757043,
          0.04512055409932951,
          0.5817282966079775,
          -0.13578022916894053,
          0.2677812099609742,
          -0.04197229280901723,
          -0.15599566259500047,
          -0.003986966346693184,
          0.04345044218346362,
          -0.02926353079189843,
          -0.015889973258345447,
          0.011403075379425484,
          -0.007749394700229833,
          -0.010616808697979705,
          -0.007133966900786631,
          -0.0152643425126107,
          0.0020578522984413088,
          0.7512493049675443,
          0.35353082192006213,
          0.292566737508975,
          -0.31610326623635093,
          -0.2531423363742145,
          -0.06637262644498682,
          0.09779295281095061,
          -0.0007599323292958639,
          0.09197318478871332,
          0.01214436047750939,
          0.014118557451535384,
          -0.0071770227199468226,
          0.02344078746263496,
          -0.0006819052494318461,
          0.0034428311346290223,
          0.0013827418145969962,
          0.002169168477785238,
          -0.14780338628592504,
          -1.0664895660005107,
          -0.17835323001537517,
          -0.13277995859205027,
          -0.057925374735523436,
          0.024525241436915916,
          0.06438401763667359,
          0.03526062849606966,
          -0.009550443129380953,
          -0.0038259056691706313,
          -0.028498732369062578,
          0.024102138794922515,
          0.013467000838921111,
          -0.001187253439142367,
          -0.005227431358726809,
          -0.008138962165252728,
          -0.014794505355801749
        ]
      },
      "names": [
        "xc(0)",
        "xs(1)",
        "xc(1)",
        "xs(2)",
        "xc(2)",
        "xs(3)",
        "xc(3)",
        "xs(4)",
        "xc(4)",
        "xs(5)",
        "xc(5)",
        "xs(6)",
        "xc(6)",
        "xs(7)",
        "xc(7)",
        "xs(8)",
        "xc(8)",
        "yc(0)",
        "ys(1)",
        "yc(1)",
        "ys(2)",
        "yc(2)",
        "ys(3)",
        "yc(3)",
        "ys(4)",
        "yc(4)",
        "ys(5)",
        "yc(5)",
        "ys(6)",
        "yc(6)",
        "ys(7)",
        "yc(7)",
        "ys(8)",
        "yc(8)",
        "zc(0)",
        "zs(1)",
        "zc(1)",
        "zs(2)",
        "zc(2)",
        "zs(3)",
        "zc(3)",
        "zs(4)",
        "zc(4)",
        "zs(5)",
        "zc(5)",
        "zs(6)",
        "zc(6)",
        "zs(7)",
        "zc(7)",
        "zs(8)",
        "zc(8)"
      ],
      "free": {
        "@module": "numpy",
        "@class": "array",
        "dtype": "bool",
        "data": [
          true,
          true,
          true,
          true,
          true,
          true,
          true,
          true,
          true,
          true,
          true,
          true,
          true,
          true,
          true,
          true,
          true,
          true,
          true,
          true,
          true,
          true,
          true,
          true,
          true,
          true,
          true,
          true,
          true,
          true,
          true,
          true,
          true,
          true,
          true,
          true,
          true,
          true,
          true,
          true,
          true,
          true,
          true,
          true,
          true,
          true,
          true,
          true,
          true,
          true,
          true
        ]
      },
      "lower_bounds": {
        "@module": "numpy",
        "@class": "array",
        "dtype": "float64",
        "data": [
          -Infinity,
          -Infinity,
          -Infinity,
          -Infinity,
          -Infinity,
          -Infinity,
          -Infinity,
          -Infinity,
          -Infinity,
          -Infinity,
          -Infinity,
          -Infinity,
          -Infinity,
          -Infinity,
          -Infinity,
          -Infinity,
          -Infinity,
          -Infinity,
          -Infinity,
          -Infinity,
          -Infinity,
          -Infinity,
          -Infinity,
          -Infinity,
          -Infinity,
          -Infinity,
          -Infinity,
          -Infinity,
          -Infinity,
          -Infinity,
          -Infinity,
          -Infinity,
          -Infinity,
          -Infinity,
          -Infinity,
          -Infinity,
          -Infinity,
          -Infinity,
          -Infinity,
          -Infinity,
          -Infinity,
          -Infinity,
          -Infinity,
          -Infinity,
          -Infinity,
          -Infinity,
          -Infinity,
          -Infinity,
          -Infinity,
          -Infinity,
          -Infinity
        ]
      },
      "upper_bounds": {
        "@module": "numpy",
        "@class": "array",
        "dtype": "float64",
        "data": [
          Infinity,
          Infinity,
          Infinity,
          Infinity,
          Infinity,
          Infinity,
          Infinity,
          Infinity,
          Infinity,
          Infinity,
          Infinity,
          Infinity,
          Infinity,
          Infinity,
          Infinity,
          Infinity,
          Infinity,
          Infinity,
          Infinity,
          Infinity,
          Infinity,
          Infinity,
          Infinity,
          Infinity,
          Infinity,
          Infinity,
          Infinity,
          Infinity,
          Infinity,
          Infinity,
          Infinity,
          Infinity,
          Infinity,
          Infinity,
          Infinity,
          Infinity,
          Infinity,
          Infinity,
          Infinity,
          Infinity,
          Infinity,
          Infinity,
          Infinity,
          Infinity,
          Infinity,
          Infinity,
          Infinity,
          Infinity,
          Infinity,
          Infinity,
          Infinity
        ]
      }
    },
    "CurveXYZFourier26": {
      "@module": "simsopt.geo.curvexyzfourier",
      "@class": "CurveXYZFourier",
      "@name": "CurveXYZFourier26",
      "@version": "0.1.dev5271+g32ace0e13",
      "quadpoints": {
        "@module": "numpy",
        "@class": "array",
        "dtype": "float64",
        "data": [
          0.0,
          0.00390625,
          0.0078125,
          0.01171875,
          0.015625,
          0.01953125,
          0.0234375,
          0.02734375,
          0.03125,
          0.03515625,
          0.0390625,
          0.04296875,
          0.046875,
          0.05078125,
          0.0546875,
          0.05859375,
          0.0625,
          0.06640625,
          0.0703125,
          0.07421875,
          0.078125,
          0.08203125,
          0.0859375,
          0.08984375,
          0.09375,
          0.09765625,
          0.1015625,
          0.10546875,
          0.109375,
          0.11328125,
          0.1171875,
          0.12109375,
          0.125,
          0.12890625,
          0.1328125,
          0.13671875,
          0.140625,
          0.14453125,
          0.1484375,
          0.15234375,
          0.15625,
          0.16015625,
          0.1640625,
          0.16796875,
          0.171875,
          0.17578125,
          0.1796875,
          0.18359375,
          0.1875,
          0.19140625,
          0.1953125,
          0.19921875,
          0.203125,
          0.20703125,
          0.2109375,
          0.21484375,
          0.21875,
          0.22265625,
          0.2265625,
          0.23046875,
          0.234375,
          0.23828125,
          0.2421875,
          0.24609375,
          0.25,
          0.25390625,
          0.2578125,
          0.26171875,
          0.265625,
          0.26953125,
          0.2734375,
          0.27734375,
          0.28125,
          0.28515625,
          0.2890625,
          0.29296875,
          0.296875,
          0.30078125,
          0.3046875,
          0.30859375,
          0.3125,
          0.31640625,
          0.3203125,
          0.32421875,
          0.328125,
          0.33203125,
          0.3359375,
          0.33984375,
          0.34375,
          0.34765625,
          0.3515625,
          0.35546875,
          0.359375,
          0.36328125,
          0.3671875,
          0.37109375,
          0.375,
          0.37890625,
          0.3828125,
          0.38671875,
          0.390625,
          0.39453125,
          0.3984375,
          0.40234375,
          0.40625,
          0.41015625,
          0.4140625,
          0.41796875,
          0.421875,
          0.42578125,
          0.4296875,
          0.43359375,
          0.4375,
          0.44140625,
          0.4453125,
          0.44921875,
          0.453125,
          0.45703125,
          0.4609375,
          0.46484375,
          0.46875,
          0.47265625,
          0.4765625,
          0.48046875,
          0.484375,
          0.48828125,
          0.4921875,
          0.49609375,
          0.5,
          0.50390625,
          0.5078125,
          0.51171875,
          0.515625,
          0.51953125,
          0.5234375,
          0.52734375,
          0.53125,
          0.53515625,
          0.5390625,
          0.54296875,
          0.546875,
          0.55078125,
          0.5546875,
          0.55859375,
          0.5625,
          0.56640625,
          0.5703125,
          0.57421875,
          0.578125,
          0.58203125,
          0.5859375,
          0.58984375,
          0.59375,
          0.59765625,
          0.6015625,
          0.60546875,
          0.609375,
          0.61328125,
          0.6171875,
          0.62109375,
          0.625,
          0.62890625,
          0.6328125,
          0.63671875,
          0.640625,
          0.64453125,
          0.6484375,
          0.65234375,
          0.65625,
          0.66015625,
          0.6640625,
          0.66796875,
          0.671875,
          0.67578125,
          0.6796875,
          0.68359375,
          0.6875,
          0.69140625,
          0.6953125,
          0.69921875,
          0.703125,
          0.70703125,
          0.7109375,
          0.71484375,
          0.71875,
          0.72265625,
          0.7265625,
          0.73046875,
          0.734375,
          0.73828125,
          0.7421875,
          0.74609375,
          0.75,
          0.75390625,
          0.7578125,
          0.76171875,
          0.765625,
          0.76953125,
          0.7734375,
          0.77734375,
          0.78125,
          0.78515625,
          0.7890625,
          0.79296875,
          0.796875,
          0.80078125,
          0.8046875,
          0.80859375,
          0.8125,
          0.81640625,
          0.8203125,
          0.82421875,
          0.828125,
          0.83203125,
          0.8359375,
          0.83984375,
          0.84375,
          0.84765625,
          0.8515625,
          0.85546875,
          0.859375,
          0.86328125,
          0.8671875,
          0.87109375,
          0.875,
          0.87890625,
          0.8828125,
          0.88671875,
          0.890625,
          0.89453125,
          0.8984375,
          0.90234375,
          0.90625,
          0.91015625,
          0.9140625,
          0.91796875,
          0.921875,
          0.92578125,
          0.9296875,
          0.93359375,
          0.9375,
          0.94140625,
          0.9453125,
          0.94921875,
          0.953125,
          0.95703125,
          0.9609375,
          0.96484375,
          0.96875,
          0.97265625,
          0.9765625,
          0.98046875,
          0.984375,
          0.98828125,
          0.9921875,
          0.99609375
        ]
      },
      "order": 8,
      "dofs": {
        "$type": "ref",
        "value": "139787104122832"
      }
    },
    "139789174619696": {
      "@module": "simsopt._core.optimizable",
      "@class": "DOFs",
      "@name": "139789174619696",
      "@version": "0.1.dev5271+g32ace0e13",
      "x": {
        "@module": "numpy",
        "@class": "array",
        "dtype": "float64",
        "data": [
          0.026688829186082803
        ]
      },
      "names": [
        "x0"
      ],
      "free": {
        "@module": "numpy",
        "@class": "array",
        "dtype": "bool",
        "data": [
          true
        ]
      },
      "lower_bounds": {
        "@module": "numpy",
        "@class": "array",
        "dtype": "float64",
        "data": [
          -Infinity
        ]
      },
      "upper_bounds": {
        "@module": "numpy",
        "@class": "array",
        "dtype": "float64",
        "data": [
          Infinity
        ]
      }
    },
    "Current18": {
      "@module": "simsopt.field.coil",
      "@class": "Current",
      "@name": "Current18",
      "@version": "0.1.dev5271+g32ace0e13",
      "current": 0.026688829186082803,
      "dofs": {
        "$type": "ref",
        "value": "139789174619696"
      }
    },
    "ScaledCurrent66": {
      "@module": "simsopt.field.coil",
      "@class": "ScaledCurrent",
      "@name": "ScaledCurrent66",
      "@version": "0.1.dev5271+g32ace0e13",
      "current_to_scale": {
        "$type": "ref",
        "value": "Current18"
      },
      "scale": 10000000.0
    },
    "RegularizedCoil242": {
      "@module": "simsopt.field.coil",
      "@class": "RegularizedCoil",
      "@name": "RegularizedCoil242",
      "@version": "0.1.dev5271+g32ace0e13",
      "curve": {
        "$type": "ref",
        "value": "CurveXYZFourier26"
      },
      "current": {
        "$type": "ref",
        "value": "ScaledCurrent66"
      },
      "regularization": {
        "@module": "numpy",
        "@class": "array",
        "dtype": "float64",
        "data": 0.09704490555402136
      }
    },
    "139787899710128": {
      "@module": "simsopt._core.optimizable",
      "@class": "DOFs",
      "@name": "139787899710128",
      "@version": "0.1.dev5271+g32ace0e13",
      "x": {
        "@module": "numpy",
        "@class": "array",
        "dtype": "float64",
        "data": [
          1.1057879480580477,
          0.09509200704670773,
          0.4662996574448817,
          -0.177765665415258,
          0.16249017576312286,
          0.09764431832322525,
          0.008976108380389505,
          0.0017848402061638234,
          -0.030921331683658057,
          0.04049764845210502,
          -0.015451781808866553,
          -0.015340801986313898,
          0.009590080422507662,
          0.014951459839901092,
          0.014156964645626975,
          0.004165040114386583,
          0.005331307295506096,
          1.0610422496576595,
          0.3455134806861522,
          0.5688498289953836,
          0.12744625198494647,
          -0.24833230157206992,
          -0.006488321561073037,
          -0.07671733708502247,
          0.006090681433638464,
          -0.0517942454162555,
          -0.031464545590652086,
          0.01591335995179751,
          0.0006524488467511952,
          -0.035023440468135415,
          0.02247705945607518,
          0.008170013933525596,
          0.004506163046595059,
          -0.009929153947291769,
          -0.06551932777625205,
          -0.580469040326372,
          -0.13457044310188968,
          0.0020413123583354334,
          -0.2592456511307447,
          0.02324084594901723,
          -0.06167280093157154,
          -0.09806133143692172,
          0.008130094299569951,
          0.02743158543301402,
          -0.010288661930224695,
          -0.002272884192242593,
          -0.007069772483975897,
          0.002663505515715152,
          0.008614285432577851,
          -0.012972490840005006,
          0.0003545137557962063
        ]
      },
      "names": [
        "xc(0)",
        "xs(1)",
        "xc(1)",
        "xs(2)",
        "xc(2)",
        "xs(3)",
        "xc(3)",
        "xs(4)",
        "xc(4)",
        "xs(5)",
        "xc(5)",
        "xs(6)",
        "xc(6)",
        "xs(7)",
        "xc(7)",
        "xs(8)",
        "xc(8)",
        "yc(0)",
        "ys(1)",
        "yc(1)",
        "ys(2)",
        "yc(2)",
        "ys(3)",
        "yc(3)",
        "ys(4)",
        "yc(4)",
        "ys(5)",
        "yc(5)",
        "ys(6)",
        "yc(6)",
        "ys(7)",
        "yc(7)",
        "ys(8)",
        "yc(8)",
        "zc(0)",
        "zs(1)",
        "zc(1)",
        "zs(2)",
        "zc(2)",
        "zs(3)",
        "zc(3)",
        "zs(4)",
        "zc(4)",
        "zs(5)",
        "zc(5)",
        "zs(6)",
        "zc(6)",
        "zs(7)",
        "zc(7)",
        "zs(8)",
        "zc(8)"
      ],
      "free": {
        "@module": "numpy",
        "@class": "array",
        "dtype": "bool",
        "data": [
          true,
          true,
          true,
          true,
          true,
          true,
          true,
          true,
          true,
          true,
          true,
          true,
          true,
          true,
          true,
          true,
          true,
          true,
          true,
          true,
          true,
          true,
          true,
          true,
          true,
          true,
          true,
          true,
          true,
          true,
          true,
          true,
          true,
          true,
          true,
          true,
          true,
          true,
          true,
          true,
          true,
          true,
          true,
          true,
          true,
          true,
          true,
          true,
          true,
          true,
          true
        ]
      },
      "lower_bounds": {
        "@module": "numpy",
        "@class": "array",
        "dtype": "float64",
        "data": [
          -Infinity,
          -Infinity,
          -Infinity,
          -Infinity,
          -Infinity,
          -Infinity,
          -Infinity,
          -Infinity,
          -Infinity,
          -Infinity,
          -Infinity,
          -Infinity,
          -Infinity,
          -Infinity,
          -Infinity,
          -Infinity,
          -Infinity,
          -Infinity,
          -Infinity,
          -Infinity,
          -Infinity,
          -Infinity,
          -Infinity,
          -Infinity,
          -Infinity,
          -Infinity,
          -Infinity,
          -Infinity,
          -Infinity,
          -Infinity,
          -Infinity,
          -Infinity,
          -Infinity,
          -Infinity,
          -Infinity,
          -Infinity,
          -Infinity,
          -Infinity,
          -Infinity,
          -Infinity,
          -Infinity,
          -Infinity,
          -Infinity,
          -Infinity,
          -Infinity,
          -Infinity,
          -Infinity,
          -Infinity,
          -Infinity,
          -Infinity,
          -Infinity
        ]
      },
      "upper_bounds": {
        "@module": "numpy",
        "@class": "array",
        "dtype": "float64",
        "data": [
          Infinity,
          Infinity,
          Infinity,
          Infinity,
          Infinity,
          Infinity,
          Infinity,
          Infinity,
          Infinity,
          Infinity,
          Infinity,
          Infinity,
          Infinity,
          Infinity,
          Infinity,
          Infinity,
          Infinity,
          Infinity,
          Infinity,
          Infinity,
          Infinity,
          Infinity,
          Infinity,
          Infinity,
          Infinity,
          Infinity,
          Infinity,
          Infinity,
          Infinity,
          Infinity,
          Infinity,
          Infinity,
          Infinity,
          Infinity,
          Infinity,
          Infinity,
          Infinity,
          Infinity,
          Infinity,
          Infinity,
          Infinity,
          Infinity,
          Infinity,
          Infinity,
          Infinity,
          Infinity,
          Infinity,
          Infinity,
          Infinity,
          Infinity,
          Infinity
        ]
      }
    },
    "CurveXYZFourier27": {
      "@module": "simsopt.geo.curvexyzfourier",
      "@class": "CurveXYZFourier",
      "@name": "CurveXYZFourier27",
      "@version": "0.1.dev5271+g32ace0e13",
      "quadpoints": {
        "@module": "numpy",
        "@class": "array",
        "dtype": "float64",
        "data": [
          0.0,
          0.00390625,
          0.0078125,
          0.01171875,
          0.015625,
          0.01953125,
          0.0234375,
          0.02734375,
          0.03125,
          0.03515625,
          0.0390625,
          0.04296875,
          0.046875,
          0.05078125,
          0.0546875,
          0.05859375,
          0.0625,
          0.06640625,
          0.0703125,
          0.07421875,
          0.078125,
          0.08203125,
          0.0859375,
          0.08984375,
          0.09375,
          0.09765625,
          0.1015625,
          0.10546875,
          0.109375,
          0.11328125,
          0.1171875,
          0.12109375,
          0.125,
          0.12890625,
          0.1328125,
          0.13671875,
          0.140625,
          0.14453125,
          0.1484375,
          0.15234375,
          0.15625,
          0.16015625,
          0.1640625,
          0.16796875,
          0.171875,
          0.17578125,
          0.1796875,
          0.18359375,
          0.1875,
          0.19140625,
          0.1953125,
          0.19921875,
          0.203125,
          0.20703125,
          0.2109375,
          0.21484375,
          0.21875,
          0.22265625,
          0.2265625,
          0.23046875,
          0.234375,
          0.23828125,
          0.2421875,
          0.24609375,
          0.25,
          0.25390625,
          0.2578125,
          0.26171875,
          0.265625,
          0.26953125,
          0.2734375,
          0.27734375,
          0.28125,
          0.28515625,
          0.2890625,
          0.29296875,
          0.296875,
          0.30078125,
          0.3046875,
          0.30859375,
          0.3125,
          0.31640625,
          0.3203125,
          0.32421875,
          0.328125,
          0.33203125,
          0.3359375,
          0.33984375,
          0.34375,
          0.34765625,
          0.3515625,
          0.35546875,
          0.359375,
          0.36328125,
          0.3671875,
          0.37109375,
          0.375,
          0.37890625,
          0.3828125,
          0.38671875,
          0.390625,
          0.39453125,
          0.3984375,
          0.40234375,
          0.40625,
          0.41015625,
          0.4140625,
          0.41796875,
          0.421875,
          0.42578125,
          0.4296875,
          0.43359375,
          0.4375,
          0.44140625,
          0.4453125,
          0.44921875,
          0.453125,
          0.45703125,
          0.4609375,
          0.46484375,
          0.46875,
          0.47265625,
          0.4765625,
          0.48046875,
          0.484375,
          0.48828125,
          0.4921875,
          0.49609375,
          0.5,
          0.50390625,
          0.5078125,
          0.51171875,
          0.515625,
          0.51953125,
          0.5234375,
          0.52734375,
          0.53125,
          0.53515625,
          0.5390625,
          0.54296875,
          0.546875,
          0.55078125,
          0.5546875,
          0.55859375,
          0.5625,
          0.56640625,
          0.5703125,
          0.57421875,
          0.578125,
          0.58203125,
          0.5859375,
          0.58984375,
          0.59375,
          0.59765625,
          0.6015625,
          0.60546875,
          0.609375,
          0.61328125,
          0.6171875,
          0.62109375,
          0.625,
          0.62890625,
          0.6328125,
          0.63671875,
          0.640625,
          0.64453125,
          0.6484375,
          0.65234375,
          0.65625,
          0.66015625,
          0.6640625,
          0.66796875,
          0.671875,
          0.67578125,
          0.6796875,
          0.68359375,
          0.6875,
          0.69140625,
          0.6953125,
          0.69921875,
          0.703125,
          0.70703125,
          0.7109375,
          0.71484375,
          0.71875,
          0.72265625,
          0.7265625,
          0.73046875,
          0.734375,
          0.73828125,
          0.7421875,
          0.74609375,
          0.75,
          0.75390625,
          0.7578125,
          0.76171875,
          0.765625,
          0.76953125,
          0.7734375,
          0.77734375,
          0.78125,
          0.78515625,
          0.7890625,
          0.79296875,
          0.796875,
          0.80078125,
          0.8046875,
          0.80859375,
          0.8125,
          0.81640625,
          0.8203125,
          0.82421875,
          0.828125,
          0.83203125,
          0.8359375,
          0.83984375,
          0.84375,
          0.84765625,
          0.8515625,
          0.85546875,
          0.859375,
          0.86328125,
          0.8671875,
          0.87109375,
          0.875,
          0.87890625,
          0.8828125,
          0.88671875,
          0.890625,
          0.89453125,
          0.8984375,
          0.90234375,
          0.90625,
          0.91015625,
          0.9140625,
          0.91796875,
          0.921875,
          0.92578125,
          0.9296875,
          0.93359375,
          0.9375,
          0.94140625,
          0.9453125,
          0.94921875,
          0.953125,
          0.95703125,
          0.9609375,
          0.96484375,
          0.96875,
          0.97265625,
          0.9765625,
          0.98046875,
          0.984375,
          0.98828125,
          0.9921875,
          0.99609375
        ]
      },
      "order": 8,
      "dofs": {
        "$type": "ref",
        "value": "139787899710128"
      }
    },
    "139789174670064": {
      "@module": "simsopt._core.optimizable",
      "@class": "DOFs",
      "@name": "139789174670064",
      "@version": "0.1.dev5271+g32ace0e13",
      "x": {
        "@module": "numpy",
        "@class": "array",
        "dtype": "float64",
        "data": [
          0.008805863785728594
        ]
      },
      "names": [
        "x0"
      ],
      "free": {
        "@module": "numpy",
        "@class": "array",
        "dtype": "bool",
        "data": [
          true
        ]
      },
      "lower_bounds": {
        "@module": "numpy",
        "@class": "array",
        "dtype": "float64",
        "data": [
          -Infinity
        ]
      },
      "upper_bounds": {
        "@module": "numpy",
        "@class": "array",
        "dtype": "float64",
        "data": [
          Infinity
        ]
      }
    },
    "Current19": {
      "@module": "simsopt.field.coil",
      "@class": "Current",
      "@name": "Current19",
      "@version": "0.1.dev5271+g32ace0e13",
      "current": 0.008805863785728594,
      "dofs": {
        "$type": "ref",
        "value": "139789174670064"
      }
    },
    "ScaledCurrent67": {
      "@module": "simsopt.field.coil",
      "@class": "ScaledCurrent",
      "@name": "ScaledCurrent67",
      "@version": "0.1.dev5271+g32ace0e13",
      "current_to_scale": {
        "$type": "ref",
        "value": "Current19"
      },
      "scale": 10000000.0
    },
    "RegularizedCoil243": {
      "@module": "simsopt.field.coil",
      "@class": "RegularizedCoil",
      "@name": "RegularizedCoil243",
      "@version": "0.1.dev5271+g32ace0e13",
      "curve": {
        "$type": "ref",
        "value": "CurveXYZFourier27"
      },
      "current": {
        "$type": "ref",
        "value": "ScaledCurrent67"
      },
      "regularization": {
        "@module": "numpy",
        "@class": "array",
        "dtype": "float64",
        "data": 0.09704490555402136
      }
    },
    "139787437300368": {
      "@module": "simsopt._core.optimizable",
      "@class": "DOFs",
      "@name": "139787437300368",
      "@version": "0.1.dev5271+g32ace0e13",
      "x": {
        "@module": "numpy",
        "@class": "array",
        "dtype": "float64",
        "data": [
          0.8928809337932158,
          -0.0693937284084699,
          0.4037977124477565,
          -0.22782077243063806,
          0.14608842114461676,
          0.0799948970595196,
          -0.0020016852223432285,
          -0.04815263431468655,
          0.06997296195075646,
          0.01778220640932204,
          0.031784405999611104,
          -0.005813748666939618,
          -0.02874438705446793,
          -0.016318098801534963,
          -0.008446020457121112,
          -0.00848483213758332,
          -0.0022287044559222663,
          1.2686058708764367,
          0.17918642726692474,
          0.5572380729836401,
          0.18528210019140098,
          -0.09179259326176965,
          0.028024790634586433,
          0.03790609912647636,
          0.049835031919444606,
          -0.035168961309156074,
          0.015790088336695398,
          0.01326630116519473,
          -0.004738514252437763,
          -0.004002597005625573,
          -0.014803742893235645,
          0.017063909801255245,
          0.001183934996794337,
          0.012959647203996942,
          0.009684449129406856,
          -0.49052622621964315,
          -0.06693119768795648,
          0.21340360368154113,
          -0.13897735439297157,
          0.1278798856241096,
          -0.06192728371995123,
          -0.027873008548138286,
          -0.022093294185456854,
          -0.006120756084572202,
          -0.01545987381856979,
          0.007713038313850936,
          0.009700277240651114,
          0.003635789874752836,
          -0.01353679093833973,
          -0.006614853269092177,
          -0.0032954800344078194
        ]
      },
      "names": [
        "xc(0)",
        "xs(1)",
        "xc(1)",
        "xs(2)",
        "xc(2)",
        "xs(3)",
        "xc(3)",
        "xs(4)",
        "xc(4)",
        "xs(5)",
        "xc(5)",
        "xs(6)",
        "xc(6)",
        "xs(7)",
        "xc(7)",
        "xs(8)",
        "xc(8)",
        "yc(0)",
        "ys(1)",
        "yc(1)",
        "ys(2)",
        "yc(2)",
        "ys(3)",
        "yc(3)",
        "ys(4)",
        "yc(4)",
        "ys(5)",
        "yc(5)",
        "ys(6)",
        "yc(6)",
        "ys(7)",
        "yc(7)",
        "ys(8)",
        "yc(8)",
        "zc(0)",
        "zs(1)",
        "zc(1)",
        "zs(2)",
        "zc(2)",
        "zs(3)",
        "zc(3)",
        "zs(4)",
        "zc(4)",
        "zs(5)",
        "zc(5)",
        "zs(6)",
        "zc(6)",
        "zs(7)",
        "zc(7)",
        "zs(8)",
        "zc(8)"
      ],
      "free": {
        "@module": "numpy",
        "@class": "array",
        "dtype": "bool",
        "data": [
          true,
          true,
          true,
          true,
          true,
          true,
          true,
          true,
          true,
          true,
          true,
          true,
          true,
          true,
          true,
          true,
          true,
          true,
          true,
          true,
          true,
          true,
          true,
          true,
          true,
          true,
          true,
          true,
          true,
          true,
          true,
          true,
          true,
          true,
          true,
          true,
          true,
          true,
          true,
          true,
          true,
          true,
          true,
          true,
          true,
          true,
          true,
          true,
          true,
          true,
          true
        ]
      },
      "lower_bounds": {
        "@module": "numpy",
        "@class": "array",
        "dtype": "float64",
        "data": [
          -Infinity,
          -Infinity,
          -Infinity,
          -Infinity,
          -Infinity,
          -Infinity,
          -Infinity,
          -Infinity,
          -Infinity,
          -Infinity,
          -Infinity,
          -Infinity,
          -Infinity,
          -Infinity,
          -Infinity,
          -Infinity,
          -Infinity,
          -Infinity,
          -Infinity,
          -Infinity,
          -Infinity,
          -Infinity,
          -Infinity,
          -Infinity,
          -Infinity,
          -Infinity,
          -Infinity,
          -Infinity,
          -Infinity,
          -Infinity,
          -Infinity,
          -Infinity,
          -Infinity,
          -Infinity,
          -Infinity,
          -Infinity,
          -Infinity,
          -Infinity,
          -Infinity,
          -Infinity,
          -Infinity,
          -Infinity,
          -Infinity,
          -Infinity,
          -Infinity,
          -Infinity,
          -Infinity,
          -Infinity,
          -Infinity,
          -Infinity,
          -Infinity
        ]
      },
      "upper_bounds": {
        "@module": "numpy",
        "@class": "array",
        "dtype": "float64",
        "data": [
          Infinity,
          Infinity,
          Infinity,
          Infinity,
          Infinity,
          Infinity,
          Infinity,
          Infinity,
          Infinity,
          Infinity,
          Infinity,
          Infinity,
          Infinity,
          Infinity,
          Infinity,
          Infinity,
          Infinity,
          Infinity,
          Infinity,
          Infinity,
          Infinity,
          Infinity,
          Infinity,
          Infinity,
          Infinity,
          Infinity,
          Infinity,
          Infinity,
          Infinity,
          Infinity,
          Infinity,
          Infinity,
          Infinity,
          Infinity,
          Infinity,
          Infinity,
          Infinity,
          Infinity,
          Infinity,
          Infinity,
          Infinity,
          Infinity,
          Infinity,
          Infinity,
          Infinity,
          Infinity,
          Infinity,
          Infinity,
          Infinity,
          Infinity,
          Infinity
        ]
      }
    },
    "CurveXYZFourier28": {
      "@module": "simsopt.geo.curvexyzfourier",
      "@class": "CurveXYZFourier",
      "@name": "CurveXYZFourier28",
      "@version": "0.1.dev5271+g32ace0e13",
      "quadpoints": {
        "@module": "numpy",
        "@class": "array",
        "dtype": "float64",
        "data": [
          0.0,
          0.00390625,
          0.0078125,
          0.01171875,
          0.015625,
          0.01953125,
          0.0234375,
          0.02734375,
          0.03125,
          0.03515625,
          0.0390625,
          0.04296875,
          0.046875,
          0.05078125,
          0.0546875,
          0.05859375,
          0.0625,
          0.06640625,
          0.0703125,
          0.07421875,
          0.078125,
          0.08203125,
          0.0859375,
          0.08984375,
          0.09375,
          0.09765625,
          0.1015625,
          0.10546875,
          0.109375,
          0.11328125,
          0.1171875,
          0.12109375,
          0.125,
          0.12890625,
          0.1328125,
          0.13671875,
          0.140625,
          0.14453125,
          0.1484375,
          0.15234375,
          0.15625,
          0.16015625,
          0.1640625,
          0.16796875,
          0.171875,
          0.17578125,
          0.1796875,
          0.18359375,
          0.1875,
          0.19140625,
          0.1953125,
          0.19921875,
          0.203125,
          0.20703125,
          0.2109375,
          0.21484375,
          0.21875,
          0.22265625,
          0.2265625,
          0.23046875,
          0.234375,
          0.23828125,
          0.2421875,
          0.24609375,
          0.25,
          0.25390625,
          0.2578125,
          0.26171875,
          0.265625,
          0.26953125,
          0.2734375,
          0.27734375,
          0.28125,
          0.28515625,
          0.2890625,
          0.29296875,
          0.296875,
          0.30078125,
          0.3046875,
          0.30859375,
          0.3125,
          0.31640625,
          0.3203125,
          0.32421875,
          0.328125,
          0.33203125,
          0.3359375,
          0.33984375,
          0.34375,
          0.34765625,
          0.3515625,
          0.35546875,
          0.359375,
          0.36328125,
          0.3671875,
          0.37109375,
          0.375,
          0.37890625,
          0.3828125,
          0.38671875,
          0.390625,
          0.39453125,
          0.3984375,
          0.40234375,
          0.40625,
          0.41015625,
          0.4140625,
          0.41796875,
          0.421875,
          0.42578125,
          0.4296875,
          0.43359375,
          0.4375,
          0.44140625,
          0.4453125,
          0.44921875,
          0.453125,
          0.45703125,
          0.4609375,
          0.46484375,
          0.46875,
          0.47265625,
          0.4765625,
          0.48046875,
          0.484375,
          0.48828125,
          0.4921875,
          0.49609375,
          0.5,
          0.50390625,
          0.5078125,
          0.51171875,
          0.515625,
          0.51953125,
          0.5234375,
          0.52734375,
          0.53125,
          0.53515625,
          0.5390625,
          0.54296875,
          0.546875,
          0.55078125,
          0.5546875,
          0.55859375,
          0.5625,
          0.56640625,
          0.5703125,
          0.57421875,
          0.578125,
          0.58203125,
          0.5859375,
          0.58984375,
          0.59375,
          0.59765625,
          0.6015625,
          0.60546875,
          0.609375,
          0.61328125,
          0.6171875,
          0.62109375,
          0.625,
          0.62890625,
          0.6328125,
          0.63671875,
          0.640625,
          0.64453125,
          0.6484375,
          0.65234375,
          0.65625,
          0.66015625,
          0.6640625,
          0.66796875,
          0.671875,
          0.67578125,
          0.6796875,
          0.68359375,
          0.6875,
          0.69140625,
          0.6953125,
          0.69921875,
          0.703125,
          0.70703125,
          0.7109375,
          0.71484375,
          0.71875,
          0.72265625,
          0.7265625,
          0.73046875,
          0.734375,
          0.73828125,
          0.7421875,
          0.74609375,
          0.75,
          0.75390625,
          0.7578125,
          0.76171875,
          0.765625,
          0.76953125,
          0.7734375,
          0.77734375,
          0.78125,
          0.78515625,
          0.7890625,
          0.79296875,
          0.796875,
          0.80078125,
          0.8046875,
          0.80859375,
          0.8125,
          0.81640625,
          0.8203125,
          0.82421875,
          0.828125,
          0.83203125,
          0.8359375,
          0.83984375,
          0.84375,
          0.84765625,
          0.8515625,
          0.85546875,
          0.859375,
          0.86328125,
          0.8671875,
          0.87109375,
          0.875,
          0.87890625,
          0.8828125,
          0.88671875,
          0.890625,
          0.89453125,
          0.8984375,
          0.90234375,
          0.90625,
          0.91015625,
          0.9140625,
          0.91796875,
          0.921875,
          0.92578125,
          0.9296875,
          0.93359375,
          0.9375,
          0.94140625,
          0.9453125,
          0.94921875,
          0.953125,
          0.95703125,
          0.9609375,
          0.96484375,
          0.96875,
          0.97265625,
          0.9765625,
          0.98046875,
          0.984375,
          0.98828125,
          0.9921875,
          0.99609375
        ]
      },
      "order": 8,
      "dofs": {
        "$type": "ref",
        "value": "139787437300368"
      }
    },
    "139789174671312": {
      "@module": "simsopt._core.optimizable",
      "@class": "DOFs",
      "@name": "139789174671312",
      "@version": "0.1.dev5271+g32ace0e13",
      "x": {
        "@module": "numpy",
        "@class": "array",
        "dtype": "float64",
        "data": [
          587256.9581919047
        ]
      },
      "names": [
        "x0"
      ],
      "free": {
        "@module": "numpy",
        "@class": "array",
        "dtype": "bool",
        "data": [
          false
        ]
      },
      "lower_bounds": {
        "@module": "numpy",
        "@class": "array",
        "dtype": "float64",
        "data": [
          -Infinity
        ]
      },
      "upper_bounds": {
        "@module": "numpy",
        "@class": "array",
        "dtype": "float64",
        "data": [
          Infinity
        ]
      }
    },
    "Current20": {
      "@module": "simsopt.field.coil",
      "@class": "Current",
      "@name": "Current20",
      "@version": "0.1.dev5271+g32ace0e13",
      "current": 587256.9581919047,
      "dofs": {
        "$type": "ref",
        "value": "139789174671312"
      }
    },
    "CurrentSum13": {
      "@module": "simsopt.field.coil",
      "@class": "CurrentSum",
      "@name": "CurrentSum13",
      "@version": "0.1.dev5271+g32ace0e13",
      "current_a": {
        "$type": "ref",
        "value": "ScaledCurrent65"
      },
      "current_b": {
        "$type": "ref",
        "value": "ScaledCurrent66"
      }
    },
    "CurrentSum14": {
      "@module": "simsopt.field.coil",
      "@class": "CurrentSum",
      "@name": "CurrentSum14",
      "@version": "0.1.dev5271+g32ace0e13",
      "current_a": {
        "$type": "ref",
        "value": "CurrentSum13"
      },
      "current_b": {
        "$type": "ref",
        "value": "ScaledCurrent67"
      }
    },
    "ScaledCurrent68": {
      "@module": "simsopt.field.coil",
      "@class": "ScaledCurrent",
      "@name": "ScaledCurrent68",
      "@version": "0.1.dev5271+g32ace0e13",
      "current_to_scale": {
        "$type": "ref",
        "value": "CurrentSum14"
      },
      "scale": -1.0
    },
    "CurrentSum15": {
      "@module": "simsopt.field.coil",
      "@class": "CurrentSum",
      "@name": "CurrentSum15",
      "@version": "0.1.dev5271+g32ace0e13",
      "current_a": {
        "$type": "ref",
        "value": "Current20"
      },
      "current_b": {
        "$type": "ref",
        "value": "ScaledCurrent68"
      }
    },
    "RegularizedCoil244": {
      "@module": "simsopt.field.coil",
      "@class": "RegularizedCoil",
      "@name": "RegularizedCoil244",
      "@version": "0.1.dev5271+g32ace0e13",
      "curve": {
        "$type": "ref",
        "value": "CurveXYZFourier28"
      },
      "current": {
        "$type": "ref",
        "value": "CurrentSum15"
      },
      "regularization": {
        "@module": "numpy",
        "@class": "array",
        "dtype": "float64",
        "data": 0.09704490555402136
      }
    },
    "RotatedCurve201": {
      "@module": "simsopt.geo.curve",
      "@class": "RotatedCurve",
      "@name": "RotatedCurve201",
      "@version": "0.1.dev5271+g32ace0e13",
      "curve": {
        "$type": "ref",
        "value": "CurveXYZFourier25"
      },
      "phi": 0.0,
      "flip": true
    },
    "ScaledCurrent161": {
      "@module": "simsopt.field.coil",
      "@class": "ScaledCurrent",
      "@name": "ScaledCurrent161",
      "@version": "0.1.dev5271+g32ace0e13",
      "current_to_scale": {
        "$type": "ref",
        "value": "ScaledCurrent65"
      },
      "scale": -1.0
    },
    "RegularizedCoil245": {
      "@module": "simsopt.field.coil",
      "@class": "RegularizedCoil",
      "@name": "RegularizedCoil245",
      "@version": "0.1.dev5271+g32ace0e13",
      "curve": {
        "$type": "ref",
        "value": "RotatedCurve201"
      },
      "current": {
        "$type": "ref",
        "value": "ScaledCurrent161"
      },
      "regularization": {
        "@module": "numpy",
        "@class": "array",
        "dtype": "float64",
        "data": 0.09704490555402136
      }
    },
    "RotatedCurve202": {
      "@module": "simsopt.geo.curve",
      "@class": "RotatedCurve",
      "@name": "RotatedCurve202",
      "@version": "0.1.dev5271+g32ace0e13",
      "curve": {
        "$type": "ref",
        "value": "CurveXYZFourier26"
      },
      "phi": 0.0,
      "flip": true
    },
    "ScaledCurrent162": {
      "@module": "simsopt.field.coil",
      "@class": "ScaledCurrent",
      "@name": "ScaledCurrent162",
      "@version": "0.1.dev5271+g32ace0e13",
      "current_to_scale": {
        "$type": "ref",
        "value": "ScaledCurrent66"
      },
      "scale": -1.0
    },
    "RegularizedCoil246": {
      "@module": "simsopt.field.coil",
      "@class": "RegularizedCoil",
      "@name": "RegularizedCoil246",
      "@version": "0.1.dev5271+g32ace0e13",
      "curve": {
        "$type": "ref",
        "value": "RotatedCurve202"
      },
      "current": {
        "$type": "ref",
        "value": "ScaledCurrent162"
      },
      "regularization": {
        "@module": "numpy",
        "@class": "array",
        "dtype": "float64",
        "data": 0.09704490555402136
      }
    },
    "RotatedCurve203": {
      "@module": "simsopt.geo.curve",
      "@class": "RotatedCurve",
      "@name": "RotatedCurve203",
      "@version": "0.1.dev5271+g32ace0e13",
      "curve": {
        "$type": "ref",
        "value": "CurveXYZFourier27"
      },
      "phi": 0.0,
      "flip": true
    },
    "ScaledCurrent163": {
      "@module": "simsopt.field.coil",
      "@class": "ScaledCurrent",
      "@name": "ScaledCurrent163",
      "@version": "0.1.dev5271+g32ace0e13",
      "current_to_scale": {
        "$type": "ref",
        "value": "ScaledCurrent67"
      },
      "scale": -1.0
    },
    "RegularizedCoil247": {
      "@module": "simsopt.field.coil",
      "@class": "RegularizedCoil",
      "@name": "RegularizedCoil247",
      "@version": "0.1.dev5271+g32ace0e13",
      "curve": {
        "$type": "ref",
        "value": "RotatedCurve203"
      },
      "current": {
        "$type": "ref",
        "value": "ScaledCurrent163"
      },
      "regularization": {
        "@module": "numpy",
        "@class": "array",
        "dtype": "float64",
        "data": 0.09704490555402136
      }
    },
    "RotatedCurve204": {
      "@module": "simsopt.geo.curve",
      "@class": "RotatedCurve",
      "@name": "RotatedCurve204",
      "@version": "0.1.dev5271+g32ace0e13",
      "curve": {
        "$type": "ref",
        "value": "CurveXYZFourier28"
      },
      "phi": 0.0,
      "flip": true
    },
    "ScaledCurrent164": {
      "@module": "simsopt.field.coil",
      "@class": "ScaledCurrent",
      "@name": "ScaledCurrent164",
      "@version": "0.1.dev5271+g32ace0e13",
      "current_to_scale": {
        "$type": "ref",
        "value": "CurrentSum15"
      },
      "scale": -1.0
    },
    "RegularizedCoil248": {
      "@module": "simsopt.field.coil",
      "@class": "RegularizedCoil",
      "@name": "RegularizedCoil248",
      "@version": "0.1.dev5271+g32ace0e13",
      "curve": {
        "$type": "ref",
        "value": "RotatedCurve204"
      },
      "current": {
        "$type": "ref",
        "value": "ScaledCurrent164"
      },
      "regularization": {
        "@module": "numpy",
        "@class": "array",
        "dtype": "float64",
        "data": 0.09704490555402136
      }
    },
    "RotatedCurve205": {
      "@module": "simsopt.geo.curve",
      "@class": "RotatedCurve",
      "@name": "RotatedCurve205",
      "@version": "0.1.dev5271+g32ace0e13",
      "curve": {
        "$type": "ref",
        "value": "CurveXYZFourier25"
      },
      "phi": 2.0943951023931953,
      "flip": false
    },
    "RegularizedCoil249": {
      "@module": "simsopt.field.coil",
      "@class": "RegularizedCoil",
      "@name": "RegularizedCoil249",
      "@version": "0.1.dev5271+g32ace0e13",
      "curve": {
        "$type": "ref",
        "value": "RotatedCurve205"
      },
      "current": {
        "$type": "ref",
        "value": "ScaledCurrent65"
      },
      "regularization": {
        "@module": "numpy",
        "@class": "array",
        "dtype": "float64",
        "data": 0.09704490555402136
      }
    },
    "RotatedCurve206": {
      "@module": "simsopt.geo.curve",
      "@class": "RotatedCurve",
      "@name": "RotatedCurve206",
      "@version": "0.1.dev5271+g32ace0e13",
      "curve": {
        "$type": "ref",
        "value": "CurveXYZFourier26"
      },
      "phi": 2.0943951023931953,
      "flip": false
    },
    "RegularizedCoil250": {
      "@module": "simsopt.field.coil",
      "@class": "RegularizedCoil",
      "@name": "RegularizedCoil250",
      "@version": "0.1.dev5271+g32ace0e13",
      "curve": {
        "$type": "ref",
        "value": "RotatedCurve206"
      },
      "current": {
        "$type": "ref",
        "value": "ScaledCurrent66"
      },
      "regularization": {
        "@module": "numpy",
        "@class": "array",
        "dtype": "float64",
        "data": 0.09704490555402136
      }
    },
    "RotatedCurve207": {
      "@module": "simsopt.geo.curve",
      "@class": "RotatedCurve",
      "@name": "RotatedCurve207",
      "@version": "0.1.dev5271+g32ace0e13",
      "curve": {
        "$type": "ref",
        "value": "CurveXYZFourier27"
      },
      "phi": 2.0943951023931953,
      "flip": false
    },
    "RegularizedCoil251": {
      "@module": "simsopt.field.coil",
      "@class": "RegularizedCoil",
      "@name": "RegularizedCoil251",
      "@version": "0.1.dev5271+g32ace0e13",
      "curve": {
        "$type": "ref",
        "value": "RotatedCurve207"
      },
      "current": {
        "$type": "ref",
        "value": "ScaledCurrent67"
      },
      "regularization": {
        "@module": "numpy",
        "@class": "array",
        "dtype": "float64",
        "data": 0.09704490555402136
      }
    },
    "RotatedCurve208": {
      "@module": "simsopt.geo.curve",
      "@class": "RotatedCurve",
      "@name": "RotatedCurve208",
      "@version": "0.1.dev5271+g32ace0e13",
      "curve": {
        "$type": "ref",
        "value": "CurveXYZFourier28"
      },
      "phi": 2.0943951023931953,
      "flip": false
    },
    "RegularizedCoil252": {
      "@module": "simsopt.field.coil",
      "@class": "RegularizedCoil",
      "@name": "RegularizedCoil252",
      "@version": "0.1.dev5271+g32ace0e13",
      "curve": {
        "$type": "ref",
        "value": "RotatedCurve208"
      },
      "current": {
        "$type": "ref",
        "value": "CurrentSum15"
      },
      "regularization": {
        "@module": "numpy",
        "@class": "array",
        "dtype": "float64",
        "data": 0.09704490555402136
      }
    },
    "RotatedCurve209": {
      "@module": "simsopt.geo.curve",
      "@class": "RotatedCurve",
      "@name": "RotatedCurve209",
      "@version": "0.1.dev5271+g32ace0e13",
      "curve": {
        "$type": "ref",
        "value": "CurveXYZFourier25"
      },
      "phi": 2.0943951023931953,
      "flip": true
    },
    "ScaledCurrent165": {
      "@module": "simsopt.field.coil",
      "@class": "ScaledCurrent",
      "@name": "ScaledCurrent165",
      "@version": "0.1.dev5271+g32ace0e13",
      "current_to_scale": {
        "$type": "ref",
        "value": "ScaledCurrent65"
      },
      "scale": -1.0
    },
    "RegularizedCoil253": {
      "@module": "simsopt.field.coil",
      "@class": "RegularizedCoil",
      "@name": "RegularizedCoil253",
      "@version": "0.1.dev5271+g32ace0e13",
      "curve": {
        "$type": "ref",
        "value": "RotatedCurve209"
      },
      "current": {
        "$type": "ref",
        "value": "ScaledCurrent165"
      },
      "regularization": {
        "@module": "numpy",
        "@class": "array",
        "dtype": "float64",
        "data": 0.09704490555402136
      }
    },
    "RotatedCurve210": {
      "@module": "simsopt.geo.curve",
      "@class": "RotatedCurve",
      "@name": "RotatedCurve210",
      "@version": "0.1.dev5271+g32ace0e13",
      "curve": {
        "$type": "ref",
        "value": "CurveXYZFourier26"
      },
      "phi": 2.0943951023931953,
      "flip": true
    },
    "ScaledCurrent166": {
      "@module": "simsopt.field.coil",
      "@class": "ScaledCurrent",
      "@name": "ScaledCurrent166",
      "@version": "0.1.dev5271+g32ace0e13",
      "current_to_scale": {
        "$type": "ref",
        "value": "ScaledCurrent66"
      },
      "scale": -1.0
    },
    "RegularizedCoil254": {
      "@module": "simsopt.field.coil",
      "@class": "RegularizedCoil",
      "@name": "RegularizedCoil254",
      "@version": "0.1.dev5271+g32ace0e13",
      "curve": {
        "$type": "ref",
        "value": "RotatedCurve210"
      },
      "current": {
        "$type": "ref",
        "value": "ScaledCurrent166"
      },
      "regularization": {
        "@module": "numpy",
        "@class": "array",
        "dtype": "float64",
        "data": 0.09704490555402136
      }
    },
    "RotatedCurve211": {
      "@module": "simsopt.geo.curve",
      "@class": "RotatedCurve",
      "@name": "RotatedCurve211",
      "@version": "0.1.dev5271+g32ace0e13",
      "curve": {
        "$type": "ref",
        "value": "CurveXYZFourier27"
      },
      "phi": 2.0943951023931953,
      "flip": true
    },
    "ScaledCurrent167": {
      "@module": "simsopt.field.coil",
      "@class": "ScaledCurrent",
      "@name": "ScaledCurrent167",
      "@version": "0.1.dev5271+g32ace0e13",
      "current_to_scale": {
        "$type": "ref",
        "value": "ScaledCurrent67"
      },
      "scale": -1.0
    },
    "RegularizedCoil255": {
      "@module": "simsopt.field.coil",
      "@class": "RegularizedCoil",
      "@name": "RegularizedCoil255",
      "@version": "0.1.dev5271+g32ace0e13",
      "curve": {
        "$type": "ref",
        "value": "RotatedCurve211"
      },
      "current": {
        "$type": "ref",
        "value": "ScaledCurrent167"
      },
      "regularization": {
        "@module": "numpy",
        "@class": "array",
        "dtype": "float64",
        "data": 0.09704490555402136
      }
    },
    "RotatedCurve212": {
      "@module": "simsopt.geo.curve",
      "@class": "RotatedCurve",
      "@name": "RotatedCurve212",
      "@version": "0.1.dev5271+g32ace0e13",
      "curve": {
        "$type": "ref",
        "value": "CurveXYZFourier28"
      },
      "phi": 2.0943951023931953,
      "flip": true
    },
    "ScaledCurrent168": {
      "@module": "simsopt.field.coil",
      "@class": "ScaledCurrent",
      "@name": "ScaledCurrent168",
      "@version": "0.1.dev5271+g32ace0e13",
      "current_to_scale": {
        "$type": "ref",
        "value": "CurrentSum15"
      },
      "scale": -1.0
    },
    "RegularizedCoil256": {
      "@module": "simsopt.field.coil",
      "@class": "RegularizedCoil",
      "@name": "RegularizedCoil256",
      "@version": "0.1.dev5271+g32ace0e13",
      "curve": {
        "$type": "ref",
        "value": "RotatedCurve212"
      },
      "current": {
        "$type": "ref",
        "value": "ScaledCurrent168"
      },
      "regularization": {
        "@module": "numpy",
        "@class": "array",
        "dtype": "float64",
        "data": 0.09704490555402136
      }
    },
    "RotatedCurve213": {
      "@module": "simsopt.geo.curve",
      "@class": "RotatedCurve",
      "@name": "RotatedCurve213",
      "@version": "0.1.dev5271+g32ace0e13",
      "curve": {
        "$type": "ref",
        "value": "CurveXYZFourier25"
      },
      "phi": 4.1887902047863905,
      "flip": false
    },
    "RegularizedCoil257": {
      "@module": "simsopt.field.coil",
      "@class": "RegularizedCoil",
      "@name": "RegularizedCoil257",
      "@version": "0.1.dev5271+g32ace0e13",
      "curve": {
        "$type": "ref",
        "value": "RotatedCurve213"
      },
      "current": {
        "$type": "ref",
        "value": "ScaledCurrent65"
      },
      "regularization": {
        "@module": "numpy",
        "@class": "array",
        "dtype": "float64",
        "data": 0.09704490555402136
      }
    },
    "RotatedCurve214": {
      "@module": "simsopt.geo.curve",
      "@class": "RotatedCurve",
      "@name": "RotatedCurve214",
      "@version": "0.1.dev5271+g32ace0e13",
      "curve": {
        "$type": "ref",
        "value": "CurveXYZFourier26"
      },
      "phi": 4.1887902047863905,
      "flip": false
    },
    "RegularizedCoil258": {
      "@module": "simsopt.field.coil",
      "@class": "RegularizedCoil",
      "@name": "RegularizedCoil258",
      "@version": "0.1.dev5271+g32ace0e13",
      "curve": {
        "$type": "ref",
        "value": "RotatedCurve214"
      },
      "current": {
        "$type": "ref",
        "value": "ScaledCurrent66"
      },
      "regularization": {
        "@module": "numpy",
        "@class": "array",
        "dtype": "float64",
        "data": 0.09704490555402136
      }
    },
    "RotatedCurve215": {
      "@module": "simsopt.geo.curve",
      "@class": "RotatedCurve",
      "@name": "RotatedCurve215",
      "@version": "0.1.dev5271+g32ace0e13",
      "curve": {
        "$type": "ref",
        "value": "CurveXYZFourier27"
      },
      "phi": 4.1887902047863905,
      "flip": false
    },
    "RegularizedCoil259": {
      "@module": "simsopt.field.coil",
      "@class": "RegularizedCoil",
      "@name": "RegularizedCoil259",
      "@version": "0.1.dev5271+g32ace0e13",
      "curve": {
        "$type": "ref",
        "value": "RotatedCurve215"
      },
      "current": {
        "$type": "ref",
        "value": "ScaledCurrent67"
      },
      "regularization": {
        "@module": "numpy",
        "@class": "array",
        "dtype": "float64",
        "data": 0.09704490555402136
      }
    },
    "RotatedCurve216": {
      "@module": "simsopt.geo.curve",
      "@class": "RotatedCurve",
      "@name": "RotatedCurve216",
      "@version": "0.1.dev5271+g32ace0e13",
      "curve": {
        "$type": "ref",
        "value": "CurveXYZFourier28"
      },
      "phi": 4.1887902047863905,
      "flip": false
    },
    "RegularizedCoil260": {
      "@module": "simsopt.field.coil",
      "@class": "RegularizedCoil",
      "@name": "RegularizedCoil260",
      "@version": "0.1.dev5271+g32ace0e13",
      "curve": {
        "$type": "ref",
        "value": "RotatedCurve216"
      },
      "current": {
        "$type": "ref",
        "value": "CurrentSum15"
      },
      "regularization": {
        "@module": "numpy",
        "@class": "array",
        "dtype": "float64",
        "data": 0.09704490555402136
      }
    },
    "RotatedCurve217": {
      "@module": "simsopt.geo.curve",
      "@class": "RotatedCurve",
      "@name": "RotatedCurve217",
      "@version": "0.1.dev5271+g32ace0e13",
      "curve": {
        "$type": "ref",
        "value": "CurveXYZFourier25"
      },
      "phi": 4.1887902047863905,
      "flip": true
    },
    "ScaledCurrent169": {
      "@module": "simsopt.field.coil",
      "@class": "ScaledCurrent",
      "@name": "ScaledCurrent169",
      "@version": "0.1.dev5271+g32ace0e13",
      "current_to_scale": {
        "$type": "ref",
        "value": "ScaledCurrent65"
      },
      "scale": -1.0
    },
    "RegularizedCoil261": {
      "@module": "simsopt.field.coil",
      "@class": "RegularizedCoil",
      "@name": "RegularizedCoil261",
      "@version": "0.1.dev5271+g32ace0e13",
      "curve": {
        "$type": "ref",
        "value": "RotatedCurve217"
      },
      "current": {
        "$type": "ref",
        "value": "ScaledCurrent169"
      },
      "regularization": {
        "@module": "numpy",
        "@class": "array",
        "dtype": "float64",
        "data": 0.09704490555402136
      }
    },
    "RotatedCurve218": {
      "@module": "simsopt.geo.curve",
      "@class": "RotatedCurve",
      "@name": "RotatedCurve218",
      "@version": "0.1.dev5271+g32ace0e13",
      "curve": {
        "$type": "ref",
        "value": "CurveXYZFourier26"
      },
      "phi": 4.1887902047863905,
      "flip": true
    },
    "ScaledCurrent170": {
      "@module": "simsopt.field.coil",
      "@class": "ScaledCurrent",
      "@name": "ScaledCurrent170",
      "@version": "0.1.dev5271+g32ace0e13",
      "current_to_scale": {
        "$type": "ref",
        "value": "ScaledCurrent66"
      },
      "scale": -1.0
    },
    "RegularizedCoil262": {
      "@module": "simsopt.field.coil",
      "@class": "RegularizedCoil",
      "@name": "RegularizedCoil262",
      "@version": "0.1.dev5271+g32ace0e13",
      "curve": {
        "$type": "ref",
        "value": "RotatedCurve218"
      },
      "current": {
        "$type": "ref",
        "value": "ScaledCurrent170"
      },
      "regularization": {
        "@module": "numpy",
        "@class": "array",
        "dtype": "float64",
        "data": 0.09704490555402136
      }
    },
    "RotatedCurve219": {
      "@module": "simsopt.geo.curve",
      "@class": "RotatedCurve",
      "@name": "RotatedCurve219",
      "@version": "0.1.dev5271+g32ace0e13",
      "curve": {
        "$type": "ref",
        "value": "CurveXYZFourier27"
      },
      "phi": 4.1887902047863905,
      "flip": true
    },
    "ScaledCurrent171": {
      "@module": "simsopt.field.coil",
      "@class": "ScaledCurrent",
      "@name": "ScaledCurrent171",
      "@version": "0.1.dev5271+g32ace0e13",
      "current_to_scale": {
        "$type": "ref",
        "value": "ScaledCurrent67"
      },
      "scale": -1.0
    },
    "RegularizedCoil263": {
      "@module": "simsopt.field.coil",
      "@class": "RegularizedCoil",
      "@name": "RegularizedCoil263",
      "@version": "0.1.dev5271+g32ace0e13",
      "curve": {
        "$type": "ref",
        "value": "RotatedCurve219"
      },
      "current": {
        "$type": "ref",
        "value": "ScaledCurrent171"
      },
      "regularization": {
        "@module": "numpy",
        "@class": "array",
        "dtype": "float64",
        "data": 0.09704490555402136
      }
    },
    "RotatedCurve220": {
      "@module": "simsopt.geo.curve",
      "@class": "RotatedCurve",
      "@name": "RotatedCurve220",
      "@version": "0.1.dev5271+g32ace0e13",
      "curve": {
        "$type": "ref",
        "value": "CurveXYZFourier28"
      },
      "phi": 4.1887902047863905,
      "flip": true
    },
    "ScaledCurrent172": {
      "@module": "simsopt.field.coil",
      "@class": "ScaledCurrent",
      "@name": "ScaledCurrent172",
      "@version": "0.1.dev5271+g32ace0e13",
      "current_to_scale": {
        "$type": "ref",
        "value": "CurrentSum15"
      },
      "scale": -1.0
    },
    "RegularizedCoil264": {
      "@module": "simsopt.field.coil",
      "@class": "RegularizedCoil",
      "@name": "RegularizedCoil264",
      "@version": "0.1.dev5271+g32ace0e13",
      "curve": {
        "$type": "ref",
        "value": "RotatedCurve220"
      },
      "current": {
        "$type": "ref",
        "value": "ScaledCurrent172"
      },
      "regularization": {
        "@module": "numpy",
        "@class": "array",
        "dtype": "float64",
        "data": 0.09704490555402136
      }
    }
  }
}