{
  "metadata": {
    "method_name": "",
    "contact": "akaptano",
    "hardware": "CPU: AMD EPYC 7763 64-Core Processor | RAM: 15.6GB",
    "notes": "",
    "run_date": "2026-01-28T19:23:03.429515"
  },
  "metrics": {
    "fourier_continuation": true,
    "fourier_orders": [
      4,
      8
    ],
    "final_order": 8,
    "continuation_results": [
      {
        "initial_B_field": 0.499999726517692,
        "final_B_field": 0.5194674083593509,
        "target_B_field": 0.5,
        "optimization_time": 329.5996205806732,
        "final_normalized_squared_flux": 0.0012100077161892615,
        "_cached_thresholds": {
          "length_threshold": 30.0,
          "flux_threshold": 1e-08,
          "cc_threshold": 0.112753336,
          "cs_threshold": 0.183224171,
          "msc_threshold": 7.095133752849672,
          "arclength_variation_threshold": 0.0,
          "curvature_threshold": 7.095133752849672,
          "force_threshold": 0.0076946752847029875,
          "torque_threshold": 0.0076946752847029875,
          "coil_width": 0.056376668,
          "R0": 7.095133752849672
        },
        "final_min_cs_separation": 0.180395667764434,
        "final_min_cc_separation": 0.11000326542099097,
        "final_total_length": 25.345945775717837,
        "final_max_curvature": 3.2770413932540015,
        "final_average_curvature": 1.8080192852677717,
        "final_arclength_variation": 0.017955223128689076,
        "final_mean_squared_curvature": 5.058788366551935,
        "final_linking_number": 0,
        "final_max_max_coil_force": 175461.37850178804,
        "final_avg_max_coil_force": 86269.30239949567,
        "final_max_max_coil_torque": 120422.60683514425,
        "final_avg_max_coil_torque": 43640.86252250467,
        "avg_BdotN_over_B": 0.017596363352601146,
        "max_BdotN_over_B": 0.08375883978816351,
        "lagrange_multipliers": null,
        "output_directory": "/home/runner/work/stellcoilbench/stellcoilbench/submissions/c09r00_B_axis_half_tesla_PM4Stell/akaptano/01-28-2026_19-23/order_4",
        "flux_threshold": 1e-08,
        "cc_threshold": 0.112753336,
        "cs_threshold": 0.183224171,
        "msc_threshold": 7.095133752849672,
        "arclength_variation_threshold": 0.0,
        "curvature_threshold": 7.095133752849672,
        "force_threshold": 0.0076946752847029875,
        "torque_threshold": 0.0076946752847029875,
        "fourier_order": 4,
        "continuation_step": 1
      },
      {
        "initial_B_field": 0.5194674083593509,
        "final_B_field": 0.5197987485120041,
        "target_B_field": 0.5,
        "optimization_time": 390.23489260673523,
        "final_normalized_squared_flux": 0.00010326923385604231,
        "_cached_thresholds": {
          "length_threshold": 30.0,
          "flux_threshold": 1e-08,
          "cc_threshold": 0.112753336,
          "cs_threshold": 0.183224171,
          "msc_threshold": 7.095133752849672,
          "arclength_variation_threshold": 0.0,
          "curvature_threshold": 7.095133752849672,
          "force_threshold": 1.0,
          "torque_threshold": 1.0,
          "coil_width": 0.056376668,
          "R0": 7.095133752849672
        },
        "final_min_cs_separation": 0.18269493162958275,
        "final_min_cc_separation": 0.11219072806070537,
        "final_total_length": 29.999516001784965,
        "final_max_curvature": 4.010793856942484,
        "final_average_curvature": 2.1132304735692196,
        "final_arclength_variation": 0.0036603464208307844,
        "final_mean_squared_curvature": 7.108690794880441,
        "final_linking_number": 0,
        "final_max_max_coil_force": 142855.27109575586,
        "final_avg_max_coil_force": 83401.85952753169,
        "final_max_max_coil_torque": 82035.95491604829,
        "final_avg_max_coil_torque": 39880.29370049622,
        "avg_BdotN_over_B": 0.0050104396341766584,
        "max_BdotN_over_B": 0.025202193502980294,
        "lagrange_multipliers": null,
        "output_directory": "/home/runner/work/stellcoilbench/stellcoilbench/submissions/c09r00_B_axis_half_tesla_PM4Stell/akaptano/01-28-2026_19-23/order_8",
        "flux_threshold": 1e-08,
        "cc_threshold": 0.112753336,
        "cs_threshold": 0.183224171,
        "msc_threshold": 7.095133752849672,
        "arclength_variation_threshold": 0.0,
        "curvature_threshold": 7.095133752849672,
        "force_threshold": 1.0,
        "torque_threshold": 1.0,
        "fourier_order": 8,
        "continuation_step": 2
      }
    ],
    "initial_B_field": 0.5194674083593509,
    "final_B_field": 0.5197987485120041,
    "target_B_field": 0.5,
    "optimization_time": 390.23489260673523,
    "final_normalized_squared_flux": 0.00010326923385604231,
    "_cached_thresholds": {
      "length_threshold": 30.0,
      "flux_threshold": 1e-08,
      "cc_threshold": 0.112753336,
      "cs_threshold": 0.183224171,
      "msc_threshold": 7.095133752849672,
      "arclength_variation_threshold": 0.0,
      "curvature_threshold": 7.095133752849672,
      "force_threshold": 1.0,
      "torque_threshold": 1.0,
      "coil_width": 0.056376668,
      "R0": 7.095133752849672
    },
    "final_min_cs_separation": 0.18269493162958275,
    "final_min_cc_separation": 0.11219072806070537,
    "final_total_length": 29.999516001784965,
    "final_max_curvature": 4.010793856942484,
    "final_average_curvature": 2.1132304735692196,
    "final_arclength_variation": 0.0036603464208307844,
    "final_mean_squared_curvature": 7.108690794880441,
    "final_linking_number": 0,
    "final_max_max_coil_force": 142855.27109575586,
    "final_avg_max_coil_force": 83401.85952753169,
    "final_max_max_coil_torque": 82035.95491604829,
    "final_avg_max_coil_torque": 39880.29370049622,
    "avg_BdotN_over_B": 0.0050104396341766584,
    "max_BdotN_over_B": 0.025202193502980294,
    "lagrange_multipliers": null,
    "output_directory": "/home/runner/work/stellcoilbench/stellcoilbench/submissions/c09r00_B_axis_half_tesla_PM4Stell/akaptano/01-28-2026_19-23/order_8",
    "flux_threshold": 1e-08,
    "cc_threshold": 0.112753336,
    "cs_threshold": 0.183224171,
    "msc_threshold": 7.095133752849672,
    "arclength_variation_threshold": 0.0,
    "curvature_threshold": 7.095133752849672,
    "force_threshold": 1.0,
    "torque_threshold": 1.0,
    "fourier_order": 8,
    "continuation_step": 2,
    "BdotN": 0.0003879072029123818,
    "BdotN_over_B": 0.0008111744995827001
  }
}