{
  "metadata": {
    "method_name": "",
    "contact": "akaptano",
    "hardware": "CPU: Intel(R) Xeon(R) Platinum 8370C CPU @ 2.80GHz | RAM: 7.8GB",
    "notes": "",
    "run_date": "2025-12-01T01:51:29.688228"
  },
  "metrics": {
    "initial_B_field": 0.9998258195958676,
    "final_B_field": 1.002356851284818,
    "target_B_field": 1.0,
    "optimization_time": 30.33704900741577,
    "final_normalized_squared_flux": 0.016137297726616227,
    "final_min_cs_separation": 0.10719407139164518,
    "final_min_cc_separation": 0.2184445363940109,
    "final_total_length": 10.784137899322337,
    "final_max_curvature": 7.504806923422474,
    "final_average_curvature": 2.652606216721007,
    "final_mean_squared_curvature": 10.790787534811141,
    "final_linking_number": 0,
    "final_max_max_coil_force": 244490.70128890238,
    "final_avg_max_coil_force": 234761.13433389636,
    "final_max_max_coil_torque": 49785.81006040528,
    "final_avg_max_coil_torque": 41828.919747623426,
    "avg_BdotN_over_B": 0.15791837093857247,
    "max_BdotN_over_B": 0.46694030934260755,
    "lagrange_multipliers": null,
    "output_directory": ".",
    "flux_threshold": 1e-08,
    "cc_threshold": 0.08,
    "cs_threshold": 0.13,
    "msc_threshold": 10.0,
    "curvature_threshold": 10.0,
    "force_threshold": 0.03077870113881194,
    "torque_threshold": 0.03077870113881194
  }
}