{
  "metadata": {
    "method_name": "",
    "contact": "akaptano",
    "hardware": "CPU: AMD EPYC 7763 64-Core Processor | RAM: 15.6GB",
    "notes": "",
    "run_date": "2026-01-22T20:26:50.036520"
  },
  "metrics": {
    "initial_B_field": 2.4999997858957492,
    "final_B_field": 2.570401415218968,
    "target_B_field": 2.5,
    "optimization_time": 600.3480789661407,
    "final_normalized_squared_flux": 0.00591961782726647,
    "final_min_cs_separation": 0.2237091662955159,
    "final_min_cc_separation": 0.4064133335645937,
    "final_total_length": 35.40775246093549,
    "final_max_curvature": 4.883747384542187,
    "final_average_curvature": 1.431035894047249,
    "final_arclength_variation": 0.5928100309136866,
    "final_mean_squared_curvature": 2.79828480565574,
    "final_linking_number": 0,
    "final_max_max_coil_force": 2492590.991187222,
    "final_avg_max_coil_force": 2125954.55984715,
    "final_max_max_coil_torque": 1113701.5993193095,
    "final_avg_max_coil_torque": 828276.5828147955,
    "avg_BdotN_over_B": 0.09493685232295841,
    "max_BdotN_over_B": 0.33399857952545303,
    "lagrange_multipliers": [
      -0.417022004702574,
      -0.7203244934421581,
      -0.0,
      -0.0,
      -0.0,
      -0.0923385947687978,
      -0.0,
      -0.0,
      -0.39676747423066994
    ],
    "output_directory": "/home/runner/work/stellcoilbench/stellcoilbench/submissions/W7-X_without_coil_ripple_beta0p05_d23p4_tm/akaptano/01-22-2026_20-26",
    "flux_threshold": 1e-08,
    "cc_threshold": 0.44000000000000006,
    "cs_threshold": 0.7150000000000001,
    "msc_threshold": 1.8181818181818181,
    "arclength_variation_threshold": 0.0,
    "curvature_threshold": 1.8181818181818181,
    "force_threshold": 0.1923668821175746,
    "torque_threshold": 0.1923668821175746
  }
}