{
  "metadata": {
    "method_name": "",
    "contact": "akaptano",
    "hardware": "CPU: AMD EPYC 7763 64-Core Processor | RAM: 15.6GB",
    "notes": "",
    "run_date": "2026-01-22T23:43:23.207966"
  },
  "metrics": {
    "fourier_continuation": true,
    "fourier_orders": [
      4,
      6,
      8
    ],
    "final_order": 8,
    "continuation_results": [
      {
        "initial_B_field": 0.9999401852633265,
        "final_B_field": 0.508607854781424,
        "target_B_field": 1.0,
        "optimization_time": 1243.4211325645447,
        "final_normalized_squared_flux": 1.8296332126877455e-05,
        "_cached_thresholds": {
          "length_threshold": 20.0,
          "flux_threshold": 1e-08,
          "cc_threshold": 0.08,
          "cs_threshold": 0.13,
          "msc_threshold": 10.0,
          "arclength_variation_threshold": 0.0,
          "curvature_threshold": 10.0,
          "force_threshold": 0.03077870113881195,
          "torque_threshold": 0.03077870113881195,
          "coil_width": 0.04,
          "R0": 10.0
        },
        "final_min_cs_separation": 0.0013032758062538252,
        "final_min_cc_separation": 0.10232603945763219,
        "final_total_length": 20.09229445427369,
        "final_max_curvature": 10.730119978614768,
        "final_average_curvature": 2.317331130983016,
        "final_arclength_variation": 6.79985260517292,
        "final_mean_squared_curvature": 13.44298840122518,
        "final_linking_number": 0,
        "final_max_max_coil_force": 47508.253974733656,
        "final_avg_max_coil_force": 43853.255977717505,
        "final_max_max_coil_torque": 32252.37862161975,
        "final_avg_max_coil_torque": 29497.604525709285,
        "avg_BdotN_over_B": 0.06201323808812208,
        "max_BdotN_over_B": 0.9970889627210481,
        "lagrange_multipliers": [
          -11103245.391065048,
          -918136.3168753498,
          -4.9175931811119356e-05,
          -235833752.42194894,
          -828.9068146335985,
          -0.22878771287108662,
          -0.0,
          -417543567.2276173
        ],
        "output_directory": "/home/runner/work/stellcoilbench/stellcoilbench/submissions/LandremanPaul2021_QA/akaptano/01-22-2026_23-43/order_4",
        "flux_threshold": 1e-08,
        "cc_threshold": 0.08,
        "cs_threshold": 0.13,
        "msc_threshold": 10.0,
        "arclength_variation_threshold": 0.0,
        "curvature_threshold": 10.0,
        "force_threshold": 0.03077870113881195,
        "torque_threshold": 0.03077870113881195,
        "fourier_order": 4,
        "continuation_step": 1
      },
      {
        "initial_B_field": 0.508607854781424,
        "final_B_field": 0.8866301097797753,
        "target_B_field": 1.0,
        "optimization_time": 1258.28235912323,
        "final_normalized_squared_flux": 2.384315719109506e-06,
        "_cached_thresholds": {
          "length_threshold": 20.0,
          "flux_threshold": 1e-08,
          "cc_threshold": 0.08,
          "cs_threshold": 0.13,
          "msc_threshold": 10.0,
          "arclength_variation_threshold": 0.0,
          "curvature_threshold": 10.0,
          "force_threshold": 1.0,
          "torque_threshold": 1.0,
          "coil_width": 0.04,
          "R0": 10.0
        },
        "final_min_cs_separation": 0.0008460049784126904,
        "final_min_cc_separation": 0.12958602575829767,
        "final_total_length": 20.06411077757162,
        "final_max_curvature": 10.155652369585335,
        "final_average_curvature": 2.4994354933331353,
        "final_arclength_variation": 7.212576495915893,
        "final_mean_squared_curvature": 17.243753525395107,
        "final_linking_number": 0,
        "final_max_max_coil_force": 777572.5976840812,
        "final_avg_max_coil_force": 247828.22083795667,
        "final_max_max_coil_torque": 442954.9094120086,
        "final_avg_max_coil_torque": 134984.08458471086,
        "avg_BdotN_over_B": 0.024621783441243092,
        "max_BdotN_over_B": 0.9986748477500041,
        "lagrange_multipliers": [
          -1866213.4938781443,
          -26.358459364459783,
          -0.0,
          -154217338.36564305,
          -21255.588730650245,
          -3.3983210958665717,
          -0.0,
          -0.0002239472195125914
        ],
        "output_directory": "/home/runner/work/stellcoilbench/stellcoilbench/submissions/LandremanPaul2021_QA/akaptano/01-22-2026_23-43/order_6",
        "flux_threshold": 1e-08,
        "cc_threshold": 0.08,
        "cs_threshold": 0.13,
        "msc_threshold": 10.0,
        "arclength_variation_threshold": 0.0,
        "curvature_threshold": 10.0,
        "force_threshold": 1.0,
        "torque_threshold": 1.0,
        "fourier_order": 6,
        "continuation_step": 2
      },
      {
        "initial_B_field": 0.8866301097797753,
        "final_B_field": 1.0904979101158259,
        "target_B_field": 1.0,
        "optimization_time": 1100.6963996887207,
        "final_normalized_squared_flux": 5.3249828069002695e-05,
        "_cached_thresholds": {
          "length_threshold": 20.0,
          "flux_threshold": 1e-08,
          "cc_threshold": 0.08,
          "cs_threshold": 0.13,
          "msc_threshold": 10.0,
          "arclength_variation_threshold": 0.0,
          "curvature_threshold": 10.0,
          "force_threshold": 1.0,
          "torque_threshold": 1.0,
          "coil_width": 0.04,
          "R0": 10.0
        },
        "final_min_cs_separation": 0.0015816558104178318,
        "final_min_cc_separation": 0.06716416992450686,
        "final_total_length": 20.002383387480844,
        "final_max_curvature": 10.066140526674015,
        "final_average_curvature": 2.4412829935323193,
        "final_arclength_variation": 7.655943565076142,
        "final_mean_squared_curvature": 17.358525688560697,
        "final_linking_number": 0,
        "final_max_max_coil_force": 1182681.721533309,
        "final_avg_max_coil_force": 326746.34491728665,
        "final_max_max_coil_torque": 423194.3030717011,
        "final_avg_max_coil_torque": 120829.83080220045,
        "avg_BdotN_over_B": 0.08763101503015162,
        "max_BdotN_over_B": 0.9975255525175108,
        "lagrange_multipliers": [
          -611179.8416030178,
          -3.4848672968619763,
          -1.94829894691817e-05,
          -614420145.566692,
          -56686.99084820896,
          -1.2057044650493707,
          -0.0,
          -1.8316463537161471
        ],
        "output_directory": "/home/runner/work/stellcoilbench/stellcoilbench/submissions/LandremanPaul2021_QA/akaptano/01-22-2026_23-43/order_8",
        "flux_threshold": 1e-08,
        "cc_threshold": 0.08,
        "cs_threshold": 0.13,
        "msc_threshold": 10.0,
        "arclength_variation_threshold": 0.0,
        "curvature_threshold": 10.0,
        "force_threshold": 1.0,
        "torque_threshold": 1.0,
        "fourier_order": 8,
        "continuation_step": 3
      }
    ],
    "initial_B_field": 0.8866301097797753,
    "final_B_field": 1.0904979101158259,
    "target_B_field": 1.0,
    "optimization_time": 1100.6963996887207,
    "final_normalized_squared_flux": 5.3249828069002695e-05,
    "_cached_thresholds": {
      "length_threshold": 20.0,
      "flux_threshold": 1e-08,
      "cc_threshold": 0.08,
      "cs_threshold": 0.13,
      "msc_threshold": 10.0,
      "arclength_variation_threshold": 0.0,
      "curvature_threshold": 10.0,
      "force_threshold": 1.0,
      "torque_threshold": 1.0,
      "coil_width": 0.04,
      "R0": 10.0
    },
    "final_min_cs_separation": 0.0015816558104178318,
    "final_min_cc_separation": 0.06716416992450686,
    "final_total_length": 20.002383387480844,
    "final_max_curvature": 10.066140526674015,
    "final_average_curvature": 2.4412829935323193,
    "final_arclength_variation": 7.655943565076142,
    "final_mean_squared_curvature": 17.358525688560697,
    "final_linking_number": 0,
    "final_max_max_coil_force": 1182681.721533309,
    "final_avg_max_coil_force": 326746.34491728665,
    "final_max_max_coil_torque": 423194.3030717011,
    "final_avg_max_coil_torque": 120829.83080220045,
    "avg_BdotN_over_B": 0.08763101503015162,
    "max_BdotN_over_B": 0.9975255525175108,
    "lagrange_multipliers": [
      -611179.8416030178,
      -3.4848672968619763,
      -1.94829894691817e-05,
      -614420145.566692,
      -56686.99084820896,
      -1.2057044650493707,
      -0.0,
      -1.8316463537161471
    ],
    "output_directory": "/home/runner/work/stellcoilbench/stellcoilbench/submissions/LandremanPaul2021_QA/akaptano/01-22-2026_23-43/order_8",
    "flux_threshold": 1e-08,
    "cc_threshold": 0.08,
    "cs_threshold": 0.13,
    "msc_threshold": 10.0,
    "arclength_variation_threshold": 0.0,
    "curvature_threshold": 10.0,
    "force_threshold": 1.0,
    "torque_threshold": 1.0,
    "fourier_order": 8,
    "continuation_step": 3
  }
}