{
  "metadata": {
    "method_name": "",
    "contact": "akaptano",
    "hardware": "CPU: AMD EPYC 7763 64-Core Processor | RAM: 15.6GB",
    "notes": "",
    "run_date": "2026-01-25T04:03:26.630384"
  },
  "metrics": {
    "initial_B_field": 2.49999884081474,
    "final_B_field": 2.549058988540516,
    "target_B_field": 2.5,
    "optimization_time": 1017.0399315357208,
    "final_normalized_squared_flux": 4.642678305839903,
    "_cached_thresholds": {
      "length_threshold": 40.0,
      "flux_threshold": 1e-08,
      "cc_threshold": 0.44000000000000006,
      "cs_threshold": 0.7150000000000001,
      "msc_threshold": 1.8181818181818181,
      "arclength_variation_threshold": 0.0,
      "curvature_threshold": 1.8181818181818181,
      "force_threshold": 0.1923668821175746,
      "torque_threshold": 0.1923668821175746,
      "coil_width": 0.22000000000000003,
      "R0": 1.8181818181818181
    },
    "final_min_cs_separation": 0.46930529681503463,
    "final_min_cc_separation": 0.3924687724727809,
    "final_total_length": 39.98840125327941,
    "final_max_curvature": 6.3414710833373915,
    "final_average_curvature": 1.2782345037133263,
    "final_arclength_variation": 0.7748901790644181,
    "final_mean_squared_curvature": 2.7815688749462755,
    "final_linking_number": 0,
    "final_max_max_coil_force": 2985742.024107381,
    "final_avg_max_coil_force": 2346269.7883628746,
    "final_max_max_coil_torque": 1450497.1013389425,
    "final_avg_max_coil_torque": 1101404.030923239,
    "avg_BdotN_over_B": 0.08931210795917915,
    "max_BdotN_over_B": 0.28813044533259463,
    "lagrange_multipliers": [
      -0.417022004702574,
      -0.7203244934421581,
      -0.0,
      -0.0,
      -0.0,
      -0.0923385947687978,
      -0.0,
      -0.0,
      -0.39676747423066994
    ],
    "output_directory": "/home/runner/work/stellcoilbench/stellcoilbench/submissions/W7-X_without_coil_ripple_beta0p05_d23p4_tm/akaptano/01-25-2026_04-03",
    "flux_threshold": 1e-08,
    "cc_threshold": 0.44000000000000006,
    "cs_threshold": 0.7150000000000001,
    "msc_threshold": 1.8181818181818181,
    "arclength_variation_threshold": 0.0,
    "curvature_threshold": 1.8181818181818181,
    "force_threshold": 0.1923668821175746,
    "torque_threshold": 0.1923668821175746
  }
}