{
  "metadata": {
    "method_name": "",
    "contact": "akaptano",
    "hardware": "CPU: AMD EPYC 7763 64-Core Processor | RAM: 15.6GB",
    "notes": "",
    "run_date": "2026-01-27T01:03:24.914649"
  },
  "metrics": {
    "initial_B_field": 0.9999885429768334,
    "final_B_field": 1.130415148295722,
    "target_B_field": 1.0,
    "optimization_time": 253.29492592811584,
    "final_normalized_squared_flux": 8.289101038157536e-05,
    "_cached_thresholds": {
      "length_threshold": 20.0,
      "flux_threshold": 1e-08,
      "cc_threshold": 0.08,
      "cs_threshold": 0.13,
      "msc_threshold": 10.0,
      "arclength_variation_threshold": 0.0,
      "curvature_threshold": 10.0,
      "force_threshold": 0.03077870113881195,
      "torque_threshold": 0.03077870113881195,
      "coil_width": 0.04,
      "R0": 10.0
    },
    "final_min_cs_separation": 0.19622862064598368,
    "final_min_cc_separation": 0.07972633801270179,
    "final_total_length": 20.000035043721628,
    "final_max_curvature": 5.0803438467716076,
    "final_average_curvature": 2.098778006698405,
    "final_arclength_variation": 0.0010055266619662055,
    "final_mean_squared_curvature": 8.250714371013824,
    "final_linking_number": 0,
    "final_max_max_coil_force": 450835.45194807136,
    "final_avg_max_coil_force": 386433.85098401486,
    "final_max_max_coil_torque": 265220.40875360795,
    "final_avg_max_coil_torque": 235524.74200686882,
    "avg_BdotN_over_B": 0.003363800593674581,
    "max_BdotN_over_B": 0.025991179180736897,
    "lagrange_multipliers": null,
    "output_directory": "/home/runner/work/stellcoilbench/stellcoilbench/submissions/cfqs_2b40/akaptano/01-27-2026_01-03",
    "flux_threshold": 1e-08,
    "cc_threshold": 0.08,
    "cs_threshold": 0.13,
    "msc_threshold": 10.0,
    "arclength_variation_threshold": 0.0,
    "curvature_threshold": 10.0,
    "force_threshold": 0.03077870113881195,
    "torque_threshold": 0.03077870113881195
  }
}