{
  "@module": "simsopt._core.json",
  "@class": "SIMSON",
  "@version": "0.1.dev5270+gee055f063",
  "graph": [
    {
      "$type": "ref",
      "value": "RegularizedCoil65"
    },
    {
      "$type": "ref",
      "value": "RegularizedCoil66"
    },
    {
      "$type": "ref",
      "value": "RegularizedCoil67"
    },
    {
      "$type": "ref",
      "value": "RegularizedCoil68"
    },
    {
      "$type": "ref",
      "value": "RegularizedCoil69"
    },
    {
      "$type": "ref",
      "value": "RegularizedCoil70"
    },
    {
      "$type": "ref",
      "value": "RegularizedCoil71"
    },
    {
      "$type": "ref",
      "value": "RegularizedCoil72"
    },
    {
      "$type": "ref",
      "value": "RegularizedCoil73"
    },
    {
      "$type": "ref",
      "value": "RegularizedCoil74"
    },
    {
      "$type": "ref",
      "value": "RegularizedCoil75"
    },
    {
      "$type": "ref",
      "value": "RegularizedCoil76"
    },
    {
      "$type": "ref",
      "value": "RegularizedCoil77"
    },
    {
      "$type": "ref",
      "value": "RegularizedCoil78"
    },
    {
      "$type": "ref",
      "value": "RegularizedCoil79"
    },
    {
      "$type": "ref",
      "value": "RegularizedCoil80"
    },
    {
      "$type": "ref",
      "value": "RegularizedCoil81"
    },
    {
      "$type": "ref",
      "value": "RegularizedCoil82"
    },
    {
      "$type": "ref",
      "value": "RegularizedCoil83"
    },
    {
      "$type": "ref",
      "value": "RegularizedCoil84"
    },
    {
      "$type": "ref",
      "value": "RegularizedCoil85"
    },
    {
      "$type": "ref",
      "value": "RegularizedCoil86"
    },
    {
      "$type": "ref",
      "value": "RegularizedCoil87"
    },
    {
      "$type": "ref",
      "value": "RegularizedCoil88"
    },
    {
      "$type": "ref",
      "value": "RegularizedCoil89"
    },
    {
      "$type": "ref",
      "value": "RegularizedCoil90"
    },
    {
      "$type": "ref",
      "value": "RegularizedCoil91"
    },
    {
      "$type": "ref",
      "value": "RegularizedCoil92"
    },
    {
      "$type": "ref",
      "value": "RegularizedCoil93"
    },
    {
      "$type": "ref",
      "value": "RegularizedCoil94"
    },
    {
      "$type": "ref",
      "value": "RegularizedCoil95"
    },
    {
      "$type": "ref",
      "value": "RegularizedCoil96"
    }
  ],
  "simsopt_objs": {
    "139942985080784": {
      "@module": "simsopt._core.optimizable",
      "@class": "DOFs",
      "@name": "139942985080784",
      "@version": "0.1.dev5270+gee055f063",
      "x": {
        "@module": "numpy",
        "@class": "array",
        "dtype": "float64",
        "data": [
          1.2316535296577316,
          -0.00865717483148985,
          0.7065098645242399,
          -0.008992605980840009,
          0.007460578018604378,
          -0.006820954936733305,
          -0.0010159162083548268,
          0.0009145160890056021,
          -0.005876348731728048,
          0.13278505062088503,
          -0.0053852434804321486,
          0.0790921383071077,
          -0.00838618948289049,
          0.004139908155820436,
          -0.002544283951872313,
          -0.0030902665863358817,
          0.003084636114848196,
          -0.0012356937090041646,
          0.014745251159230683,
          -0.7072398308296897,
          0.008863856377947909,
          -0.019906478154314098,
          -0.006104686429820929,
          -0.004775398621407896,
          -0.012685159573920112,
          0.007489585571408551,
          -0.005787589355368835
        ]
      },
      "names": [
        "xc(0)",
        "xs(1)",
        "xc(1)",
        "xs(2)",
        "xc(2)",
        "xs(3)",
        "xc(3)",
        "xs(4)",
        "xc(4)",
        "yc(0)",
        "ys(1)",
        "yc(1)",
        "ys(2)",
        "yc(2)",
        "ys(3)",
        "yc(3)",
        "ys(4)",
        "yc(4)",
        "zc(0)",
        "zs(1)",
        "zc(1)",
        "zs(2)",
        "zc(2)",
        "zs(3)",
        "zc(3)",
        "zs(4)",
        "zc(4)"
      ],
      "free": {
        "@module": "numpy",
        "@class": "array",
        "dtype": "bool",
        "data": [
          true,
          true,
          true,
          true,
          true,
          true,
          true,
          true,
          true,
          true,
          true,
          true,
          true,
          true,
          true,
          true,
          true,
          true,
          true,
          true,
          true,
          true,
          true,
          true,
          true,
          true,
          true
        ]
      },
      "lower_bounds": {
        "@module": "numpy",
        "@class": "array",
        "dtype": "float64",
        "data": [
          -Infinity,
          -Infinity,
          -Infinity,
          -Infinity,
          -Infinity,
          -Infinity,
          -Infinity,
          -Infinity,
          -Infinity,
          -Infinity,
          -Infinity,
          -Infinity,
          -Infinity,
          -Infinity,
          -Infinity,
          -Infinity,
          -Infinity,
          -Infinity,
          -Infinity,
          -Infinity,
          -Infinity,
          -Infinity,
          -Infinity,
          -Infinity,
          -Infinity,
          -Infinity,
          -Infinity
        ]
      },
      "upper_bounds": {
        "@module": "numpy",
        "@class": "array",
        "dtype": "float64",
        "data": [
          Infinity,
          Infinity,
          Infinity,
          Infinity,
          Infinity,
          Infinity,
          Infinity,
          Infinity,
          Infinity,
          Infinity,
          Infinity,
          Infinity,
          Infinity,
          Infinity,
          Infinity,
          Infinity,
          Infinity,
          Infinity,
          Infinity,
          Infinity,
          Infinity,
          Infinity,
          Infinity,
          Infinity,
          Infinity,
          Infinity,
          Infinity
        ]
      }
    },
    "CurveXYZFourier1": {
      "@module": "simsopt.geo.curvexyzfourier",
      "@class": "CurveXYZFourier",
      "@name": "CurveXYZFourier1",
      "@version": "0.1.dev5270+gee055f063",
      "quadpoints": {
        "@module": "numpy",
        "@class": "array",
        "dtype": "float64",
        "data": [
          0.0,
          0.00390625,
          0.0078125,
          0.01171875,
          0.015625,
          0.01953125,
          0.0234375,
          0.02734375,
          0.03125,
          0.03515625,
          0.0390625,
          0.04296875,
          0.046875,
          0.05078125,
          0.0546875,
          0.05859375,
          0.0625,
          0.06640625,
          0.0703125,
          0.07421875,
          0.078125,
          0.08203125,
          0.0859375,
          0.08984375,
          0.09375,
          0.09765625,
          0.1015625,
          0.10546875,
          0.109375,
          0.11328125,
          0.1171875,
          0.12109375,
          0.125,
          0.12890625,
          0.1328125,
          0.13671875,
          0.140625,
          0.14453125,
          0.1484375,
          0.15234375,
          0.15625,
          0.16015625,
          0.1640625,
          0.16796875,
          0.171875,
          0.17578125,
          0.1796875,
          0.18359375,
          0.1875,
          0.19140625,
          0.1953125,
          0.19921875,
          0.203125,
          0.20703125,
          0.2109375,
          0.21484375,
          0.21875,
          0.22265625,
          0.2265625,
          0.23046875,
          0.234375,
          0.23828125,
          0.2421875,
          0.24609375,
          0.25,
          0.25390625,
          0.2578125,
          0.26171875,
          0.265625,
          0.26953125,
          0.2734375,
          0.27734375,
          0.28125,
          0.28515625,
          0.2890625,
          0.29296875,
          0.296875,
          0.30078125,
          0.3046875,
          0.30859375,
          0.3125,
          0.31640625,
          0.3203125,
          0.32421875,
          0.328125,
          0.33203125,
          0.3359375,
          0.33984375,
          0.34375,
          0.34765625,
          0.3515625,
          0.35546875,
          0.359375,
          0.36328125,
          0.3671875,
          0.37109375,
          0.375,
          0.37890625,
          0.3828125,
          0.38671875,
          0.390625,
          0.39453125,
          0.3984375,
          0.40234375,
          0.40625,
          0.41015625,
          0.4140625,
          0.41796875,
          0.421875,
          0.42578125,
          0.4296875,
          0.43359375,
          0.4375,
          0.44140625,
          0.4453125,
          0.44921875,
          0.453125,
          0.45703125,
          0.4609375,
          0.46484375,
          0.46875,
          0.47265625,
          0.4765625,
          0.48046875,
          0.484375,
          0.48828125,
          0.4921875,
          0.49609375,
          0.5,
          0.50390625,
          0.5078125,
          0.51171875,
          0.515625,
          0.51953125,
          0.5234375,
          0.52734375,
          0.53125,
          0.53515625,
          0.5390625,
          0.54296875,
          0.546875,
          0.55078125,
          0.5546875,
          0.55859375,
          0.5625,
          0.56640625,
          0.5703125,
          0.57421875,
          0.578125,
          0.58203125,
          0.5859375,
          0.58984375,
          0.59375,
          0.59765625,
          0.6015625,
          0.60546875,
          0.609375,
          0.61328125,
          0.6171875,
          0.62109375,
          0.625,
          0.62890625,
          0.6328125,
          0.63671875,
          0.640625,
          0.64453125,
          0.6484375,
          0.65234375,
          0.65625,
          0.66015625,
          0.6640625,
          0.66796875,
          0.671875,
          0.67578125,
          0.6796875,
          0.68359375,
          0.6875,
          0.69140625,
          0.6953125,
          0.69921875,
          0.703125,
          0.70703125,
          0.7109375,
          0.71484375,
          0.71875,
          0.72265625,
          0.7265625,
          0.73046875,
          0.734375,
          0.73828125,
          0.7421875,
          0.74609375,
          0.75,
          0.75390625,
          0.7578125,
          0.76171875,
          0.765625,
          0.76953125,
          0.7734375,
          0.77734375,
          0.78125,
          0.78515625,
          0.7890625,
          0.79296875,
          0.796875,
          0.80078125,
          0.8046875,
          0.80859375,
          0.8125,
          0.81640625,
          0.8203125,
          0.82421875,
          0.828125,
          0.83203125,
          0.8359375,
          0.83984375,
          0.84375,
          0.84765625,
          0.8515625,
          0.85546875,
          0.859375,
          0.86328125,
          0.8671875,
          0.87109375,
          0.875,
          0.87890625,
          0.8828125,
          0.88671875,
          0.890625,
          0.89453125,
          0.8984375,
          0.90234375,
          0.90625,
          0.91015625,
          0.9140625,
          0.91796875,
          0.921875,
          0.92578125,
          0.9296875,
          0.93359375,
          0.9375,
          0.94140625,
          0.9453125,
          0.94921875,
          0.953125,
          0.95703125,
          0.9609375,
          0.96484375,
          0.96875,
          0.97265625,
          0.9765625,
          0.98046875,
          0.984375,
          0.98828125,
          0.9921875,
          0.99609375
        ]
      },
      "order": 4,
      "dofs": {
        "$type": "ref",
        "value": "139942985080784"
      }
    },
    "139942940697968": {
      "@module": "simsopt._core.optimizable",
      "@class": "DOFs",
      "@name": "139942940697968",
      "@version": "0.1.dev5270+gee055f063",
      "x": {
        "@module": "numpy",
        "@class": "array",
        "dtype": "float64",
        "data": [
          -0.03512130893497668
        ]
      },
      "names": [
        "x0"
      ],
      "free": {
        "@module": "numpy",
        "@class": "array",
        "dtype": "bool",
        "data": [
          true
        ]
      },
      "lower_bounds": {
        "@module": "numpy",
        "@class": "array",
        "dtype": "float64",
        "data": [
          -Infinity
        ]
      },
      "upper_bounds": {
        "@module": "numpy",
        "@class": "array",
        "dtype": "float64",
        "data": [
          Infinity
        ]
      }
    },
    "Current9": {
      "@module": "simsopt.field.coil",
      "@class": "Current",
      "@name": "Current9",
      "@version": "0.1.dev5270+gee055f063",
      "current": -0.03512130893497668,
      "dofs": {
        "$type": "ref",
        "value": "139942940697968"
      }
    },
    "ScaledCurrent41": {
      "@module": "simsopt.field.coil",
      "@class": "ScaledCurrent",
      "@name": "ScaledCurrent41",
      "@version": "0.1.dev5270+gee055f063",
      "current_to_scale": {
        "$type": "ref",
        "value": "Current9"
      },
      "scale": 10000000.0
    },
    "RegularizedCoil65": {
      "@module": "simsopt.field.coil",
      "@class": "RegularizedCoil",
      "@name": "RegularizedCoil65",
      "@version": "0.1.dev5270+gee055f063",
      "curve": {
        "$type": "ref",
        "value": "CurveXYZFourier1"
      },
      "current": {
        "$type": "ref",
        "value": "ScaledCurrent41"
      },
      "regularization": {
        "@module": "numpy",
        "@class": "array",
        "dtype": "float64",
        "data": 0.0014243593757984126
      }
    },
    "139942985081264": {
      "@module": "simsopt._core.optimizable",
      "@class": "DOFs",
      "@name": "139942985081264",
      "@version": "0.1.dev5270+gee055f063",
      "x": {
        "@module": "numpy",
        "@class": "array",
        "dtype": "float64",
        "data": [
          1.1533981374424362,
          0.008732394716043434,
          0.6483449791122674,
          0.00014205079911426698,
          0.00313413858851046,
          -0.0003784577796771478,
          -0.0035571679758866805,
          0.0023899199273314563,
          -0.0008328211380623596,
          0.3678658658106349,
          -0.015062104740975442,
          0.22282922463382737,
          -0.013343002334069027,
          -0.001692673539076098,
          0.0034062304543142664,
          -0.0023660060529139423,
          0.0004228531696483899,
          0.0015638793164467278,
          0.016941063939276756,
          -0.7005865048386738,
          -0.003983770874046088,
          0.003213790865443693,
          -0.014028698732160597,
          0.011979641156664734,
          0.007173658187972371,
          -0.00613067631977165,
          0.008223673671900859
        ]
      },
      "names": [
        "xc(0)",
        "xs(1)",
        "xc(1)",
        "xs(2)",
        "xc(2)",
        "xs(3)",
        "xc(3)",
        "xs(4)",
        "xc(4)",
        "yc(0)",
        "ys(1)",
        "yc(1)",
        "ys(2)",
        "yc(2)",
        "ys(3)",
        "yc(3)",
        "ys(4)",
        "yc(4)",
        "zc(0)",
        "zs(1)",
        "zc(1)",
        "zs(2)",
        "zc(2)",
        "zs(3)",
        "zc(3)",
        "zs(4)",
        "zc(4)"
      ],
      "free": {
        "@module": "numpy",
        "@class": "array",
        "dtype": "bool",
        "data": [
          true,
          true,
          true,
          true,
          true,
          true,
          true,
          true,
          true,
          true,
          true,
          true,
          true,
          true,
          true,
          true,
          true,
          true,
          true,
          true,
          true,
          true,
          true,
          true,
          true,
          true,
          true
        ]
      },
      "lower_bounds": {
        "@module": "numpy",
        "@class": "array",
        "dtype": "float64",
        "data": [
          -Infinity,
          -Infinity,
          -Infinity,
          -Infinity,
          -Infinity,
          -Infinity,
          -Infinity,
          -Infinity,
          -Infinity,
          -Infinity,
          -Infinity,
          -Infinity,
          -Infinity,
          -Infinity,
          -Infinity,
          -Infinity,
          -Infinity,
          -Infinity,
          -Infinity,
          -Infinity,
          -Infinity,
          -Infinity,
          -Infinity,
          -Infinity,
          -Infinity,
          -Infinity,
          -Infinity
        ]
      },
      "upper_bounds": {
        "@module": "numpy",
        "@class": "array",
        "dtype": "float64",
        "data": [
          Infinity,
          Infinity,
          Infinity,
          Infinity,
          Infinity,
          Infinity,
          Infinity,
          Infinity,
          Infinity,
          Infinity,
          Infinity,
          Infinity,
          Infinity,
          Infinity,
          Infinity,
          Infinity,
          Infinity,
          Infinity,
          Infinity,
          Infinity,
          Infinity,
          Infinity,
          Infinity,
          Infinity,
          Infinity,
          Infinity,
          Infinity
        ]
      }
    },
    "CurveXYZFourier2": {
      "@module": "simsopt.geo.curvexyzfourier",
      "@class": "CurveXYZFourier",
      "@name": "CurveXYZFourier2",
      "@version": "0.1.dev5270+gee055f063",
      "quadpoints": {
        "@module": "numpy",
        "@class": "array",
        "dtype": "float64",
        "data": [
          0.0,
          0.00390625,
          0.0078125,
          0.01171875,
          0.015625,
          0.01953125,
          0.0234375,
          0.02734375,
          0.03125,
          0.03515625,
          0.0390625,
          0.04296875,
          0.046875,
          0.05078125,
          0.0546875,
          0.05859375,
          0.0625,
          0.06640625,
          0.0703125,
          0.07421875,
          0.078125,
          0.08203125,
          0.0859375,
          0.08984375,
          0.09375,
          0.09765625,
          0.1015625,
          0.10546875,
          0.109375,
          0.11328125,
          0.1171875,
          0.12109375,
          0.125,
          0.12890625,
          0.1328125,
          0.13671875,
          0.140625,
          0.14453125,
          0.1484375,
          0.15234375,
          0.15625,
          0.16015625,
          0.1640625,
          0.16796875,
          0.171875,
          0.17578125,
          0.1796875,
          0.18359375,
          0.1875,
          0.19140625,
          0.1953125,
          0.19921875,
          0.203125,
          0.20703125,
          0.2109375,
          0.21484375,
          0.21875,
          0.22265625,
          0.2265625,
          0.23046875,
          0.234375,
          0.23828125,
          0.2421875,
          0.24609375,
          0.25,
          0.25390625,
          0.2578125,
          0.26171875,
          0.265625,
          0.26953125,
          0.2734375,
          0.27734375,
          0.28125,
          0.28515625,
          0.2890625,
          0.29296875,
          0.296875,
          0.30078125,
          0.3046875,
          0.30859375,
          0.3125,
          0.31640625,
          0.3203125,
          0.32421875,
          0.328125,
          0.33203125,
          0.3359375,
          0.33984375,
          0.34375,
          0.34765625,
          0.3515625,
          0.35546875,
          0.359375,
          0.36328125,
          0.3671875,
          0.37109375,
          0.375,
          0.37890625,
          0.3828125,
          0.38671875,
          0.390625,
          0.39453125,
          0.3984375,
          0.40234375,
          0.40625,
          0.41015625,
          0.4140625,
          0.41796875,
          0.421875,
          0.42578125,
          0.4296875,
          0.43359375,
          0.4375,
          0.44140625,
          0.4453125,
          0.44921875,
          0.453125,
          0.45703125,
          0.4609375,
          0.46484375,
          0.46875,
          0.47265625,
          0.4765625,
          0.48046875,
          0.484375,
          0.48828125,
          0.4921875,
          0.49609375,
          0.5,
          0.50390625,
          0.5078125,
          0.51171875,
          0.515625,
          0.51953125,
          0.5234375,
          0.52734375,
          0.53125,
          0.53515625,
          0.5390625,
          0.54296875,
          0.546875,
          0.55078125,
          0.5546875,
          0.55859375,
          0.5625,
          0.56640625,
          0.5703125,
          0.57421875,
          0.578125,
          0.58203125,
          0.5859375,
          0.58984375,
          0.59375,
          0.59765625,
          0.6015625,
          0.60546875,
          0.609375,
          0.61328125,
          0.6171875,
          0.62109375,
          0.625,
          0.62890625,
          0.6328125,
          0.63671875,
          0.640625,
          0.64453125,
          0.6484375,
          0.65234375,
          0.65625,
          0.66015625,
          0.6640625,
          0.66796875,
          0.671875,
          0.67578125,
          0.6796875,
          0.68359375,
          0.6875,
          0.69140625,
          0.6953125,
          0.69921875,
          0.703125,
          0.70703125,
          0.7109375,
          0.71484375,
          0.71875,
          0.72265625,
          0.7265625,
          0.73046875,
          0.734375,
          0.73828125,
          0.7421875,
          0.74609375,
          0.75,
          0.75390625,
          0.7578125,
          0.76171875,
          0.765625,
          0.76953125,
          0.7734375,
          0.77734375,
          0.78125,
          0.78515625,
          0.7890625,
          0.79296875,
          0.796875,
          0.80078125,
          0.8046875,
          0.80859375,
          0.8125,
          0.81640625,
          0.8203125,
          0.82421875,
          0.828125,
          0.83203125,
          0.8359375,
          0.83984375,
          0.84375,
          0.84765625,
          0.8515625,
          0.85546875,
          0.859375,
          0.86328125,
          0.8671875,
          0.87109375,
          0.875,
          0.87890625,
          0.8828125,
          0.88671875,
          0.890625,
          0.89453125,
          0.8984375,
          0.90234375,
          0.90625,
          0.91015625,
          0.9140625,
          0.91796875,
          0.921875,
          0.92578125,
          0.9296875,
          0.93359375,
          0.9375,
          0.94140625,
          0.9453125,
          0.94921875,
          0.953125,
          0.95703125,
          0.9609375,
          0.96484375,
          0.96875,
          0.97265625,
          0.9765625,
          0.98046875,
          0.984375,
          0.98828125,
          0.9921875,
          0.99609375
        ]
      },
      "order": 4,
      "dofs": {
        "$type": "ref",
        "value": "139942985081264"
      }
    },
    "139942921851088": {
      "@module": "simsopt._core.optimizable",
      "@class": "DOFs",
      "@name": "139942921851088",
      "@version": "0.1.dev5270+gee055f063",
      "x": {
        "@module": "numpy",
        "@class": "array",
        "dtype": "float64",
        "data": [
          -0.06156422044525565
        ]
      },
      "names": [
        "x0"
      ],
      "free": {
        "@module": "numpy",
        "@class": "array",
        "dtype": "bool",
        "data": [
          true
        ]
      },
      "lower_bounds": {
        "@module": "numpy",
        "@class": "array",
        "dtype": "float64",
        "data": [
          -Infinity
        ]
      },
      "upper_bounds": {
        "@module": "numpy",
        "@class": "array",
        "dtype": "float64",
        "data": [
          Infinity
        ]
      }
    },
    "Current10": {
      "@module": "simsopt.field.coil",
      "@class": "Current",
      "@name": "Current10",
      "@version": "0.1.dev5270+gee055f063",
      "current": -0.06156422044525565,
      "dofs": {
        "$type": "ref",
        "value": "139942921851088"
      }
    },
    "ScaledCurrent42": {
      "@module": "simsopt.field.coil",
      "@class": "ScaledCurrent",
      "@name": "ScaledCurrent42",
      "@version": "0.1.dev5270+gee055f063",
      "current_to_scale": {
        "$type": "ref",
        "value": "Current10"
      },
      "scale": 10000000.0
    },
    "RegularizedCoil66": {
      "@module": "simsopt.field.coil",
      "@class": "RegularizedCoil",
      "@name": "RegularizedCoil66",
      "@version": "0.1.dev5270+gee055f063",
      "curve": {
        "$type": "ref",
        "value": "CurveXYZFourier2"
      },
      "current": {
        "$type": "ref",
        "value": "ScaledCurrent42"
      },
      "regularization": {
        "@module": "numpy",
        "@class": "array",
        "dtype": "float64",
        "data": 0.0014243593757984126
      }
    },
    "139942985082032": {
      "@module": "simsopt._core.optimizable",
      "@class": "DOFs",
      "@name": "139942985082032",
      "@version": "0.1.dev5270+gee055f063",
      "x": {
        "@module": "numpy",
        "@class": "array",
        "dtype": "float64",
        "data": [
          1.0520432834052889,
          0.02840863888120564,
          0.6014061723838121,
          -0.017593482003381622,
          0.002302655713246113,
          0.011641032444255269,
          -0.005334970318556306,
          -0.0034812596792395656,
          0.007197819878727912,
          0.5676669959299626,
          -0.02718566662215719,
          0.3443716439673943,
          -0.004158493730851168,
          -0.014416007901753864,
          0.0076110651803492635,
          0.002293606674307107,
          -0.002055844367048551,
          0.0032638398665595543,
          0.021235623316815323,
          -0.6896676846216129,
          -0.012176282014910873,
          0.012299730940741233,
          -0.004740125380688149,
          -0.006816467347845558,
          0.011951099717023444,
          -0.00043118991729022225,
          -0.009435039770307876
        ]
      },
      "names": [
        "xc(0)",
        "xs(1)",
        "xc(1)",
        "xs(2)",
        "xc(2)",
        "xs(3)",
        "xc(3)",
        "xs(4)",
        "xc(4)",
        "yc(0)",
        "ys(1)",
        "yc(1)",
        "ys(2)",
        "yc(2)",
        "ys(3)",
        "yc(3)",
        "ys(4)",
        "yc(4)",
        "zc(0)",
        "zs(1)",
        "zc(1)",
        "zs(2)",
        "zc(2)",
        "zs(3)",
        "zc(3)",
        "zs(4)",
        "zc(4)"
      ],
      "free": {
        "@module": "numpy",
        "@class": "array",
        "dtype": "bool",
        "data": [
          true,
          true,
          true,
          true,
          true,
          true,
          true,
          true,
          true,
          true,
          true,
          true,
          true,
          true,
          true,
          true,
          true,
          true,
          true,
          true,
          true,
          true,
          true,
          true,
          true,
          true,
          true
        ]
      },
      "lower_bounds": {
        "@module": "numpy",
        "@class": "array",
        "dtype": "float64",
        "data": [
          -Infinity,
          -Infinity,
          -Infinity,
          -Infinity,
          -Infinity,
          -Infinity,
          -Infinity,
          -Infinity,
          -Infinity,
          -Infinity,
          -Infinity,
          -Infinity,
          -Infinity,
          -Infinity,
          -Infinity,
          -Infinity,
          -Infinity,
          -Infinity,
          -Infinity,
          -Infinity,
          -Infinity,
          -Infinity,
          -Infinity,
          -Infinity,
          -Infinity,
          -Infinity,
          -Infinity
        ]
      },
      "upper_bounds": {
        "@module": "numpy",
        "@class": "array",
        "dtype": "float64",
        "data": [
          Infinity,
          Infinity,
          Infinity,
          Infinity,
          Infinity,
          Infinity,
          Infinity,
          Infinity,
          Infinity,
          Infinity,
          Infinity,
          Infinity,
          Infinity,
          Infinity,
          Infinity,
          Infinity,
          Infinity,
          Infinity,
          Infinity,
          Infinity,
          Infinity,
          Infinity,
          Infinity,
          Infinity,
          Infinity,
          Infinity,
          Infinity
        ]
      }
    },
    "CurveXYZFourier3": {
      "@module": "simsopt.geo.curvexyzfourier",
      "@class": "CurveXYZFourier",
      "@name": "CurveXYZFourier3",
      "@version": "0.1.dev5270+gee055f063",
      "quadpoints": {
        "@module": "numpy",
        "@class": "array",
        "dtype": "float64",
        "data": [
          0.0,
          0.00390625,
          0.0078125,
          0.01171875,
          0.015625,
          0.01953125,
          0.0234375,
          0.02734375,
          0.03125,
          0.03515625,
          0.0390625,
          0.04296875,
          0.046875,
          0.05078125,
          0.0546875,
          0.05859375,
          0.0625,
          0.06640625,
          0.0703125,
          0.07421875,
          0.078125,
          0.08203125,
          0.0859375,
          0.08984375,
          0.09375,
          0.09765625,
          0.1015625,
          0.10546875,
          0.109375,
          0.11328125,
          0.1171875,
          0.12109375,
          0.125,
          0.12890625,
          0.1328125,
          0.13671875,
          0.140625,
          0.14453125,
          0.1484375,
          0.15234375,
          0.15625,
          0.16015625,
          0.1640625,
          0.16796875,
          0.171875,
          0.17578125,
          0.1796875,
          0.18359375,
          0.1875,
          0.19140625,
          0.1953125,
          0.19921875,
          0.203125,
          0.20703125,
          0.2109375,
          0.21484375,
          0.21875,
          0.22265625,
          0.2265625,
          0.23046875,
          0.234375,
          0.23828125,
          0.2421875,
          0.24609375,
          0.25,
          0.25390625,
          0.2578125,
          0.26171875,
          0.265625,
          0.26953125,
          0.2734375,
          0.27734375,
          0.28125,
          0.28515625,
          0.2890625,
          0.29296875,
          0.296875,
          0.30078125,
          0.3046875,
          0.30859375,
          0.3125,
          0.31640625,
          0.3203125,
          0.32421875,
          0.328125,
          0.33203125,
          0.3359375,
          0.33984375,
          0.34375,
          0.34765625,
          0.3515625,
          0.35546875,
          0.359375,
          0.36328125,
          0.3671875,
          0.37109375,
          0.375,
          0.37890625,
          0.3828125,
          0.38671875,
          0.390625,
          0.39453125,
          0.3984375,
          0.40234375,
          0.40625,
          0.41015625,
          0.4140625,
          0.41796875,
          0.421875,
          0.42578125,
          0.4296875,
          0.43359375,
          0.4375,
          0.44140625,
          0.4453125,
          0.44921875,
          0.453125,
          0.45703125,
          0.4609375,
          0.46484375,
          0.46875,
          0.47265625,
          0.4765625,
          0.48046875,
          0.484375,
          0.48828125,
          0.4921875,
          0.49609375,
          0.5,
          0.50390625,
          0.5078125,
          0.51171875,
          0.515625,
          0.51953125,
          0.5234375,
          0.52734375,
          0.53125,
          0.53515625,
          0.5390625,
          0.54296875,
          0.546875,
          0.55078125,
          0.5546875,
          0.55859375,
          0.5625,
          0.56640625,
          0.5703125,
          0.57421875,
          0.578125,
          0.58203125,
          0.5859375,
          0.58984375,
          0.59375,
          0.59765625,
          0.6015625,
          0.60546875,
          0.609375,
          0.61328125,
          0.6171875,
          0.62109375,
          0.625,
          0.62890625,
          0.6328125,
          0.63671875,
          0.640625,
          0.64453125,
          0.6484375,
          0.65234375,
          0.65625,
          0.66015625,
          0.6640625,
          0.66796875,
          0.671875,
          0.67578125,
          0.6796875,
          0.68359375,
          0.6875,
          0.69140625,
          0.6953125,
          0.69921875,
          0.703125,
          0.70703125,
          0.7109375,
          0.71484375,
          0.71875,
          0.72265625,
          0.7265625,
          0.73046875,
          0.734375,
          0.73828125,
          0.7421875,
          0.74609375,
          0.75,
          0.75390625,
          0.7578125,
          0.76171875,
          0.765625,
          0.76953125,
          0.7734375,
          0.77734375,
          0.78125,
          0.78515625,
          0.7890625,
          0.79296875,
          0.796875,
          0.80078125,
          0.8046875,
          0.80859375,
          0.8125,
          0.81640625,
          0.8203125,
          0.82421875,
          0.828125,
          0.83203125,
          0.8359375,
          0.83984375,
          0.84375,
          0.84765625,
          0.8515625,
          0.85546875,
          0.859375,
          0.86328125,
          0.8671875,
          0.87109375,
          0.875,
          0.87890625,
          0.8828125,
          0.88671875,
          0.890625,
          0.89453125,
          0.8984375,
          0.90234375,
          0.90625,
          0.91015625,
          0.9140625,
          0.91796875,
          0.921875,
          0.92578125,
          0.9296875,
          0.93359375,
          0.9375,
          0.94140625,
          0.9453125,
          0.94921875,
          0.953125,
          0.95703125,
          0.9609375,
          0.96484375,
          0.96875,
          0.97265625,
          0.9765625,
          0.98046875,
          0.984375,
          0.98828125,
          0.9921875,
          0.99609375
        ]
      },
      "order": 4,
      "dofs": {
        "$type": "ref",
        "value": "139942985082032"
      }
    },
    "139942921852240": {
      "@module": "simsopt._core.optimizable",
      "@class": "DOFs",
      "@name": "139942921852240",
      "@version": "0.1.dev5270+gee055f063",
      "x": {
        "@module": "numpy",
        "@class": "array",
        "dtype": "float64",
        "data": [
          -0.043735344791818696
        ]
      },
      "names": [
        "x0"
      ],
      "free": {
        "@module": "numpy",
        "@class": "array",
        "dtype": "bool",
        "data": [
          true
        ]
      },
      "lower_bounds": {
        "@module": "numpy",
        "@class": "array",
        "dtype": "float64",
        "data": [
          -Infinity
        ]
      },
      "upper_bounds": {
        "@module": "numpy",
        "@class": "array",
        "dtype": "float64",
        "data": [
          Infinity
        ]
      }
    },
    "Current11": {
      "@module": "simsopt.field.coil",
      "@class": "Current",
      "@name": "Current11",
      "@version": "0.1.dev5270+gee055f063",
      "current": -0.043735344791818696,
      "dofs": {
        "$type": "ref",
        "value": "139942921852240"
      }
    },
    "ScaledCurrent43": {
      "@module": "simsopt.field.coil",
      "@class": "ScaledCurrent",
      "@name": "ScaledCurrent43",
      "@version": "0.1.dev5270+gee055f063",
      "current_to_scale": {
        "$type": "ref",
        "value": "Current11"
      },
      "scale": 10000000.0
    },
    "RegularizedCoil67": {
      "@module": "simsopt.field.coil",
      "@class": "RegularizedCoil",
      "@name": "RegularizedCoil67",
      "@version": "0.1.dev5270+gee055f063",
      "curve": {
        "$type": "ref",
        "value": "CurveXYZFourier3"
      },
      "current": {
        "$type": "ref",
        "value": "ScaledCurrent43"
      },
      "regularization": {
        "@module": "numpy",
        "@class": "array",
        "dtype": "float64",
        "data": 0.0014243593757984126
      }
    },
    "139942985082800": {
      "@module": "simsopt._core.optimizable",
      "@class": "DOFs",
      "@name": "139942985082800",
      "@version": "0.1.dev5270+gee055f063",
      "x": {
        "@module": "numpy",
        "@class": "array",
        "dtype": "float64",
        "data": [
          0.9145434466083856,
          0.14065550617986072,
          0.5526557503847824,
          -0.06948345672706653,
          -0.019644145486956133,
          0.019481814161965982,
          0.025823669205714612,
          -0.001685059832206931,
          -0.017503225623010033,
          0.7534946944207115,
          -0.14228128932143952,
          0.4726081228052241,
          0.029133767354716154,
          -0.03764978913439125,
          0.009023767426346047,
          0.02242326686500963,
          -0.01744902301806728,
          0.002008565857118688,
          0.049573026067964925,
          -0.6538900687928673,
          -0.01991674347600636,
          -0.004955484991721607,
          -0.01064742313370852,
          -0.02248278727549313,
          0.012294370416223681,
          0.011432815519785595,
          -0.00963247096838807
        ]
      },
      "names": [
        "xc(0)",
        "xs(1)",
        "xc(1)",
        "xs(2)",
        "xc(2)",
        "xs(3)",
        "xc(3)",
        "xs(4)",
        "xc(4)",
        "yc(0)",
        "ys(1)",
        "yc(1)",
        "ys(2)",
        "yc(2)",
        "ys(3)",
        "yc(3)",
        "ys(4)",
        "yc(4)",
        "zc(0)",
        "zs(1)",
        "zc(1)",
        "zs(2)",
        "zc(2)",
        "zs(3)",
        "zc(3)",
        "zs(4)",
        "zc(4)"
      ],
      "free": {
        "@module": "numpy",
        "@class": "array",
        "dtype": "bool",
        "data": [
          true,
          true,
          true,
          true,
          true,
          true,
          true,
          true,
          true,
          true,
          true,
          true,
          true,
          true,
          true,
          true,
          true,
          true,
          true,
          true,
          true,
          true,
          true,
          true,
          true,
          true,
          true
        ]
      },
      "lower_bounds": {
        "@module": "numpy",
        "@class": "array",
        "dtype": "float64",
        "data": [
          -Infinity,
          -Infinity,
          -Infinity,
          -Infinity,
          -Infinity,
          -Infinity,
          -Infinity,
          -Infinity,
          -Infinity,
          -Infinity,
          -Infinity,
          -Infinity,
          -Infinity,
          -Infinity,
          -Infinity,
          -Infinity,
          -Infinity,
          -Infinity,
          -Infinity,
          -Infinity,
          -Infinity,
          -Infinity,
          -Infinity,
          -Infinity,
          -Infinity,
          -Infinity,
          -Infinity
        ]
      },
      "upper_bounds": {
        "@module": "numpy",
        "@class": "array",
        "dtype": "float64",
        "data": [
          Infinity,
          Infinity,
          Infinity,
          Infinity,
          Infinity,
          Infinity,
          Infinity,
          Infinity,
          Infinity,
          Infinity,
          Infinity,
          Infinity,
          Infinity,
          Infinity,
          Infinity,
          Infinity,
          Infinity,
          Infinity,
          Infinity,
          Infinity,
          Infinity,
          Infinity,
          Infinity,
          Infinity,
          Infinity,
          Infinity,
          Infinity
        ]
      }
    },
    "CurveXYZFourier4": {
      "@module": "simsopt.geo.curvexyzfourier",
      "@class": "CurveXYZFourier",
      "@name": "CurveXYZFourier4",
      "@version": "0.1.dev5270+gee055f063",
      "quadpoints": {
        "@module": "numpy",
        "@class": "array",
        "dtype": "float64",
        "data": [
          0.0,
          0.00390625,
          0.0078125,
          0.01171875,
          0.015625,
          0.01953125,
          0.0234375,
          0.02734375,
          0.03125,
          0.03515625,
          0.0390625,
          0.04296875,
          0.046875,
          0.05078125,
          0.0546875,
          0.05859375,
          0.0625,
          0.06640625,
          0.0703125,
          0.07421875,
          0.078125,
          0.08203125,
          0.0859375,
          0.08984375,
          0.09375,
          0.09765625,
          0.1015625,
          0.10546875,
          0.109375,
          0.11328125,
          0.1171875,
          0.12109375,
          0.125,
          0.12890625,
          0.1328125,
          0.13671875,
          0.140625,
          0.14453125,
          0.1484375,
          0.15234375,
          0.15625,
          0.16015625,
          0.1640625,
          0.16796875,
          0.171875,
          0.17578125,
          0.1796875,
          0.18359375,
          0.1875,
          0.19140625,
          0.1953125,
          0.19921875,
          0.203125,
          0.20703125,
          0.2109375,
          0.21484375,
          0.21875,
          0.22265625,
          0.2265625,
          0.23046875,
          0.234375,
          0.23828125,
          0.2421875,
          0.24609375,
          0.25,
          0.25390625,
          0.2578125,
          0.26171875,
          0.265625,
          0.26953125,
          0.2734375,
          0.27734375,
          0.28125,
          0.28515625,
          0.2890625,
          0.29296875,
          0.296875,
          0.30078125,
          0.3046875,
          0.30859375,
          0.3125,
          0.31640625,
          0.3203125,
          0.32421875,
          0.328125,
          0.33203125,
          0.3359375,
          0.33984375,
          0.34375,
          0.34765625,
          0.3515625,
          0.35546875,
          0.359375,
          0.36328125,
          0.3671875,
          0.37109375,
          0.375,
          0.37890625,
          0.3828125,
          0.38671875,
          0.390625,
          0.39453125,
          0.3984375,
          0.40234375,
          0.40625,
          0.41015625,
          0.4140625,
          0.41796875,
          0.421875,
          0.42578125,
          0.4296875,
          0.43359375,
          0.4375,
          0.44140625,
          0.4453125,
          0.44921875,
          0.453125,
          0.45703125,
          0.4609375,
          0.46484375,
          0.46875,
          0.47265625,
          0.4765625,
          0.48046875,
          0.484375,
          0.48828125,
          0.4921875,
          0.49609375,
          0.5,
          0.50390625,
          0.5078125,
          0.51171875,
          0.515625,
          0.51953125,
          0.5234375,
          0.52734375,
          0.53125,
          0.53515625,
          0.5390625,
          0.54296875,
          0.546875,
          0.55078125,
          0.5546875,
          0.55859375,
          0.5625,
          0.56640625,
          0.5703125,
          0.57421875,
          0.578125,
          0.58203125,
          0.5859375,
          0.58984375,
          0.59375,
          0.59765625,
          0.6015625,
          0.60546875,
          0.609375,
          0.61328125,
          0.6171875,
          0.62109375,
          0.625,
          0.62890625,
          0.6328125,
          0.63671875,
          0.640625,
          0.64453125,
          0.6484375,
          0.65234375,
          0.65625,
          0.66015625,
          0.6640625,
          0.66796875,
          0.671875,
          0.67578125,
          0.6796875,
          0.68359375,
          0.6875,
          0.69140625,
          0.6953125,
          0.69921875,
          0.703125,
          0.70703125,
          0.7109375,
          0.71484375,
          0.71875,
          0.72265625,
          0.7265625,
          0.73046875,
          0.734375,
          0.73828125,
          0.7421875,
          0.74609375,
          0.75,
          0.75390625,
          0.7578125,
          0.76171875,
          0.765625,
          0.76953125,
          0.7734375,
          0.77734375,
          0.78125,
          0.78515625,
          0.7890625,
          0.79296875,
          0.796875,
          0.80078125,
          0.8046875,
          0.80859375,
          0.8125,
          0.81640625,
          0.8203125,
          0.82421875,
          0.828125,
          0.83203125,
          0.8359375,
          0.83984375,
          0.84375,
          0.84765625,
          0.8515625,
          0.85546875,
          0.859375,
          0.86328125,
          0.8671875,
          0.87109375,
          0.875,
          0.87890625,
          0.8828125,
          0.88671875,
          0.890625,
          0.89453125,
          0.8984375,
          0.90234375,
          0.90625,
          0.91015625,
          0.9140625,
          0.91796875,
          0.921875,
          0.92578125,
          0.9296875,
          0.93359375,
          0.9375,
          0.94140625,
          0.9453125,
          0.94921875,
          0.953125,
          0.95703125,
          0.9609375,
          0.96484375,
          0.96875,
          0.97265625,
          0.9765625,
          0.98046875,
          0.984375,
          0.98828125,
          0.9921875,
          0.99609375
        ]
      },
      "order": 4,
      "dofs": {
        "$type": "ref",
        "value": "139942985082800"
      }
    },
    "139942921853392": {
      "@module": "simsopt._core.optimizable",
      "@class": "DOFs",
      "@name": "139942921853392",
      "@version": "0.1.dev5270+gee055f063",
      "x": {
        "@module": "numpy",
        "@class": "array",
        "dtype": "float64",
        "data": [
          1514374.8265588793
        ]
      },
      "names": [
        "x0"
      ],
      "free": {
        "@module": "numpy",
        "@class": "array",
        "dtype": "bool",
        "data": [
          false
        ]
      },
      "lower_bounds": {
        "@module": "numpy",
        "@class": "array",
        "dtype": "float64",
        "data": [
          -Infinity
        ]
      },
      "upper_bounds": {
        "@module": "numpy",
        "@class": "array",
        "dtype": "float64",
        "data": [
          Infinity
        ]
      }
    },
    "Current12": {
      "@module": "simsopt.field.coil",
      "@class": "Current",
      "@name": "Current12",
      "@version": "0.1.dev5270+gee055f063",
      "current": 1514374.8265588793,
      "dofs": {
        "$type": "ref",
        "value": "139942921853392"
      }
    },
    "CurrentSum7": {
      "@module": "simsopt.field.coil",
      "@class": "CurrentSum",
      "@name": "CurrentSum7",
      "@version": "0.1.dev5270+gee055f063",
      "current_a": {
        "$type": "ref",
        "value": "ScaledCurrent41"
      },
      "current_b": {
        "$type": "ref",
        "value": "ScaledCurrent42"
      }
    },
    "CurrentSum8": {
      "@module": "simsopt.field.coil",
      "@class": "CurrentSum",
      "@name": "CurrentSum8",
      "@version": "0.1.dev5270+gee055f063",
      "current_a": {
        "$type": "ref",
        "value": "CurrentSum7"
      },
      "current_b": {
        "$type": "ref",
        "value": "ScaledCurrent43"
      }
    },
    "ScaledCurrent44": {
      "@module": "simsopt.field.coil",
      "@class": "ScaledCurrent",
      "@name": "ScaledCurrent44",
      "@version": "0.1.dev5270+gee055f063",
      "current_to_scale": {
        "$type": "ref",
        "value": "CurrentSum8"
      },
      "scale": -1.0
    },
    "CurrentSum9": {
      "@module": "simsopt.field.coil",
      "@class": "CurrentSum",
      "@name": "CurrentSum9",
      "@version": "0.1.dev5270+gee055f063",
      "current_a": {
        "$type": "ref",
        "value": "Current12"
      },
      "current_b": {
        "$type": "ref",
        "value": "ScaledCurrent44"
      }
    },
    "RegularizedCoil68": {
      "@module": "simsopt.field.coil",
      "@class": "RegularizedCoil",
      "@name": "RegularizedCoil68",
      "@version": "0.1.dev5270+gee055f063",
      "curve": {
        "$type": "ref",
        "value": "CurveXYZFourier4"
      },
      "current": {
        "$type": "ref",
        "value": "CurrentSum9"
      },
      "regularization": {
        "@module": "numpy",
        "@class": "array",
        "dtype": "float64",
        "data": 0.0014243593757984126
      }
    },
    "RotatedCurve57": {
      "@module": "simsopt.geo.curve",
      "@class": "RotatedCurve",
      "@name": "RotatedCurve57",
      "@version": "0.1.dev5270+gee055f063",
      "curve": {
        "$type": "ref",
        "value": "CurveXYZFourier1"
      },
      "phi": 0.0,
      "flip": true
    },
    "ScaledCurrent45": {
      "@module": "simsopt.field.coil",
      "@class": "ScaledCurrent",
      "@name": "ScaledCurrent45",
      "@version": "0.1.dev5270+gee055f063",
      "current_to_scale": {
        "$type": "ref",
        "value": "ScaledCurrent41"
      },
      "scale": -1.0
    },
    "RegularizedCoil69": {
      "@module": "simsopt.field.coil",
      "@class": "RegularizedCoil",
      "@name": "RegularizedCoil69",
      "@version": "0.1.dev5270+gee055f063",
      "curve": {
        "$type": "ref",
        "value": "RotatedCurve57"
      },
      "current": {
        "$type": "ref",
        "value": "ScaledCurrent45"
      },
      "regularization": {
        "@module": "numpy",
        "@class": "array",
        "dtype": "float64",
        "data": 0.0014243593757984126
      }
    },
    "RotatedCurve58": {
      "@module": "simsopt.geo.curve",
      "@class": "RotatedCurve",
      "@name": "RotatedCurve58",
      "@version": "0.1.dev5270+gee055f063",
      "curve": {
        "$type": "ref",
        "value": "CurveXYZFourier2"
      },
      "phi": 0.0,
      "flip": true
    },
    "ScaledCurrent46": {
      "@module": "simsopt.field.coil",
      "@class": "ScaledCurrent",
      "@name": "ScaledCurrent46",
      "@version": "0.1.dev5270+gee055f063",
      "current_to_scale": {
        "$type": "ref",
        "value": "ScaledCurrent42"
      },
      "scale": -1.0
    },
    "RegularizedCoil70": {
      "@module": "simsopt.field.coil",
      "@class": "RegularizedCoil",
      "@name": "RegularizedCoil70",
      "@version": "0.1.dev5270+gee055f063",
      "curve": {
        "$type": "ref",
        "value": "RotatedCurve58"
      },
      "current": {
        "$type": "ref",
        "value": "ScaledCurrent46"
      },
      "regularization": {
        "@module": "numpy",
        "@class": "array",
        "dtype": "float64",
        "data": 0.0014243593757984126
      }
    },
    "RotatedCurve59": {
      "@module": "simsopt.geo.curve",
      "@class": "RotatedCurve",
      "@name": "RotatedCurve59",
      "@version": "0.1.dev5270+gee055f063",
      "curve": {
        "$type": "ref",
        "value": "CurveXYZFourier3"
      },
      "phi": 0.0,
      "flip": true
    },
    "ScaledCurrent47": {
      "@module": "simsopt.field.coil",
      "@class": "ScaledCurrent",
      "@name": "ScaledCurrent47",
      "@version": "0.1.dev5270+gee055f063",
      "current_to_scale": {
        "$type": "ref",
        "value": "ScaledCurrent43"
      },
      "scale": -1.0
    },
    "RegularizedCoil71": {
      "@module": "simsopt.field.coil",
      "@class": "RegularizedCoil",
      "@name": "RegularizedCoil71",
      "@version": "0.1.dev5270+gee055f063",
      "curve": {
        "$type": "ref",
        "value": "RotatedCurve59"
      },
      "current": {
        "$type": "ref",
        "value": "ScaledCurrent47"
      },
      "regularization": {
        "@module": "numpy",
        "@class": "array",
        "dtype": "float64",
        "data": 0.0014243593757984126
      }
    },
    "RotatedCurve60": {
      "@module": "simsopt.geo.curve",
      "@class": "RotatedCurve",
      "@name": "RotatedCurve60",
      "@version": "0.1.dev5270+gee055f063",
      "curve": {
        "$type": "ref",
        "value": "CurveXYZFourier4"
      },
      "phi": 0.0,
      "flip": true
    },
    "ScaledCurrent48": {
      "@module": "simsopt.field.coil",
      "@class": "ScaledCurrent",
      "@name": "ScaledCurrent48",
      "@version": "0.1.dev5270+gee055f063",
      "current_to_scale": {
        "$type": "ref",
        "value": "CurrentSum9"
      },
      "scale": -1.0
    },
    "RegularizedCoil72": {
      "@module": "simsopt.field.coil",
      "@class": "RegularizedCoil",
      "@name": "RegularizedCoil72",
      "@version": "0.1.dev5270+gee055f063",
      "curve": {
        "$type": "ref",
        "value": "RotatedCurve60"
      },
      "current": {
        "$type": "ref",
        "value": "ScaledCurrent48"
      },
      "regularization": {
        "@module": "numpy",
        "@class": "array",
        "dtype": "float64",
        "data": 0.0014243593757984126
      }
    },
    "RotatedCurve61": {
      "@module": "simsopt.geo.curve",
      "@class": "RotatedCurve",
      "@name": "RotatedCurve61",
      "@version": "0.1.dev5270+gee055f063",
      "curve": {
        "$type": "ref",
        "value": "CurveXYZFourier1"
      },
      "phi": 1.5707963267948966,
      "flip": false
    },
    "RegularizedCoil73": {
      "@module": "simsopt.field.coil",
      "@class": "RegularizedCoil",
      "@name": "RegularizedCoil73",
      "@version": "0.1.dev5270+gee055f063",
      "curve": {
        "$type": "ref",
        "value": "RotatedCurve61"
      },
      "current": {
        "$type": "ref",
        "value": "ScaledCurrent41"
      },
      "regularization": {
        "@module": "numpy",
        "@class": "array",
        "dtype": "float64",
        "data": 0.0014243593757984126
      }
    },
    "RotatedCurve62": {
      "@module": "simsopt.geo.curve",
      "@class": "RotatedCurve",
      "@name": "RotatedCurve62",
      "@version": "0.1.dev5270+gee055f063",
      "curve": {
        "$type": "ref",
        "value": "CurveXYZFourier2"
      },
      "phi": 1.5707963267948966,
      "flip": false
    },
    "RegularizedCoil74": {
      "@module": "simsopt.field.coil",
      "@class": "RegularizedCoil",
      "@name": "RegularizedCoil74",
      "@version": "0.1.dev5270+gee055f063",
      "curve": {
        "$type": "ref",
        "value": "RotatedCurve62"
      },
      "current": {
        "$type": "ref",
        "value": "ScaledCurrent42"
      },
      "regularization": {
        "@module": "numpy",
        "@class": "array",
        "dtype": "float64",
        "data": 0.0014243593757984126
      }
    },
    "RotatedCurve63": {
      "@module": "simsopt.geo.curve",
      "@class": "RotatedCurve",
      "@name": "RotatedCurve63",
      "@version": "0.1.dev5270+gee055f063",
      "curve": {
        "$type": "ref",
        "value": "CurveXYZFourier3"
      },
      "phi": 1.5707963267948966,
      "flip": false
    },
    "RegularizedCoil75": {
      "@module": "simsopt.field.coil",
      "@class": "RegularizedCoil",
      "@name": "RegularizedCoil75",
      "@version": "0.1.dev5270+gee055f063",
      "curve": {
        "$type": "ref",
        "value": "RotatedCurve63"
      },
      "current": {
        "$type": "ref",
        "value": "ScaledCurrent43"
      },
      "regularization": {
        "@module": "numpy",
        "@class": "array",
        "dtype": "float64",
        "data": 0.0014243593757984126
      }
    },
    "RotatedCurve64": {
      "@module": "simsopt.geo.curve",
      "@class": "RotatedCurve",
      "@name": "RotatedCurve64",
      "@version": "0.1.dev5270+gee055f063",
      "curve": {
        "$type": "ref",
        "value": "CurveXYZFourier4"
      },
      "phi": 1.5707963267948966,
      "flip": false
    },
    "RegularizedCoil76": {
      "@module": "simsopt.field.coil",
      "@class": "RegularizedCoil",
      "@name": "RegularizedCoil76",
      "@version": "0.1.dev5270+gee055f063",
      "curve": {
        "$type": "ref",
        "value": "RotatedCurve64"
      },
      "current": {
        "$type": "ref",
        "value": "CurrentSum9"
      },
      "regularization": {
        "@module": "numpy",
        "@class": "array",
        "dtype": "float64",
        "data": 0.0014243593757984126
      }
    },
    "RotatedCurve65": {
      "@module": "simsopt.geo.curve",
      "@class": "RotatedCurve",
      "@name": "RotatedCurve65",
      "@version": "0.1.dev5270+gee055f063",
      "curve": {
        "$type": "ref",
        "value": "CurveXYZFourier1"
      },
      "phi": 1.5707963267948966,
      "flip": true
    },
    "ScaledCurrent49": {
      "@module": "simsopt.field.coil",
      "@class": "ScaledCurrent",
      "@name": "ScaledCurrent49",
      "@version": "0.1.dev5270+gee055f063",
      "current_to_scale": {
        "$type": "ref",
        "value": "ScaledCurrent41"
      },
      "scale": -1.0
    },
    "RegularizedCoil77": {
      "@module": "simsopt.field.coil",
      "@class": "RegularizedCoil",
      "@name": "RegularizedCoil77",
      "@version": "0.1.dev5270+gee055f063",
      "curve": {
        "$type": "ref",
        "value": "RotatedCurve65"
      },
      "current": {
        "$type": "ref",
        "value": "ScaledCurrent49"
      },
      "regularization": {
        "@module": "numpy",
        "@class": "array",
        "dtype": "float64",
        "data": 0.0014243593757984126
      }
    },
    "RotatedCurve66": {
      "@module": "simsopt.geo.curve",
      "@class": "RotatedCurve",
      "@name": "RotatedCurve66",
      "@version": "0.1.dev5270+gee055f063",
      "curve": {
        "$type": "ref",
        "value": "CurveXYZFourier2"
      },
      "phi": 1.5707963267948966,
      "flip": true
    },
    "ScaledCurrent50": {
      "@module": "simsopt.field.coil",
      "@class": "ScaledCurrent",
      "@name": "ScaledCurrent50",
      "@version": "0.1.dev5270+gee055f063",
      "current_to_scale": {
        "$type": "ref",
        "value": "ScaledCurrent42"
      },
      "scale": -1.0
    },
    "RegularizedCoil78": {
      "@module": "simsopt.field.coil",
      "@class": "RegularizedCoil",
      "@name": "RegularizedCoil78",
      "@version": "0.1.dev5270+gee055f063",
      "curve": {
        "$type": "ref",
        "value": "RotatedCurve66"
      },
      "current": {
        "$type": "ref",
        "value": "ScaledCurrent50"
      },
      "regularization": {
        "@module": "numpy",
        "@class": "array",
        "dtype": "float64",
        "data": 0.0014243593757984126
      }
    },
    "RotatedCurve67": {
      "@module": "simsopt.geo.curve",
      "@class": "RotatedCurve",
      "@name": "RotatedCurve67",
      "@version": "0.1.dev5270+gee055f063",
      "curve": {
        "$type": "ref",
        "value": "CurveXYZFourier3"
      },
      "phi": 1.5707963267948966,
      "flip": true
    },
    "ScaledCurrent51": {
      "@module": "simsopt.field.coil",
      "@class": "ScaledCurrent",
      "@name": "ScaledCurrent51",
      "@version": "0.1.dev5270+gee055f063",
      "current_to_scale": {
        "$type": "ref",
        "value": "ScaledCurrent43"
      },
      "scale": -1.0
    },
    "RegularizedCoil79": {
      "@module": "simsopt.field.coil",
      "@class": "RegularizedCoil",
      "@name": "RegularizedCoil79",
      "@version": "0.1.dev5270+gee055f063",
      "curve": {
        "$type": "ref",
        "value": "RotatedCurve67"
      },
      "current": {
        "$type": "ref",
        "value": "ScaledCurrent51"
      },
      "regularization": {
        "@module": "numpy",
        "@class": "array",
        "dtype": "float64",
        "data": 0.0014243593757984126
      }
    },
    "RotatedCurve68": {
      "@module": "simsopt.geo.curve",
      "@class": "RotatedCurve",
      "@name": "RotatedCurve68",
      "@version": "0.1.dev5270+gee055f063",
      "curve": {
        "$type": "ref",
        "value": "CurveXYZFourier4"
      },
      "phi": 1.5707963267948966,
      "flip": true
    },
    "ScaledCurrent52": {
      "@module": "simsopt.field.coil",
      "@class": "ScaledCurrent",
      "@name": "ScaledCurrent52",
      "@version": "0.1.dev5270+gee055f063",
      "current_to_scale": {
        "$type": "ref",
        "value": "CurrentSum9"
      },
      "scale": -1.0
    },
    "RegularizedCoil80": {
      "@module": "simsopt.field.coil",
      "@class": "RegularizedCoil",
      "@name": "RegularizedCoil80",
      "@version": "0.1.dev5270+gee055f063",
      "curve": {
        "$type": "ref",
        "value": "RotatedCurve68"
      },
      "current": {
        "$type": "ref",
        "value": "ScaledCurrent52"
      },
      "regularization": {
        "@module": "numpy",
        "@class": "array",
        "dtype": "float64",
        "data": 0.0014243593757984126
      }
    },
    "RotatedCurve69": {
      "@module": "simsopt.geo.curve",
      "@class": "RotatedCurve",
      "@name": "RotatedCurve69",
      "@version": "0.1.dev5270+gee055f063",
      "curve": {
        "$type": "ref",
        "value": "CurveXYZFourier1"
      },
      "phi": 3.141592653589793,
      "flip": false
    },
    "RegularizedCoil81": {
      "@module": "simsopt.field.coil",
      "@class": "RegularizedCoil",
      "@name": "RegularizedCoil81",
      "@version": "0.1.dev5270+gee055f063",
      "curve": {
        "$type": "ref",
        "value": "RotatedCurve69"
      },
      "current": {
        "$type": "ref",
        "value": "ScaledCurrent41"
      },
      "regularization": {
        "@module": "numpy",
        "@class": "array",
        "dtype": "float64",
        "data": 0.0014243593757984126
      }
    },
    "RotatedCurve70": {
      "@module": "simsopt.geo.curve",
      "@class": "RotatedCurve",
      "@name": "RotatedCurve70",
      "@version": "0.1.dev5270+gee055f063",
      "curve": {
        "$type": "ref",
        "value": "CurveXYZFourier2"
      },
      "phi": 3.141592653589793,
      "flip": false
    },
    "RegularizedCoil82": {
      "@module": "simsopt.field.coil",
      "@class": "RegularizedCoil",
      "@name": "RegularizedCoil82",
      "@version": "0.1.dev5270+gee055f063",
      "curve": {
        "$type": "ref",
        "value": "RotatedCurve70"
      },
      "current": {
        "$type": "ref",
        "value": "ScaledCurrent42"
      },
      "regularization": {
        "@module": "numpy",
        "@class": "array",
        "dtype": "float64",
        "data": 0.0014243593757984126
      }
    },
    "RotatedCurve71": {
      "@module": "simsopt.geo.curve",
      "@class": "RotatedCurve",
      "@name": "RotatedCurve71",
      "@version": "0.1.dev5270+gee055f063",
      "curve": {
        "$type": "ref",
        "value": "CurveXYZFourier3"
      },
      "phi": 3.141592653589793,
      "flip": false
    },
    "RegularizedCoil83": {
      "@module": "simsopt.field.coil",
      "@class": "RegularizedCoil",
      "@name": "RegularizedCoil83",
      "@version": "0.1.dev5270+gee055f063",
      "curve": {
        "$type": "ref",
        "value": "RotatedCurve71"
      },
      "current": {
        "$type": "ref",
        "value": "ScaledCurrent43"
      },
      "regularization": {
        "@module": "numpy",
        "@class": "array",
        "dtype": "float64",
        "data": 0.0014243593757984126
      }
    },
    "RotatedCurve72": {
      "@module": "simsopt.geo.curve",
      "@class": "RotatedCurve",
      "@name": "RotatedCurve72",
      "@version": "0.1.dev5270+gee055f063",
      "curve": {
        "$type": "ref",
        "value": "CurveXYZFourier4"
      },
      "phi": 3.141592653589793,
      "flip": false
    },
    "RegularizedCoil84": {
      "@module": "simsopt.field.coil",
      "@class": "RegularizedCoil",
      "@name": "RegularizedCoil84",
      "@version": "0.1.dev5270+gee055f063",
      "curve": {
        "$type": "ref",
        "value": "RotatedCurve72"
      },
      "current": {
        "$type": "ref",
        "value": "CurrentSum9"
      },
      "regularization": {
        "@module": "numpy",
        "@class": "array",
        "dtype": "float64",
        "data": 0.0014243593757984126
      }
    },
    "RotatedCurve73": {
      "@module": "simsopt.geo.curve",
      "@class": "RotatedCurve",
      "@name": "RotatedCurve73",
      "@version": "0.1.dev5270+gee055f063",
      "curve": {
        "$type": "ref",
        "value": "CurveXYZFourier1"
      },
      "phi": 3.141592653589793,
      "flip": true
    },
    "ScaledCurrent53": {
      "@module": "simsopt.field.coil",
      "@class": "ScaledCurrent",
      "@name": "ScaledCurrent53",
      "@version": "0.1.dev5270+gee055f063",
      "current_to_scale": {
        "$type": "ref",
        "value": "ScaledCurrent41"
      },
      "scale": -1.0
    },
    "RegularizedCoil85": {
      "@module": "simsopt.field.coil",
      "@class": "RegularizedCoil",
      "@name": "RegularizedCoil85",
      "@version": "0.1.dev5270+gee055f063",
      "curve": {
        "$type": "ref",
        "value": "RotatedCurve73"
      },
      "current": {
        "$type": "ref",
        "value": "ScaledCurrent53"
      },
      "regularization": {
        "@module": "numpy",
        "@class": "array",
        "dtype": "float64",
        "data": 0.0014243593757984126
      }
    },
    "RotatedCurve74": {
      "@module": "simsopt.geo.curve",
      "@class": "RotatedCurve",
      "@name": "RotatedCurve74",
      "@version": "0.1.dev5270+gee055f063",
      "curve": {
        "$type": "ref",
        "value": "CurveXYZFourier2"
      },
      "phi": 3.141592653589793,
      "flip": true
    },
    "ScaledCurrent54": {
      "@module": "simsopt.field.coil",
      "@class": "ScaledCurrent",
      "@name": "ScaledCurrent54",
      "@version": "0.1.dev5270+gee055f063",
      "current_to_scale": {
        "$type": "ref",
        "value": "ScaledCurrent42"
      },
      "scale": -1.0
    },
    "RegularizedCoil86": {
      "@module": "simsopt.field.coil",
      "@class": "RegularizedCoil",
      "@name": "RegularizedCoil86",
      "@version": "0.1.dev5270+gee055f063",
      "curve": {
        "$type": "ref",
        "value": "RotatedCurve74"
      },
      "current": {
        "$type": "ref",
        "value": "ScaledCurrent54"
      },
      "regularization": {
        "@module": "numpy",
        "@class": "array",
        "dtype": "float64",
        "data": 0.0014243593757984126
      }
    },
    "RotatedCurve75": {
      "@module": "simsopt.geo.curve",
      "@class": "RotatedCurve",
      "@name": "RotatedCurve75",
      "@version": "0.1.dev5270+gee055f063",
      "curve": {
        "$type": "ref",
        "value": "CurveXYZFourier3"
      },
      "phi": 3.141592653589793,
      "flip": true
    },
    "ScaledCurrent55": {
      "@module": "simsopt.field.coil",
      "@class": "ScaledCurrent",
      "@name": "ScaledCurrent55",
      "@version": "0.1.dev5270+gee055f063",
      "current_to_scale": {
        "$type": "ref",
        "value": "ScaledCurrent43"
      },
      "scale": -1.0
    },
    "RegularizedCoil87": {
      "@module": "simsopt.field.coil",
      "@class": "RegularizedCoil",
      "@name": "RegularizedCoil87",
      "@version": "0.1.dev5270+gee055f063",
      "curve": {
        "$type": "ref",
        "value": "RotatedCurve75"
      },
      "current": {
        "$type": "ref",
        "value": "ScaledCurrent55"
      },
      "regularization": {
        "@module": "numpy",
        "@class": "array",
        "dtype": "float64",
        "data": 0.0014243593757984126
      }
    },
    "RotatedCurve76": {
      "@module": "simsopt.geo.curve",
      "@class": "RotatedCurve",
      "@name": "RotatedCurve76",
      "@version": "0.1.dev5270+gee055f063",
      "curve": {
        "$type": "ref",
        "value": "CurveXYZFourier4"
      },
      "phi": 3.141592653589793,
      "flip": true
    },
    "ScaledCurrent56": {
      "@module": "simsopt.field.coil",
      "@class": "ScaledCurrent",
      "@name": "ScaledCurrent56",
      "@version": "0.1.dev5270+gee055f063",
      "current_to_scale": {
        "$type": "ref",
        "value": "CurrentSum9"
      },
      "scale": -1.0
    },
    "RegularizedCoil88": {
      "@module": "simsopt.field.coil",
      "@class": "RegularizedCoil",
      "@name": "RegularizedCoil88",
      "@version": "0.1.dev5270+gee055f063",
      "curve": {
        "$type": "ref",
        "value": "RotatedCurve76"
      },
      "current": {
        "$type": "ref",
        "value": "ScaledCurrent56"
      },
      "regularization": {
        "@module": "numpy",
        "@class": "array",
        "dtype": "float64",
        "data": 0.0014243593757984126
      }
    },
    "RotatedCurve77": {
      "@module": "simsopt.geo.curve",
      "@class": "RotatedCurve",
      "@name": "RotatedCurve77",
      "@version": "0.1.dev5270+gee055f063",
      "curve": {
        "$type": "ref",
        "value": "CurveXYZFourier1"
      },
      "phi": 4.71238898038469,
      "flip": false
    },
    "RegularizedCoil89": {
      "@module": "simsopt.field.coil",
      "@class": "RegularizedCoil",
      "@name": "RegularizedCoil89",
      "@version": "0.1.dev5270+gee055f063",
      "curve": {
        "$type": "ref",
        "value": "RotatedCurve77"
      },
      "current": {
        "$type": "ref",
        "value": "ScaledCurrent41"
      },
      "regularization": {
        "@module": "numpy",
        "@class": "array",
        "dtype": "float64",
        "data": 0.0014243593757984126
      }
    },
    "RotatedCurve78": {
      "@module": "simsopt.geo.curve",
      "@class": "RotatedCurve",
      "@name": "RotatedCurve78",
      "@version": "0.1.dev5270+gee055f063",
      "curve": {
        "$type": "ref",
        "value": "CurveXYZFourier2"
      },
      "phi": 4.71238898038469,
      "flip": false
    },
    "RegularizedCoil90": {
      "@module": "simsopt.field.coil",
      "@class": "RegularizedCoil",
      "@name": "RegularizedCoil90",
      "@version": "0.1.dev5270+gee055f063",
      "curve": {
        "$type": "ref",
        "value": "RotatedCurve78"
      },
      "current": {
        "$type": "ref",
        "value": "ScaledCurrent42"
      },
      "regularization": {
        "@module": "numpy",
        "@class": "array",
        "dtype": "float64",
        "data": 0.0014243593757984126
      }
    },
    "RotatedCurve79": {
      "@module": "simsopt.geo.curve",
      "@class": "RotatedCurve",
      "@name": "RotatedCurve79",
      "@version": "0.1.dev5270+gee055f063",
      "curve": {
        "$type": "ref",
        "value": "CurveXYZFourier3"
      },
      "phi": 4.71238898038469,
      "flip": false
    },
    "RegularizedCoil91": {
      "@module": "simsopt.field.coil",
      "@class": "RegularizedCoil",
      "@name": "RegularizedCoil91",
      "@version": "0.1.dev5270+gee055f063",
      "curve": {
        "$type": "ref",
        "value": "RotatedCurve79"
      },
      "current": {
        "$type": "ref",
        "value": "ScaledCurrent43"
      },
      "regularization": {
        "@module": "numpy",
        "@class": "array",
        "dtype": "float64",
        "data": 0.0014243593757984126
      }
    },
    "RotatedCurve80": {
      "@module": "simsopt.geo.curve",
      "@class": "RotatedCurve",
      "@name": "RotatedCurve80",
      "@version": "0.1.dev5270+gee055f063",
      "curve": {
        "$type": "ref",
        "value": "CurveXYZFourier4"
      },
      "phi": 4.71238898038469,
      "flip": false
    },
    "RegularizedCoil92": {
      "@module": "simsopt.field.coil",
      "@class": "RegularizedCoil",
      "@name": "RegularizedCoil92",
      "@version": "0.1.dev5270+gee055f063",
      "curve": {
        "$type": "ref",
        "value": "RotatedCurve80"
      },
      "current": {
        "$type": "ref",
        "value": "CurrentSum9"
      },
      "regularization": {
        "@module": "numpy",
        "@class": "array",
        "dtype": "float64",
        "data": 0.0014243593757984126
      }
    },
    "RotatedCurve81": {
      "@module": "simsopt.geo.curve",
      "@class": "RotatedCurve",
      "@name": "RotatedCurve81",
      "@version": "0.1.dev5270+gee055f063",
      "curve": {
        "$type": "ref",
        "value": "CurveXYZFourier1"
      },
      "phi": 4.71238898038469,
      "flip": true
    },
    "ScaledCurrent57": {
      "@module": "simsopt.field.coil",
      "@class": "ScaledCurrent",
      "@name": "ScaledCurrent57",
      "@version": "0.1.dev5270+gee055f063",
      "current_to_scale": {
        "$type": "ref",
        "value": "ScaledCurrent41"
      },
      "scale": -1.0
    },
    "RegularizedCoil93": {
      "@module": "simsopt.field.coil",
      "@class": "RegularizedCoil",
      "@name": "RegularizedCoil93",
      "@version": "0.1.dev5270+gee055f063",
      "curve": {
        "$type": "ref",
        "value": "RotatedCurve81"
      },
      "current": {
        "$type": "ref",
        "value": "ScaledCurrent57"
      },
      "regularization": {
        "@module": "numpy",
        "@class": "array",
        "dtype": "float64",
        "data": 0.0014243593757984126
      }
    },
    "RotatedCurve82": {
      "@module": "simsopt.geo.curve",
      "@class": "RotatedCurve",
      "@name": "RotatedCurve82",
      "@version": "0.1.dev5270+gee055f063",
      "curve": {
        "$type": "ref",
        "value": "CurveXYZFourier2"
      },
      "phi": 4.71238898038469,
      "flip": true
    },
    "ScaledCurrent58": {
      "@module": "simsopt.field.coil",
      "@class": "ScaledCurrent",
      "@name": "ScaledCurrent58",
      "@version": "0.1.dev5270+gee055f063",
      "current_to_scale": {
        "$type": "ref",
        "value": "ScaledCurrent42"
      },
      "scale": -1.0
    },
    "RegularizedCoil94": {
      "@module": "simsopt.field.coil",
      "@class": "RegularizedCoil",
      "@name": "RegularizedCoil94",
      "@version": "0.1.dev5270+gee055f063",
      "curve": {
        "$type": "ref",
        "value": "RotatedCurve82"
      },
      "current": {
        "$type": "ref",
        "value": "ScaledCurrent58"
      },
      "regularization": {
        "@module": "numpy",
        "@class": "array",
        "dtype": "float64",
        "data": 0.0014243593757984126
      }
    },
    "RotatedCurve83": {
      "@module": "simsopt.geo.curve",
      "@class": "RotatedCurve",
      "@name": "RotatedCurve83",
      "@version": "0.1.dev5270+gee055f063",
      "curve": {
        "$type": "ref",
        "value": "CurveXYZFourier3"
      },
      "phi": 4.71238898038469,
      "flip": true
    },
    "ScaledCurrent59": {
      "@module": "simsopt.field.coil",
      "@class": "ScaledCurrent",
      "@name": "ScaledCurrent59",
      "@version": "0.1.dev5270+gee055f063",
      "current_to_scale": {
        "$type": "ref",
        "value": "ScaledCurrent43"
      },
      "scale": -1.0
    },
    "RegularizedCoil95": {
      "@module": "simsopt.field.coil",
      "@class": "RegularizedCoil",
      "@name": "RegularizedCoil95",
      "@version": "0.1.dev5270+gee055f063",
      "curve": {
        "$type": "ref",
        "value": "RotatedCurve83"
      },
      "current": {
        "$type": "ref",
        "value": "ScaledCurrent59"
      },
      "regularization": {
        "@module": "numpy",
        "@class": "array",
        "dtype": "float64",
        "data": 0.0014243593757984126
      }
    },
    "RotatedCurve84": {
      "@module": "simsopt.geo.curve",
      "@class": "RotatedCurve",
      "@name": "RotatedCurve84",
      "@version": "0.1.dev5270+gee055f063",
      "curve": {
        "$type": "ref",
        "value": "CurveXYZFourier4"
      },
      "phi": 4.71238898038469,
      "flip": true
    },
    "ScaledCurrent60": {
      "@module": "simsopt.field.coil",
      "@class": "ScaledCurrent",
      "@name": "ScaledCurrent60",
      "@version": "0.1.dev5270+gee055f063",
      "current_to_scale": {
        "$type": "ref",
        "value": "CurrentSum9"
      },
      "scale": -1.0
    },
    "RegularizedCoil96": {
      "@module": "simsopt.field.coil",
      "@class": "RegularizedCoil",
      "@name": "RegularizedCoil96",
      "@version": "0.1.dev5270+gee055f063",
      "curve": {
        "$type": "ref",
        "value": "RotatedCurve84"
      },
      "current": {
        "$type": "ref",
        "value": "ScaledCurrent60"
      },
      "regularization": {
        "@module": "numpy",
        "@class": "array",
        "dtype": "float64",
        "data": 0.0014243593757984126
      }
    }
  }
}