{
  "metadata": {
    "method_name": "",
    "contact": "akaptano",
    "hardware": "CPU: Intel(R) Xeon(R) Platinum 8370C CPU @ 2.80GHz | RAM: 7.8GB",
    "notes": "",
    "run_date": "2025-12-01T01:51:11.301242"
  },
  "metrics": {
    "initial_B_field": 1.9999638491132898,
    "final_B_field": 2.169385007698529,
    "target_B_field": 2.0,
    "optimization_time": 9.757765769958496,
    "final_normalized_squared_flux": 0.017518080317853745,
    "final_min_cs_separation": 0.4077505604900478,
    "final_min_cc_separation": 0.006150671988095653,
    "final_total_length": 17.742314094318846,
    "final_max_curvature": 2.287247138265798,
    "final_average_curvature": 1.4550110526121895,
    "final_mean_squared_curvature": 2.432888055654261,
    "final_linking_number": 0,
    "final_max_max_coil_force": 36080350.97849791,
    "final_avg_max_coil_force": 19200366.68288642,
    "final_max_max_coil_torque": 19546052.81457892,
    "final_avg_max_coil_torque": 8457951.723584957,
    "avg_BdotN_over_B": 0.18692810576148317,
    "max_BdotN_over_B": 0.8725073497802053,
    "lagrange_multipliers": null,
    "output_directory": ".",
    "flux_threshold": 1e-08,
    "cc_threshold": 0.09692,
    "cs_threshold": 0.157495,
    "msc_threshold": 8.254230293025175,
    "curvature_threshold": 8.254230293025175,
    "force_threshold": 0.12311480455524776,
    "torque_threshold": 0.12311480455524776
  }
}