{
  "@module": "simsopt._core.json",
  "@class": "SIMSON",
  "@version": "0.1.dev5270+gee055f063",
  "graph": {
    "$type": "ref",
    "value": "BiotSavart5"
  },
  "simsopt_objs": {
    "140621250644784": {
      "@module": "simsopt._core.optimizable",
      "@class": "DOFs",
      "@name": "140621250644784",
      "@version": "0.1.dev5270+gee055f063",
      "x": {
        "@module": "numpy",
        "@class": "array",
        "dtype": "float64",
        "data": [
          6.6519326340812635,
          1.898949002830421e-16,
          4.411199832618006,
          1.2476738832185864e-16,
          -1.1374910633876676e-15,
          4.412215425417064e-16,
          -5.493162336760831e-16,
          -4.405447986928342e-17,
          1.458411722995702e-16,
          2.755320713028646,
          -2.47943490166057e-16,
          1.8271787970083047,
          -2.0391777187150194e-16,
          -7.861874528966453e-16,
          4.803192544522514e-16,
          5.907705162947804e-17,
          3.5680910467451223e-16,
          -7.222707472933239e-16,
          0.0,
          -4.774648292756844,
          3.1298546928886695e-16,
          -1.1023996716696558e-15,
          4.1918979129219536e-17,
          -1.6340491503675047e-16,
          -1.46946519550095e-15,
          1.5365981190072194e-16,
          -7.707052598551563e-16
        ]
      },
      "names": [
        "xc(0)",
        "xs(1)",
        "xc(1)",
        "xs(2)",
        "xc(2)",
        "xs(3)",
        "xc(3)",
        "xs(4)",
        "xc(4)",
        "yc(0)",
        "ys(1)",
        "yc(1)",
        "ys(2)",
        "yc(2)",
        "ys(3)",
        "yc(3)",
        "ys(4)",
        "yc(4)",
        "zc(0)",
        "zs(1)",
        "zc(1)",
        "zs(2)",
        "zc(2)",
        "zs(3)",
        "zc(3)",
        "zs(4)",
        "zc(4)"
      ],
      "free": {
        "@module": "numpy",
        "@class": "array",
        "dtype": "bool",
        "data": [
          true,
          true,
          true,
          true,
          true,
          true,
          true,
          true,
          true,
          true,
          true,
          true,
          true,
          true,
          true,
          true,
          true,
          true,
          true,
          true,
          true,
          true,
          true,
          true,
          true,
          true,
          true
        ]
      },
      "lower_bounds": {
        "@module": "numpy",
        "@class": "array",
        "dtype": "float64",
        "data": [
          -Infinity,
          -Infinity,
          -Infinity,
          -Infinity,
          -Infinity,
          -Infinity,
          -Infinity,
          -Infinity,
          -Infinity,
          -Infinity,
          -Infinity,
          -Infinity,
          -Infinity,
          -Infinity,
          -Infinity,
          -Infinity,
          -Infinity,
          -Infinity,
          -Infinity,
          -Infinity,
          -Infinity,
          -Infinity,
          -Infinity,
          -Infinity,
          -Infinity,
          -Infinity,
          -Infinity
        ]
      },
      "upper_bounds": {
        "@module": "numpy",
        "@class": "array",
        "dtype": "float64",
        "data": [
          Infinity,
          Infinity,
          Infinity,
          Infinity,
          Infinity,
          Infinity,
          Infinity,
          Infinity,
          Infinity,
          Infinity,
          Infinity,
          Infinity,
          Infinity,
          Infinity,
          Infinity,
          Infinity,
          Infinity,
          Infinity,
          Infinity,
          Infinity,
          Infinity,
          Infinity,
          Infinity,
          Infinity,
          Infinity,
          Infinity,
          Infinity
        ]
      }
    },
    "CurveXYZFourier1": {
      "@module": "simsopt.geo.curvexyzfourier",
      "@class": "CurveXYZFourier",
      "@name": "CurveXYZFourier1",
      "@version": "0.1.dev5270+gee055f063",
      "quadpoints": {
        "@module": "numpy",
        "@class": "array",
        "dtype": "float64",
        "data": [
          0.0,
          0.00390625,
          0.0078125,
          0.01171875,
          0.015625,
          0.01953125,
          0.0234375,
          0.02734375,
          0.03125,
          0.03515625,
          0.0390625,
          0.04296875,
          0.046875,
          0.05078125,
          0.0546875,
          0.05859375,
          0.0625,
          0.06640625,
          0.0703125,
          0.07421875,
          0.078125,
          0.08203125,
          0.0859375,
          0.08984375,
          0.09375,
          0.09765625,
          0.1015625,
          0.10546875,
          0.109375,
          0.11328125,
          0.1171875,
          0.12109375,
          0.125,
          0.12890625,
          0.1328125,
          0.13671875,
          0.140625,
          0.14453125,
          0.1484375,
          0.15234375,
          0.15625,
          0.16015625,
          0.1640625,
          0.16796875,
          0.171875,
          0.17578125,
          0.1796875,
          0.18359375,
          0.1875,
          0.19140625,
          0.1953125,
          0.19921875,
          0.203125,
          0.20703125,
          0.2109375,
          0.21484375,
          0.21875,
          0.22265625,
          0.2265625,
          0.23046875,
          0.234375,
          0.23828125,
          0.2421875,
          0.24609375,
          0.25,
          0.25390625,
          0.2578125,
          0.26171875,
          0.265625,
          0.26953125,
          0.2734375,
          0.27734375,
          0.28125,
          0.28515625,
          0.2890625,
          0.29296875,
          0.296875,
          0.30078125,
          0.3046875,
          0.30859375,
          0.3125,
          0.31640625,
          0.3203125,
          0.32421875,
          0.328125,
          0.33203125,
          0.3359375,
          0.33984375,
          0.34375,
          0.34765625,
          0.3515625,
          0.35546875,
          0.359375,
          0.36328125,
          0.3671875,
          0.37109375,
          0.375,
          0.37890625,
          0.3828125,
          0.38671875,
          0.390625,
          0.39453125,
          0.3984375,
          0.40234375,
          0.40625,
          0.41015625,
          0.4140625,
          0.41796875,
          0.421875,
          0.42578125,
          0.4296875,
          0.43359375,
          0.4375,
          0.44140625,
          0.4453125,
          0.44921875,
          0.453125,
          0.45703125,
          0.4609375,
          0.46484375,
          0.46875,
          0.47265625,
          0.4765625,
          0.48046875,
          0.484375,
          0.48828125,
          0.4921875,
          0.49609375,
          0.5,
          0.50390625,
          0.5078125,
          0.51171875,
          0.515625,
          0.51953125,
          0.5234375,
          0.52734375,
          0.53125,
          0.53515625,
          0.5390625,
          0.54296875,
          0.546875,
          0.55078125,
          0.5546875,
          0.55859375,
          0.5625,
          0.56640625,
          0.5703125,
          0.57421875,
          0.578125,
          0.58203125,
          0.5859375,
          0.58984375,
          0.59375,
          0.59765625,
          0.6015625,
          0.60546875,
          0.609375,
          0.61328125,
          0.6171875,
          0.62109375,
          0.625,
          0.62890625,
          0.6328125,
          0.63671875,
          0.640625,
          0.64453125,
          0.6484375,
          0.65234375,
          0.65625,
          0.66015625,
          0.6640625,
          0.66796875,
          0.671875,
          0.67578125,
          0.6796875,
          0.68359375,
          0.6875,
          0.69140625,
          0.6953125,
          0.69921875,
          0.703125,
          0.70703125,
          0.7109375,
          0.71484375,
          0.71875,
          0.72265625,
          0.7265625,
          0.73046875,
          0.734375,
          0.73828125,
          0.7421875,
          0.74609375,
          0.75,
          0.75390625,
          0.7578125,
          0.76171875,
          0.765625,
          0.76953125,
          0.7734375,
          0.77734375,
          0.78125,
          0.78515625,
          0.7890625,
          0.79296875,
          0.796875,
          0.80078125,
          0.8046875,
          0.80859375,
          0.8125,
          0.81640625,
          0.8203125,
          0.82421875,
          0.828125,
          0.83203125,
          0.8359375,
          0.83984375,
          0.84375,
          0.84765625,
          0.8515625,
          0.85546875,
          0.859375,
          0.86328125,
          0.8671875,
          0.87109375,
          0.875,
          0.87890625,
          0.8828125,
          0.88671875,
          0.890625,
          0.89453125,
          0.8984375,
          0.90234375,
          0.90625,
          0.91015625,
          0.9140625,
          0.91796875,
          0.921875,
          0.92578125,
          0.9296875,
          0.93359375,
          0.9375,
          0.94140625,
          0.9453125,
          0.94921875,
          0.953125,
          0.95703125,
          0.9609375,
          0.96484375,
          0.96875,
          0.97265625,
          0.9765625,
          0.98046875,
          0.984375,
          0.98828125,
          0.9921875,
          0.99609375
        ]
      },
      "order": 4,
      "dofs": {
        "$type": "ref",
        "value": "140621250644784"
      }
    },
    "140621190174320": {
      "@module": "simsopt._core.optimizable",
      "@class": "DOFs",
      "@name": "140621190174320",
      "@version": "0.1.dev5270+gee055f063",
      "x": {
        "@module": "numpy",
        "@class": "array",
        "dtype": "float64",
        "data": [
          0.37499823734497395
        ]
      },
      "names": [
        "x0"
      ],
      "free": {
        "@module": "numpy",
        "@class": "array",
        "dtype": "bool",
        "data": [
          true
        ]
      },
      "lower_bounds": {
        "@module": "numpy",
        "@class": "array",
        "dtype": "float64",
        "data": [
          -Infinity
        ]
      },
      "upper_bounds": {
        "@module": "numpy",
        "@class": "array",
        "dtype": "float64",
        "data": [
          Infinity
        ]
      }
    },
    "Current9": {
      "@module": "simsopt.field.coil",
      "@class": "Current",
      "@name": "Current9",
      "@version": "0.1.dev5270+gee055f063",
      "current": 0.37499823734497395,
      "dofs": {
        "$type": "ref",
        "value": "140621190174320"
      }
    },
    "ScaledCurrent17": {
      "@module": "simsopt.field.coil",
      "@class": "ScaledCurrent",
      "@name": "ScaledCurrent17",
      "@version": "0.1.dev5270+gee055f063",
      "current_to_scale": {
        "$type": "ref",
        "value": "Current9"
      },
      "scale": 10000000.0
    },
    "RegularizedCoil17": {
      "@module": "simsopt.field.coil",
      "@class": "RegularizedCoil",
      "@name": "RegularizedCoil17",
      "@version": "0.1.dev5270+gee055f063",
      "curve": {
        "$type": "ref",
        "value": "CurveXYZFourier1"
      },
      "current": {
        "$type": "ref",
        "value": "ScaledCurrent17"
      },
      "regularization": {
        "@module": "numpy",
        "@class": "array",
        "dtype": "float64",
        "data": 0.03493616599944768
      }
    },
    "140621250646128": {
      "@module": "simsopt._core.optimizable",
      "@class": "DOFs",
      "@name": "140621250646128",
      "@version": "0.1.dev5270+gee055f063",
      "x": {
        "@module": "numpy",
        "@class": "array",
        "dtype": "float64",
        "data": [
          2.7553207130286466,
          7.992299866679756e-17,
          1.8271787970083049,
          -3.7916419013222854e-17,
          -1.7985738845142145e-16,
          1.8082503722426287e-16,
          7.560725674348831e-17,
          4.2185164835915967e-17,
          -5.574127145089684e-16,
          6.6519326340812635,
          -6.234534539462487e-17,
          4.411199832618008,
          3.4556614399517626e-16,
          -5.867664517596815e-16,
          -5.97922187857568e-16,
          3.8430743872180815e-17,
          -5.207915068632638e-16,
          6.061167962636489e-16,
          0.0,
          -4.774648292756844,
          2.556698299565317e-16,
          -1.1023996716696558e-15,
          6.62020298215024e-16,
          -1.4609231925406949e-15,
          -5.231555964295313e-16,
          1.5365981190072194e-16,
          -7.707052598551563e-16
        ]
      },
      "names": [
        "xc(0)",
        "xs(1)",
        "xc(1)",
        "xs(2)",
        "xc(2)",
        "xs(3)",
        "xc(3)",
        "xs(4)",
        "xc(4)",
        "yc(0)",
        "ys(1)",
        "yc(1)",
        "ys(2)",
        "yc(2)",
        "ys(3)",
        "yc(3)",
        "ys(4)",
        "yc(4)",
        "zc(0)",
        "zs(1)",
        "zc(1)",
        "zs(2)",
        "zc(2)",
        "zs(3)",
        "zc(3)",
        "zs(4)",
        "zc(4)"
      ],
      "free": {
        "@module": "numpy",
        "@class": "array",
        "dtype": "bool",
        "data": [
          true,
          true,
          true,
          true,
          true,
          true,
          true,
          true,
          true,
          true,
          true,
          true,
          true,
          true,
          true,
          true,
          true,
          true,
          true,
          true,
          true,
          true,
          true,
          true,
          true,
          true,
          true
        ]
      },
      "lower_bounds": {
        "@module": "numpy",
        "@class": "array",
        "dtype": "float64",
        "data": [
          -Infinity,
          -Infinity,
          -Infinity,
          -Infinity,
          -Infinity,
          -Infinity,
          -Infinity,
          -Infinity,
          -Infinity,
          -Infinity,
          -Infinity,
          -Infinity,
          -Infinity,
          -Infinity,
          -Infinity,
          -Infinity,
          -Infinity,
          -Infinity,
          -Infinity,
          -Infinity,
          -Infinity,
          -Infinity,
          -Infinity,
          -Infinity,
          -Infinity,
          -Infinity,
          -Infinity
        ]
      },
      "upper_bounds": {
        "@module": "numpy",
        "@class": "array",
        "dtype": "float64",
        "data": [
          Infinity,
          Infinity,
          Infinity,
          Infinity,
          Infinity,
          Infinity,
          Infinity,
          Infinity,
          Infinity,
          Infinity,
          Infinity,
          Infinity,
          Infinity,
          Infinity,
          Infinity,
          Infinity,
          Infinity,
          Infinity,
          Infinity,
          Infinity,
          Infinity,
          Infinity,
          Infinity,
          Infinity,
          Infinity,
          Infinity,
          Infinity
        ]
      }
    },
    "CurveXYZFourier2": {
      "@module": "simsopt.geo.curvexyzfourier",
      "@class": "CurveXYZFourier",
      "@name": "CurveXYZFourier2",
      "@version": "0.1.dev5270+gee055f063",
      "quadpoints": {
        "@module": "numpy",
        "@class": "array",
        "dtype": "float64",
        "data": [
          0.0,
          0.00390625,
          0.0078125,
          0.01171875,
          0.015625,
          0.01953125,
          0.0234375,
          0.02734375,
          0.03125,
          0.03515625,
          0.0390625,
          0.04296875,
          0.046875,
          0.05078125,
          0.0546875,
          0.05859375,
          0.0625,
          0.06640625,
          0.0703125,
          0.07421875,
          0.078125,
          0.08203125,
          0.0859375,
          0.08984375,
          0.09375,
          0.09765625,
          0.1015625,
          0.10546875,
          0.109375,
          0.11328125,
          0.1171875,
          0.12109375,
          0.125,
          0.12890625,
          0.1328125,
          0.13671875,
          0.140625,
          0.14453125,
          0.1484375,
          0.15234375,
          0.15625,
          0.16015625,
          0.1640625,
          0.16796875,
          0.171875,
          0.17578125,
          0.1796875,
          0.18359375,
          0.1875,
          0.19140625,
          0.1953125,
          0.19921875,
          0.203125,
          0.20703125,
          0.2109375,
          0.21484375,
          0.21875,
          0.22265625,
          0.2265625,
          0.23046875,
          0.234375,
          0.23828125,
          0.2421875,
          0.24609375,
          0.25,
          0.25390625,
          0.2578125,
          0.26171875,
          0.265625,
          0.26953125,
          0.2734375,
          0.27734375,
          0.28125,
          0.28515625,
          0.2890625,
          0.29296875,
          0.296875,
          0.30078125,
          0.3046875,
          0.30859375,
          0.3125,
          0.31640625,
          0.3203125,
          0.32421875,
          0.328125,
          0.33203125,
          0.3359375,
          0.33984375,
          0.34375,
          0.34765625,
          0.3515625,
          0.35546875,
          0.359375,
          0.36328125,
          0.3671875,
          0.37109375,
          0.375,
          0.37890625,
          0.3828125,
          0.38671875,
          0.390625,
          0.39453125,
          0.3984375,
          0.40234375,
          0.40625,
          0.41015625,
          0.4140625,
          0.41796875,
          0.421875,
          0.42578125,
          0.4296875,
          0.43359375,
          0.4375,
          0.44140625,
          0.4453125,
          0.44921875,
          0.453125,
          0.45703125,
          0.4609375,
          0.46484375,
          0.46875,
          0.47265625,
          0.4765625,
          0.48046875,
          0.484375,
          0.48828125,
          0.4921875,
          0.49609375,
          0.5,
          0.50390625,
          0.5078125,
          0.51171875,
          0.515625,
          0.51953125,
          0.5234375,
          0.52734375,
          0.53125,
          0.53515625,
          0.5390625,
          0.54296875,
          0.546875,
          0.55078125,
          0.5546875,
          0.55859375,
          0.5625,
          0.56640625,
          0.5703125,
          0.57421875,
          0.578125,
          0.58203125,
          0.5859375,
          0.58984375,
          0.59375,
          0.59765625,
          0.6015625,
          0.60546875,
          0.609375,
          0.61328125,
          0.6171875,
          0.62109375,
          0.625,
          0.62890625,
          0.6328125,
          0.63671875,
          0.640625,
          0.64453125,
          0.6484375,
          0.65234375,
          0.65625,
          0.66015625,
          0.6640625,
          0.66796875,
          0.671875,
          0.67578125,
          0.6796875,
          0.68359375,
          0.6875,
          0.69140625,
          0.6953125,
          0.69921875,
          0.703125,
          0.70703125,
          0.7109375,
          0.71484375,
          0.71875,
          0.72265625,
          0.7265625,
          0.73046875,
          0.734375,
          0.73828125,
          0.7421875,
          0.74609375,
          0.75,
          0.75390625,
          0.7578125,
          0.76171875,
          0.765625,
          0.76953125,
          0.7734375,
          0.77734375,
          0.78125,
          0.78515625,
          0.7890625,
          0.79296875,
          0.796875,
          0.80078125,
          0.8046875,
          0.80859375,
          0.8125,
          0.81640625,
          0.8203125,
          0.82421875,
          0.828125,
          0.83203125,
          0.8359375,
          0.83984375,
          0.84375,
          0.84765625,
          0.8515625,
          0.85546875,
          0.859375,
          0.86328125,
          0.8671875,
          0.87109375,
          0.875,
          0.87890625,
          0.8828125,
          0.88671875,
          0.890625,
          0.89453125,
          0.8984375,
          0.90234375,
          0.90625,
          0.91015625,
          0.9140625,
          0.91796875,
          0.921875,
          0.92578125,
          0.9296875,
          0.93359375,
          0.9375,
          0.94140625,
          0.9453125,
          0.94921875,
          0.953125,
          0.95703125,
          0.9609375,
          0.96484375,
          0.96875,
          0.97265625,
          0.9765625,
          0.98046875,
          0.984375,
          0.98828125,
          0.9921875,
          0.99609375
        ]
      },
      "order": 4,
      "dofs": {
        "$type": "ref",
        "value": "140621250646128"
      }
    },
    "140621190178256": {
      "@module": "simsopt._core.optimizable",
      "@class": "DOFs",
      "@name": "140621190178256",
      "@version": "0.1.dev5270+gee055f063",
      "x": {
        "@module": "numpy",
        "@class": "array",
        "dtype": "float64",
        "data": [
          0.37499823734497395
        ]
      },
      "names": [
        "x0"
      ],
      "free": {
        "@module": "numpy",
        "@class": "array",
        "dtype": "bool",
        "data": [
          true
        ]
      },
      "lower_bounds": {
        "@module": "numpy",
        "@class": "array",
        "dtype": "float64",
        "data": [
          -Infinity
        ]
      },
      "upper_bounds": {
        "@module": "numpy",
        "@class": "array",
        "dtype": "float64",
        "data": [
          Infinity
        ]
      }
    },
    "Current10": {
      "@module": "simsopt.field.coil",
      "@class": "Current",
      "@name": "Current10",
      "@version": "0.1.dev5270+gee055f063",
      "current": 0.37499823734497395,
      "dofs": {
        "$type": "ref",
        "value": "140621190178256"
      }
    },
    "ScaledCurrent18": {
      "@module": "simsopt.field.coil",
      "@class": "ScaledCurrent",
      "@name": "ScaledCurrent18",
      "@version": "0.1.dev5270+gee055f063",
      "current_to_scale": {
        "$type": "ref",
        "value": "Current10"
      },
      "scale": 10000000.0
    },
    "RegularizedCoil18": {
      "@module": "simsopt.field.coil",
      "@class": "RegularizedCoil",
      "@name": "RegularizedCoil18",
      "@version": "0.1.dev5270+gee055f063",
      "curve": {
        "$type": "ref",
        "value": "CurveXYZFourier2"
      },
      "current": {
        "$type": "ref",
        "value": "ScaledCurrent18"
      },
      "regularization": {
        "@module": "numpy",
        "@class": "array",
        "dtype": "float64",
        "data": 0.03493616599944768
      }
    },
    "140621250646800": {
      "@module": "simsopt._core.optimizable",
      "@class": "DOFs",
      "@name": "140621250646800",
      "@version": "0.1.dev5270+gee055f063",
      "x": {
        "@module": "numpy",
        "@class": "array",
        "dtype": "float64",
        "data": [
          -2.7553207130286457,
          -8.287641888155586e-17,
          -1.8271787970083047,
          3.746435444332582e-16,
          2.0282558391763707e-17,
          -2.1988590414012656e-16,
          3.2162635235560875e-16,
          -1.3837143102421586e-16,
          1.312844255260943e-16,
          6.6519326340812635,
          1.3612389152848483e-16,
          4.411199832618005,
          1.0553765446029727e-15,
          -6.412901493624293e-16,
          3.119575714567626e-16,
          -4.652496865914404e-16,
          2.9968596105951063e-16,
          2.1424637724602364e-16,
          0.0,
          -4.774648292756845,
          4.312741691727943e-16,
          -1.1023996716696558e-15,
          2.784963788970743e-16,
          -1.6340491503675047e-16,
          1.7926176043551941e-16,
          3.902372116685766e-16,
          -7.707052598551563e-16
        ]
      },
      "names": [
        "xc(0)",
        "xs(1)",
        "xc(1)",
        "xs(2)",
        "xc(2)",
        "xs(3)",
        "xc(3)",
        "xs(4)",
        "xc(4)",
        "yc(0)",
        "ys(1)",
        "yc(1)",
        "ys(2)",
        "yc(2)",
        "ys(3)",
        "yc(3)",
        "ys(4)",
        "yc(4)",
        "zc(0)",
        "zs(1)",
        "zc(1)",
        "zs(2)",
        "zc(2)",
        "zs(3)",
        "zc(3)",
        "zs(4)",
        "zc(4)"
      ],
      "free": {
        "@module": "numpy",
        "@class": "array",
        "dtype": "bool",
        "data": [
          true,
          true,
          true,
          true,
          true,
          true,
          true,
          true,
          true,
          true,
          true,
          true,
          true,
          true,
          true,
          true,
          true,
          true,
          true,
          true,
          true,
          true,
          true,
          true,
          true,
          true,
          true
        ]
      },
      "lower_bounds": {
        "@module": "numpy",
        "@class": "array",
        "dtype": "float64",
        "data": [
          -Infinity,
          -Infinity,
          -Infinity,
          -Infinity,
          -Infinity,
          -Infinity,
          -Infinity,
          -Infinity,
          -Infinity,
          -Infinity,
          -Infinity,
          -Infinity,
          -Infinity,
          -Infinity,
          -Infinity,
          -Infinity,
          -Infinity,
          -Infinity,
          -Infinity,
          -Infinity,
          -Infinity,
          -Infinity,
          -Infinity,
          -Infinity,
          -Infinity,
          -Infinity,
          -Infinity
        ]
      },
      "upper_bounds": {
        "@module": "numpy",
        "@class": "array",
        "dtype": "float64",
        "data": [
          Infinity,
          Infinity,
          Infinity,
          Infinity,
          Infinity,
          Infinity,
          Infinity,
          Infinity,
          Infinity,
          Infinity,
          Infinity,
          Infinity,
          Infinity,
          Infinity,
          Infinity,
          Infinity,
          Infinity,
          Infinity,
          Infinity,
          Infinity,
          Infinity,
          Infinity,
          Infinity,
          Infinity,
          Infinity,
          Infinity,
          Infinity
        ]
      }
    },
    "CurveXYZFourier3": {
      "@module": "simsopt.geo.curvexyzfourier",
      "@class": "CurveXYZFourier",
      "@name": "CurveXYZFourier3",
      "@version": "0.1.dev5270+gee055f063",
      "quadpoints": {
        "@module": "numpy",
        "@class": "array",
        "dtype": "float64",
        "data": [
          0.0,
          0.00390625,
          0.0078125,
          0.01171875,
          0.015625,
          0.01953125,
          0.0234375,
          0.02734375,
          0.03125,
          0.03515625,
          0.0390625,
          0.04296875,
          0.046875,
          0.05078125,
          0.0546875,
          0.05859375,
          0.0625,
          0.06640625,
          0.0703125,
          0.07421875,
          0.078125,
          0.08203125,
          0.0859375,
          0.08984375,
          0.09375,
          0.09765625,
          0.1015625,
          0.10546875,
          0.109375,
          0.11328125,
          0.1171875,
          0.12109375,
          0.125,
          0.12890625,
          0.1328125,
          0.13671875,
          0.140625,
          0.14453125,
          0.1484375,
          0.15234375,
          0.15625,
          0.16015625,
          0.1640625,
          0.16796875,
          0.171875,
          0.17578125,
          0.1796875,
          0.18359375,
          0.1875,
          0.19140625,
          0.1953125,
          0.19921875,
          0.203125,
          0.20703125,
          0.2109375,
          0.21484375,
          0.21875,
          0.22265625,
          0.2265625,
          0.23046875,
          0.234375,
          0.23828125,
          0.2421875,
          0.24609375,
          0.25,
          0.25390625,
          0.2578125,
          0.26171875,
          0.265625,
          0.26953125,
          0.2734375,
          0.27734375,
          0.28125,
          0.28515625,
          0.2890625,
          0.29296875,
          0.296875,
          0.30078125,
          0.3046875,
          0.30859375,
          0.3125,
          0.31640625,
          0.3203125,
          0.32421875,
          0.328125,
          0.33203125,
          0.3359375,
          0.33984375,
          0.34375,
          0.34765625,
          0.3515625,
          0.35546875,
          0.359375,
          0.36328125,
          0.3671875,
          0.37109375,
          0.375,
          0.37890625,
          0.3828125,
          0.38671875,
          0.390625,
          0.39453125,
          0.3984375,
          0.40234375,
          0.40625,
          0.41015625,
          0.4140625,
          0.41796875,
          0.421875,
          0.42578125,
          0.4296875,
          0.43359375,
          0.4375,
          0.44140625,
          0.4453125,
          0.44921875,
          0.453125,
          0.45703125,
          0.4609375,
          0.46484375,
          0.46875,
          0.47265625,
          0.4765625,
          0.48046875,
          0.484375,
          0.48828125,
          0.4921875,
          0.49609375,
          0.5,
          0.50390625,
          0.5078125,
          0.51171875,
          0.515625,
          0.51953125,
          0.5234375,
          0.52734375,
          0.53125,
          0.53515625,
          0.5390625,
          0.54296875,
          0.546875,
          0.55078125,
          0.5546875,
          0.55859375,
          0.5625,
          0.56640625,
          0.5703125,
          0.57421875,
          0.578125,
          0.58203125,
          0.5859375,
          0.58984375,
          0.59375,
          0.59765625,
          0.6015625,
          0.60546875,
          0.609375,
          0.61328125,
          0.6171875,
          0.62109375,
          0.625,
          0.62890625,
          0.6328125,
          0.63671875,
          0.640625,
          0.64453125,
          0.6484375,
          0.65234375,
          0.65625,
          0.66015625,
          0.6640625,
          0.66796875,
          0.671875,
          0.67578125,
          0.6796875,
          0.68359375,
          0.6875,
          0.69140625,
          0.6953125,
          0.69921875,
          0.703125,
          0.70703125,
          0.7109375,
          0.71484375,
          0.71875,
          0.72265625,
          0.7265625,
          0.73046875,
          0.734375,
          0.73828125,
          0.7421875,
          0.74609375,
          0.75,
          0.75390625,
          0.7578125,
          0.76171875,
          0.765625,
          0.76953125,
          0.7734375,
          0.77734375,
          0.78125,
          0.78515625,
          0.7890625,
          0.79296875,
          0.796875,
          0.80078125,
          0.8046875,
          0.80859375,
          0.8125,
          0.81640625,
          0.8203125,
          0.82421875,
          0.828125,
          0.83203125,
          0.8359375,
          0.83984375,
          0.84375,
          0.84765625,
          0.8515625,
          0.85546875,
          0.859375,
          0.86328125,
          0.8671875,
          0.87109375,
          0.875,
          0.87890625,
          0.8828125,
          0.88671875,
          0.890625,
          0.89453125,
          0.8984375,
          0.90234375,
          0.90625,
          0.91015625,
          0.9140625,
          0.91796875,
          0.921875,
          0.92578125,
          0.9296875,
          0.93359375,
          0.9375,
          0.94140625,
          0.9453125,
          0.94921875,
          0.953125,
          0.95703125,
          0.9609375,
          0.96484375,
          0.96875,
          0.97265625,
          0.9765625,
          0.98046875,
          0.984375,
          0.98828125,
          0.9921875,
          0.99609375
        ]
      },
      "order": 4,
      "dofs": {
        "$type": "ref",
        "value": "140621250646800"
      }
    },
    "140621190179408": {
      "@module": "simsopt._core.optimizable",
      "@class": "DOFs",
      "@name": "140621190179408",
      "@version": "0.1.dev5270+gee055f063",
      "x": {
        "@module": "numpy",
        "@class": "array",
        "dtype": "float64",
        "data": [
          0.37499823734497395
        ]
      },
      "names": [
        "x0"
      ],
      "free": {
        "@module": "numpy",
        "@class": "array",
        "dtype": "bool",
        "data": [
          true
        ]
      },
      "lower_bounds": {
        "@module": "numpy",
        "@class": "array",
        "dtype": "float64",
        "data": [
          -Infinity
        ]
      },
      "upper_bounds": {
        "@module": "numpy",
        "@class": "array",
        "dtype": "float64",
        "data": [
          Infinity
        ]
      }
    },
    "Current11": {
      "@module": "simsopt.field.coil",
      "@class": "Current",
      "@name": "Current11",
      "@version": "0.1.dev5270+gee055f063",
      "current": 0.37499823734497395,
      "dofs": {
        "$type": "ref",
        "value": "140621190179408"
      }
    },
    "ScaledCurrent19": {
      "@module": "simsopt.field.coil",
      "@class": "ScaledCurrent",
      "@name": "ScaledCurrent19",
      "@version": "0.1.dev5270+gee055f063",
      "current_to_scale": {
        "$type": "ref",
        "value": "Current11"
      },
      "scale": 10000000.0
    },
    "RegularizedCoil19": {
      "@module": "simsopt.field.coil",
      "@class": "RegularizedCoil",
      "@name": "RegularizedCoil19",
      "@version": "0.1.dev5270+gee055f063",
      "curve": {
        "$type": "ref",
        "value": "CurveXYZFourier3"
      },
      "current": {
        "$type": "ref",
        "value": "ScaledCurrent19"
      },
      "regularization": {
        "@module": "numpy",
        "@class": "array",
        "dtype": "float64",
        "data": 0.03493616599944768
      }
    },
    "140621250647568": {
      "@module": "simsopt._core.optimizable",
      "@class": "DOFs",
      "@name": "140621250647568",
      "@version": "0.1.dev5270+gee055f063",
      "x": {
        "@module": "numpy",
        "@class": "array",
        "dtype": "float64",
        "data": [
          -6.6519326340812635,
          2.9610523737286286e-17,
          -4.411199832618007,
          5.26656615040324e-17,
          1.9118146431624846e-16,
          -3.668339274618447e-16,
          5.493162336760831e-16,
          9.903640789407022e-16,
          -1.0194008749550452e-16,
          2.755320713028647,
          -8.830690727551321e-17,
          1.8271787970083055,
          8.59550365011623e-17,
          1.8453650379735848e-16,
          1.3665626294187772e-16,
          -6.420712238424424e-16,
          1.4271537060789478e-16,
          1.8084383566450935e-16,
          0.0,
          -4.774648292756844,
          1.9561112470975385e-16,
          -1.1023996716696558e-15,
          1.1432448853423512e-17,
          -5.146135934692758e-16,
          -1.5304382560525422e-15,
          -5.560723874028423e-16,
          -7.707052598551563e-16
        ]
      },
      "names": [
        "xc(0)",
        "xs(1)",
        "xc(1)",
        "xs(2)",
        "xc(2)",
        "xs(3)",
        "xc(3)",
        "xs(4)",
        "xc(4)",
        "yc(0)",
        "ys(1)",
        "yc(1)",
        "ys(2)",
        "yc(2)",
        "ys(3)",
        "yc(3)",
        "ys(4)",
        "yc(4)",
        "zc(0)",
        "zs(1)",
        "zc(1)",
        "zs(2)",
        "zc(2)",
        "zs(3)",
        "zc(3)",
        "zs(4)",
        "zc(4)"
      ],
      "free": {
        "@module": "numpy",
        "@class": "array",
        "dtype": "bool",
        "data": [
          true,
          true,
          true,
          true,
          true,
          true,
          true,
          true,
          true,
          true,
          true,
          true,
          true,
          true,
          true,
          true,
          true,
          true,
          true,
          true,
          true,
          true,
          true,
          true,
          true,
          true,
          true
        ]
      },
      "lower_bounds": {
        "@module": "numpy",
        "@class": "array",
        "dtype": "float64",
        "data": [
          -Infinity,
          -Infinity,
          -Infinity,
          -Infinity,
          -Infinity,
          -Infinity,
          -Infinity,
          -Infinity,
          -Infinity,
          -Infinity,
          -Infinity,
          -Infinity,
          -Infinity,
          -Infinity,
          -Infinity,
          -Infinity,
          -Infinity,
          -Infinity,
          -Infinity,
          -Infinity,
          -Infinity,
          -Infinity,
          -Infinity,
          -Infinity,
          -Infinity,
          -Infinity,
          -Infinity
        ]
      },
      "upper_bounds": {
        "@module": "numpy",
        "@class": "array",
        "dtype": "float64",
        "data": [
          Infinity,
          Infinity,
          Infinity,
          Infinity,
          Infinity,
          Infinity,
          Infinity,
          Infinity,
          Infinity,
          Infinity,
          Infinity,
          Infinity,
          Infinity,
          Infinity,
          Infinity,
          Infinity,
          Infinity,
          Infinity,
          Infinity,
          Infinity,
          Infinity,
          Infinity,
          Infinity,
          Infinity,
          Infinity,
          Infinity,
          Infinity
        ]
      }
    },
    "CurveXYZFourier4": {
      "@module": "simsopt.geo.curvexyzfourier",
      "@class": "CurveXYZFourier",
      "@name": "CurveXYZFourier4",
      "@version": "0.1.dev5270+gee055f063",
      "quadpoints": {
        "@module": "numpy",
        "@class": "array",
        "dtype": "float64",
        "data": [
          0.0,
          0.00390625,
          0.0078125,
          0.01171875,
          0.015625,
          0.01953125,
          0.0234375,
          0.02734375,
          0.03125,
          0.03515625,
          0.0390625,
          0.04296875,
          0.046875,
          0.05078125,
          0.0546875,
          0.05859375,
          0.0625,
          0.06640625,
          0.0703125,
          0.07421875,
          0.078125,
          0.08203125,
          0.0859375,
          0.08984375,
          0.09375,
          0.09765625,
          0.1015625,
          0.10546875,
          0.109375,
          0.11328125,
          0.1171875,
          0.12109375,
          0.125,
          0.12890625,
          0.1328125,
          0.13671875,
          0.140625,
          0.14453125,
          0.1484375,
          0.15234375,
          0.15625,
          0.16015625,
          0.1640625,
          0.16796875,
          0.171875,
          0.17578125,
          0.1796875,
          0.18359375,
          0.1875,
          0.19140625,
          0.1953125,
          0.19921875,
          0.203125,
          0.20703125,
          0.2109375,
          0.21484375,
          0.21875,
          0.22265625,
          0.2265625,
          0.23046875,
          0.234375,
          0.23828125,
          0.2421875,
          0.24609375,
          0.25,
          0.25390625,
          0.2578125,
          0.26171875,
          0.265625,
          0.26953125,
          0.2734375,
          0.27734375,
          0.28125,
          0.28515625,
          0.2890625,
          0.29296875,
          0.296875,
          0.30078125,
          0.3046875,
          0.30859375,
          0.3125,
          0.31640625,
          0.3203125,
          0.32421875,
          0.328125,
          0.33203125,
          0.3359375,
          0.33984375,
          0.34375,
          0.34765625,
          0.3515625,
          0.35546875,
          0.359375,
          0.36328125,
          0.3671875,
          0.37109375,
          0.375,
          0.37890625,
          0.3828125,
          0.38671875,
          0.390625,
          0.39453125,
          0.3984375,
          0.40234375,
          0.40625,
          0.41015625,
          0.4140625,
          0.41796875,
          0.421875,
          0.42578125,
          0.4296875,
          0.43359375,
          0.4375,
          0.44140625,
          0.4453125,
          0.44921875,
          0.453125,
          0.45703125,
          0.4609375,
          0.46484375,
          0.46875,
          0.47265625,
          0.4765625,
          0.48046875,
          0.484375,
          0.48828125,
          0.4921875,
          0.49609375,
          0.5,
          0.50390625,
          0.5078125,
          0.51171875,
          0.515625,
          0.51953125,
          0.5234375,
          0.52734375,
          0.53125,
          0.53515625,
          0.5390625,
          0.54296875,
          0.546875,
          0.55078125,
          0.5546875,
          0.55859375,
          0.5625,
          0.56640625,
          0.5703125,
          0.57421875,
          0.578125,
          0.58203125,
          0.5859375,
          0.58984375,
          0.59375,
          0.59765625,
          0.6015625,
          0.60546875,
          0.609375,
          0.61328125,
          0.6171875,
          0.62109375,
          0.625,
          0.62890625,
          0.6328125,
          0.63671875,
          0.640625,
          0.64453125,
          0.6484375,
          0.65234375,
          0.65625,
          0.66015625,
          0.6640625,
          0.66796875,
          0.671875,
          0.67578125,
          0.6796875,
          0.68359375,
          0.6875,
          0.69140625,
          0.6953125,
          0.69921875,
          0.703125,
          0.70703125,
          0.7109375,
          0.71484375,
          0.71875,
          0.72265625,
          0.7265625,
          0.73046875,
          0.734375,
          0.73828125,
          0.7421875,
          0.74609375,
          0.75,
          0.75390625,
          0.7578125,
          0.76171875,
          0.765625,
          0.76953125,
          0.7734375,
          0.77734375,
          0.78125,
          0.78515625,
          0.7890625,
          0.79296875,
          0.796875,
          0.80078125,
          0.8046875,
          0.80859375,
          0.8125,
          0.81640625,
          0.8203125,
          0.82421875,
          0.828125,
          0.83203125,
          0.8359375,
          0.83984375,
          0.84375,
          0.84765625,
          0.8515625,
          0.85546875,
          0.859375,
          0.86328125,
          0.8671875,
          0.87109375,
          0.875,
          0.87890625,
          0.8828125,
          0.88671875,
          0.890625,
          0.89453125,
          0.8984375,
          0.90234375,
          0.90625,
          0.91015625,
          0.9140625,
          0.91796875,
          0.921875,
          0.92578125,
          0.9296875,
          0.93359375,
          0.9375,
          0.94140625,
          0.9453125,
          0.94921875,
          0.953125,
          0.95703125,
          0.9609375,
          0.96484375,
          0.96875,
          0.97265625,
          0.9765625,
          0.98046875,
          0.984375,
          0.98828125,
          0.9921875,
          0.99609375
        ]
      },
      "order": 4,
      "dofs": {
        "$type": "ref",
        "value": "140621250647568"
      }
    },
    "140621190180656": {
      "@module": "simsopt._core.optimizable",
      "@class": "DOFs",
      "@name": "140621190180656",
      "@version": "0.1.dev5270+gee055f063",
      "x": {
        "@module": "numpy",
        "@class": "array",
        "dtype": "float64",
        "data": [
          14999929.493798958
        ]
      },
      "names": [
        "x0"
      ],
      "free": {
        "@module": "numpy",
        "@class": "array",
        "dtype": "bool",
        "data": [
          false
        ]
      },
      "lower_bounds": {
        "@module": "numpy",
        "@class": "array",
        "dtype": "float64",
        "data": [
          -Infinity
        ]
      },
      "upper_bounds": {
        "@module": "numpy",
        "@class": "array",
        "dtype": "float64",
        "data": [
          Infinity
        ]
      }
    },
    "Current12": {
      "@module": "simsopt.field.coil",
      "@class": "Current",
      "@name": "Current12",
      "@version": "0.1.dev5270+gee055f063",
      "current": 14999929.493798958,
      "dofs": {
        "$type": "ref",
        "value": "140621190180656"
      }
    },
    "CurrentSum7": {
      "@module": "simsopt.field.coil",
      "@class": "CurrentSum",
      "@name": "CurrentSum7",
      "@version": "0.1.dev5270+gee055f063",
      "current_a": {
        "$type": "ref",
        "value": "ScaledCurrent17"
      },
      "current_b": {
        "$type": "ref",
        "value": "ScaledCurrent18"
      }
    },
    "CurrentSum8": {
      "@module": "simsopt.field.coil",
      "@class": "CurrentSum",
      "@name": "CurrentSum8",
      "@version": "0.1.dev5270+gee055f063",
      "current_a": {
        "$type": "ref",
        "value": "CurrentSum7"
      },
      "current_b": {
        "$type": "ref",
        "value": "ScaledCurrent19"
      }
    },
    "ScaledCurrent20": {
      "@module": "simsopt.field.coil",
      "@class": "ScaledCurrent",
      "@name": "ScaledCurrent20",
      "@version": "0.1.dev5270+gee055f063",
      "current_to_scale": {
        "$type": "ref",
        "value": "CurrentSum8"
      },
      "scale": -1.0
    },
    "CurrentSum9": {
      "@module": "simsopt.field.coil",
      "@class": "CurrentSum",
      "@name": "CurrentSum9",
      "@version": "0.1.dev5270+gee055f063",
      "current_a": {
        "$type": "ref",
        "value": "Current12"
      },
      "current_b": {
        "$type": "ref",
        "value": "ScaledCurrent20"
      }
    },
    "RegularizedCoil20": {
      "@module": "simsopt.field.coil",
      "@class": "RegularizedCoil",
      "@name": "RegularizedCoil20",
      "@version": "0.1.dev5270+gee055f063",
      "curve": {
        "$type": "ref",
        "value": "CurveXYZFourier4"
      },
      "current": {
        "$type": "ref",
        "value": "CurrentSum9"
      },
      "regularization": {
        "@module": "numpy",
        "@class": "array",
        "dtype": "float64",
        "data": 0.03493616599944768
      }
    },
    "RotatedCurve9": {
      "@module": "simsopt.geo.curve",
      "@class": "RotatedCurve",
      "@name": "RotatedCurve9",
      "@version": "0.1.dev5270+gee055f063",
      "curve": {
        "$type": "ref",
        "value": "CurveXYZFourier1"
      },
      "phi": 0.0,
      "flip": true
    },
    "ScaledCurrent21": {
      "@module": "simsopt.field.coil",
      "@class": "ScaledCurrent",
      "@name": "ScaledCurrent21",
      "@version": "0.1.dev5270+gee055f063",
      "current_to_scale": {
        "$type": "ref",
        "value": "ScaledCurrent17"
      },
      "scale": -1.0
    },
    "RegularizedCoil21": {
      "@module": "simsopt.field.coil",
      "@class": "RegularizedCoil",
      "@name": "RegularizedCoil21",
      "@version": "0.1.dev5270+gee055f063",
      "curve": {
        "$type": "ref",
        "value": "RotatedCurve9"
      },
      "current": {
        "$type": "ref",
        "value": "ScaledCurrent21"
      },
      "regularization": {
        "@module": "numpy",
        "@class": "array",
        "dtype": "float64",
        "data": 0.03493616599944768
      }
    },
    "RotatedCurve10": {
      "@module": "simsopt.geo.curve",
      "@class": "RotatedCurve",
      "@name": "RotatedCurve10",
      "@version": "0.1.dev5270+gee055f063",
      "curve": {
        "$type": "ref",
        "value": "CurveXYZFourier2"
      },
      "phi": 0.0,
      "flip": true
    },
    "ScaledCurrent22": {
      "@module": "simsopt.field.coil",
      "@class": "ScaledCurrent",
      "@name": "ScaledCurrent22",
      "@version": "0.1.dev5270+gee055f063",
      "current_to_scale": {
        "$type": "ref",
        "value": "ScaledCurrent18"
      },
      "scale": -1.0
    },
    "RegularizedCoil22": {
      "@module": "simsopt.field.coil",
      "@class": "RegularizedCoil",
      "@name": "RegularizedCoil22",
      "@version": "0.1.dev5270+gee055f063",
      "curve": {
        "$type": "ref",
        "value": "RotatedCurve10"
      },
      "current": {
        "$type": "ref",
        "value": "ScaledCurrent22"
      },
      "regularization": {
        "@module": "numpy",
        "@class": "array",
        "dtype": "float64",
        "data": 0.03493616599944768
      }
    },
    "RotatedCurve11": {
      "@module": "simsopt.geo.curve",
      "@class": "RotatedCurve",
      "@name": "RotatedCurve11",
      "@version": "0.1.dev5270+gee055f063",
      "curve": {
        "$type": "ref",
        "value": "CurveXYZFourier3"
      },
      "phi": 0.0,
      "flip": true
    },
    "ScaledCurrent23": {
      "@module": "simsopt.field.coil",
      "@class": "ScaledCurrent",
      "@name": "ScaledCurrent23",
      "@version": "0.1.dev5270+gee055f063",
      "current_to_scale": {
        "$type": "ref",
        "value": "ScaledCurrent19"
      },
      "scale": -1.0
    },
    "RegularizedCoil23": {
      "@module": "simsopt.field.coil",
      "@class": "RegularizedCoil",
      "@name": "RegularizedCoil23",
      "@version": "0.1.dev5270+gee055f063",
      "curve": {
        "$type": "ref",
        "value": "RotatedCurve11"
      },
      "current": {
        "$type": "ref",
        "value": "ScaledCurrent23"
      },
      "regularization": {
        "@module": "numpy",
        "@class": "array",
        "dtype": "float64",
        "data": 0.03493616599944768
      }
    },
    "RotatedCurve12": {
      "@module": "simsopt.geo.curve",
      "@class": "RotatedCurve",
      "@name": "RotatedCurve12",
      "@version": "0.1.dev5270+gee055f063",
      "curve": {
        "$type": "ref",
        "value": "CurveXYZFourier4"
      },
      "phi": 0.0,
      "flip": true
    },
    "ScaledCurrent24": {
      "@module": "simsopt.field.coil",
      "@class": "ScaledCurrent",
      "@name": "ScaledCurrent24",
      "@version": "0.1.dev5270+gee055f063",
      "current_to_scale": {
        "$type": "ref",
        "value": "CurrentSum9"
      },
      "scale": -1.0
    },
    "RegularizedCoil24": {
      "@module": "simsopt.field.coil",
      "@class": "RegularizedCoil",
      "@name": "RegularizedCoil24",
      "@version": "0.1.dev5270+gee055f063",
      "curve": {
        "$type": "ref",
        "value": "RotatedCurve12"
      },
      "current": {
        "$type": "ref",
        "value": "ScaledCurrent24"
      },
      "regularization": {
        "@module": "numpy",
        "@class": "array",
        "dtype": "float64",
        "data": 0.03493616599944768
      }
    },
    "BiotSavart5": {
      "@module": "simsopt.field.biotsavart",
      "@class": "BiotSavart",
      "@name": "BiotSavart5",
      "@version": "0.1.dev5270+gee055f063",
      "coils": [
        {
          "$type": "ref",
          "value": "RegularizedCoil17"
        },
        {
          "$type": "ref",
          "value": "RegularizedCoil18"
        },
        {
          "$type": "ref",
          "value": "RegularizedCoil19"
        },
        {
          "$type": "ref",
          "value": "RegularizedCoil20"
        },
        {
          "$type": "ref",
          "value": "RegularizedCoil21"
        },
        {
          "$type": "ref",
          "value": "RegularizedCoil22"
        },
        {
          "$type": "ref",
          "value": "RegularizedCoil23"
        },
        {
          "$type": "ref",
          "value": "RegularizedCoil24"
        }
      ],
      "points": {
        "@module": "numpy",
        "@class": "array",
        "dtype": "float64",
        "data": [
          [
            8.0,
            0.0,
            0.0
          ],
          [
            7.847759065022574,
            0.0,
            0.7653668647301796
          ],
          [
            7.414213562373095,
            0.0,
            1.414213562373095
          ],
          [
            6.765366864730179,
            0.0,
            1.8477590650225735
          ],
          [
            6.0,
            0.0,
            2.0
          ],
          [
            5.234633135269821,
            0.0,
            1.8477590650225735
          ],
          [
            4.585786437626905,
            0.0,
            1.4142135623730951
          ],
          [
            4.152240934977426,
            0.0,
            0.7653668647301797
          ],
          [
            4.0,
            0.0,
            2.449293598294703e-16
          ],
          [
            4.152240934977426,
            0.0,
            -0.7653668647301793
          ],
          [
            4.585786437626904,
            0.0,
            -1.414213562373095
          ],
          [
            5.234633135269819,
            0.0,
            -1.847759065022573
          ],
          [
            6.0,
            0.0,
            -2.0
          ],
          [
            6.76536686473018,
            0.0,
            -1.8477590650225733
          ],
          [
            7.414213562373095,
            0.0,
            -1.4142135623730954
          ],
          [
            7.847759065022573,
            0.0,
            -0.7653668647301808
          ],
          [
            7.391036260090294,
            3.0614674589207183,
            0.0
          ],
          [
            7.250383976254268,
            3.0032073753770865,
            0.7653668647301796
          ],
          [
            6.849840159944097,
            2.8372966943367355,
            1.414213562373095
          ],
          [
            6.250383976254268,
            2.588993813003991,
            1.8477590650225735
          ],
          [
            5.54327719506772,
            2.2961005941905386,
            2.0
          ],
          [
            4.836170413881173,
            2.0032073753770865,
            1.8477590650225735
          ],
          [
            4.236714230191344,
            1.7549044940443417,
            1.4142135623730951
          ],
          [
            3.8361704138811725,
            1.588993813003991,
            0.7653668647301797
          ],
          [
            3.695518130045147,
            1.5307337294603591,
            2.449293598294703e-16
          ],
          [
            3.8361704138811725,
            1.588993813003991,
            -0.7653668647301793
          ],
          [
            4.236714230191343,
            1.7549044940443415,
            -1.414213562373095
          ],
          [
            4.836170413881171,
            2.0032073753770856,
            -1.847759065022573
          ],
          [
            5.54327719506772,
            2.2961005941905386,
            -2.0
          ],
          [
            6.250383976254269,
            2.5889938130039916,
            -1.8477590650225733
          ],
          [
            6.849840159944097,
            2.8372966943367355,
            -1.4142135623730954
          ],
          [
            7.250383976254268,
            3.003207375377086,
            -0.7653668647301808
          ],
          [
            5.656854249492381,
            5.65685424949238,
            0.0
          ],
          [
            5.549203651995662,
            5.549203651995661,
            0.7653668647301796
          ],
          [
            5.242640687119286,
            5.242640687119285,
            1.414213562373095
          ],
          [
            4.783836787265482,
            4.783836787265481,
            1.8477590650225735
          ],
          [
            4.242640687119286,
            4.242640687119285,
            2.0
          ],
          [
            3.7014445869730888,
            3.701444586973088,
            1.8477590650225735
          ],
          [
            3.2426406871192857,
            3.2426406871192848,
            1.4142135623730951
          ],
          [
            2.9360777222429086,
            2.936077722242908,
            0.7653668647301797
          ],
          [
            2.8284271247461903,
            2.82842712474619,
            2.449293598294703e-16
          ],
          [
            2.9360777222429086,
            2.936077722242908,
            -0.7653668647301793
          ],
          [
            3.2426406871192848,
            3.2426406871192843,
            -1.414213562373095
          ],
          [
            3.7014445869730874,
            3.701444586973087,
            -1.847759065022573
          ],
          [
            4.242640687119286,
            4.242640687119285,
            -2.0
          ],
          [
            4.783836787265483,
            4.783836787265482,
            -1.8477590650225733
          ],
          [
            5.242640687119286,
            5.242640687119285,
            -1.4142135623730954
          ],
          [
            5.549203651995661,
            5.5492036519956605,
            -0.7653668647301808
          ],
          [
            3.0614674589207187,
            7.391036260090294,
            0.0
          ],
          [
            3.003207375377087,
            7.250383976254268,
            0.7653668647301796
          ],
          [
            2.837296694336736,
            6.849840159944097,
            1.414213562373095
          ],
          [
            2.5889938130039916,
            6.250383976254268,
            1.8477590650225735
          ],
          [
            2.296100594190539,
            5.54327719506772,
            2.0
          ],
          [
            2.0032073753770865,
            4.836170413881173,
            1.8477590650225735
          ],
          [
            1.754904494044342,
            4.236714230191344,
            1.4142135623730951
          ],
          [
            1.5889938130039911,
            3.8361704138811725,
            0.7653668647301797
          ],
          [
            1.5307337294603593,
            3.695518130045147,
            2.449293598294703e-16
          ],
          [
            1.5889938130039911,
            3.8361704138811725,
            -0.7653668647301793
          ],
          [
            1.7549044940443417,
            4.236714230191343,
            -1.414213562373095
          ],
          [
            2.003207375377086,
            4.836170413881171,
            -1.847759065022573
          ],
          [
            2.296100594190539,
            5.54327719506772,
            -2.0
          ],
          [
            2.5889938130039916,
            6.250383976254269,
            -1.8477590650225733
          ],
          [
            2.837296694336736,
            6.849840159944097,
            -1.4142135623730954
          ],
          [
            3.0032073753770865,
            7.250383976254268,
            -0.7653668647301808
          ],
          [
            4.898587196589413e-16,
            8.0,
            0.0
          ],
          [
            4.80536650972976e-16,
            7.847759065022574,
            0.7653668647301796
          ],
          [
            4.539896453677553e-16,
            7.414213562373095,
            1.414213562373095
          ],
          [
            4.142592437974689e-16,
            6.765366864730179,
            1.8477590650225735
          ],
          [
            3.6739403974420594e-16,
            6.0,
            2.0
          ],
          [
            3.20528835690943e-16,
            5.234633135269821,
            1.8477590650225735
          ],
          [
            2.8079843412065663e-16,
            4.585786437626905,
            1.4142135623730951
          ],
          [
            2.542514285154359e-16,
            4.152240934977426,
            0.7653668647301797
          ],
          [
            2.4492935982947064e-16,
            4.0,
            2.449293598294703e-16
          ],
          [
            2.542514285154359e-16,
            4.152240934977426,
            -0.7653668647301793
          ],
          [
            2.807984341206566e-16,
            4.585786437626904,
            -1.414213562373095
          ],
          [
            3.2052883569094287e-16,
            5.234633135269819,
            -1.847759065022573
          ],
          [
            3.6739403974420594e-16,
            6.0,
            -2.0
          ],
          [
            4.14259243797469e-16,
            6.76536686473018,
            -1.8477590650225733
          ],
          [
            4.539896453677553e-16,
            7.414213562373095,
            -1.4142135623730954
          ],
          [
            4.805366509729759e-16,
            7.847759065022573,
            -0.7653668647301808
          ],
          [
            -3.061467458920718,
            7.391036260090294,
            0.0
          ],
          [
            -3.003207375377086,
            7.250383976254268,
            0.7653668647301796
          ],
          [
            -2.837296694336735,
            6.849840159944097,
            1.414213562373095
          ],
          [
            -2.5889938130039907,
            6.250383976254268,
            1.8477590650225735
          ],
          [
            -2.2961005941905386,
            5.54327719506772,
            2.0
          ],
          [
            -2.003207375377086,
            4.836170413881173,
            1.8477590650225735
          ],
          [
            -1.7549044940443415,
            4.236714230191344,
            1.4142135623730951
          ],
          [
            -1.5889938130039907,
            3.8361704138811725,
            0.7653668647301797
          ],
          [
            -1.530733729460359,
            3.695518130045147,
            2.449293598294703e-16
          ],
          [
            -1.5889938130039907,
            3.8361704138811725,
            -0.7653668647301793
          ],
          [
            -1.7549044940443412,
            4.236714230191343,
            -1.414213562373095
          ],
          [
            -2.003207375377085,
            4.836170413881171,
            -1.847759065022573
          ],
          [
            -2.2961005941905386,
            5.54327719506772,
            -2.0
          ],
          [
            -2.588993813003991,
            6.250383976254269,
            -1.8477590650225733
          ],
          [
            -2.837296694336735,
            6.849840159944097,
            -1.4142135623730954
          ],
          [
            -3.0032073753770856,
            7.250383976254268,
            -0.7653668647301808
          ],
          [
            -5.65685424949238,
            5.656854249492381,
            0.0
          ],
          [
            -5.549203651995661,
            5.549203651995662,
            0.7653668647301796
          ],
          [
            -5.242640687119285,
            5.242640687119286,
            1.414213562373095
          ],
          [
            -4.783836787265481,
            4.783836787265482,
            1.8477590650225735
          ],
          [
            -4.242640687119285,
            4.242640687119286,
            2.0
          ],
          [
            -3.701444586973088,
            3.7014445869730888,
            1.8477590650225735
          ],
          [
            -3.2426406871192848,
            3.2426406871192857,
            1.4142135623730951
          ],
          [
            -2.936077722242908,
            2.9360777222429086,
            0.7653668647301797
          ],
          [
            -2.82842712474619,
            2.8284271247461903,
            2.449293598294703e-16
          ],
          [
            -2.936077722242908,
            2.9360777222429086,
            -0.7653668647301793
          ],
          [
            -3.2426406871192843,
            3.2426406871192848,
            -1.414213562373095
          ],
          [
            -3.701444586973087,
            3.7014445869730874,
            -1.847759065022573
          ],
          [
            -4.242640687119285,
            4.242640687119286,
            -2.0
          ],
          [
            -4.783836787265482,
            4.783836787265483,
            -1.8477590650225733
          ],
          [
            -5.242640687119285,
            5.242640687119286,
            -1.4142135623730954
          ],
          [
            -5.5492036519956605,
            5.549203651995661,
            -0.7653668647301808
          ],
          [
            -7.391036260090294,
            3.061467458920719,
            0.0
          ],
          [
            -7.250383976254268,
            3.0032073753770874,
            0.7653668647301796
          ],
          [
            -6.849840159944097,
            2.8372966943367364,
            1.414213562373095
          ],
          [
            -6.250383976254268,
            2.588993813003992,
            1.8477590650225735
          ],
          [
            -5.54327719506772,
            2.2961005941905395,
            2.0
          ],
          [
            -4.836170413881173,
            2.003207375377087,
            1.8477590650225735
          ],
          [
            -4.236714230191344,
            1.7549044940443423,
            1.4142135623730951
          ],
          [
            -3.8361704138811725,
            1.5889938130039916,
            0.7653668647301797
          ],
          [
            -3.695518130045147,
            1.5307337294603596,
            2.449293598294703e-16
          ],
          [
            -3.8361704138811725,
            1.5889938130039916,
            -0.7653668647301793
          ],
          [
            -4.236714230191343,
            1.754904494044342,
            -1.414213562373095
          ],
          [
            -4.836170413881171,
            2.003207375377086,
            -1.847759065022573
          ],
          [
            -5.54327719506772,
            2.2961005941905395,
            -2.0
          ],
          [
            -6.250383976254269,
            2.588993813003992,
            -1.8477590650225733
          ],
          [
            -6.849840159944097,
            2.8372966943367364,
            -1.4142135623730954
          ],
          [
            -7.250383976254268,
            3.003207375377087,
            -0.7653668647301808
          ],
          [
            -8.0,
            9.797174393178826e-16,
            0.0
          ],
          [
            -7.847759065022574,
            9.61073301945952e-16,
            0.7653668647301796
          ],
          [
            -7.414213562373095,
            9.079792907355106e-16,
            1.414213562373095
          ],
          [
            -6.765366864730179,
            8.285184875949378e-16,
            1.8477590650225735
          ],
          [
            -6.0,
            7.347880794884119e-16,
            2.0
          ],
          [
            -5.234633135269821,
            6.41057671381886e-16,
            1.8477590650225735
          ],
          [
            -4.585786437626905,
            5.615968682413133e-16,
            1.4142135623730951
          ],
          [
            -4.152240934977426,
            5.085028570308718e-16,
            0.7653668647301797
          ],
          [
            -4.0,
            4.898587196589413e-16,
            2.449293598294703e-16
          ],
          [
            -4.152240934977426,
            5.085028570308718e-16,
            -0.7653668647301793
          ],
          [
            -4.585786437626904,
            5.615968682413132e-16,
            -1.414213562373095
          ],
          [
            -5.234633135269819,
            6.410576713818857e-16,
            -1.847759065022573
          ],
          [
            -6.0,
            7.347880794884119e-16,
            -2.0
          ],
          [
            -6.76536686473018,
            8.28518487594938e-16,
            -1.8477590650225733
          ],
          [
            -7.414213562373095,
            9.079792907355106e-16,
            -1.4142135623730954
          ],
          [
            -7.847759065022573,
            9.610733019459519e-16,
            -0.7653668647301808
          ],
          [
            -7.391036260090295,
            -3.0614674589207174,
            0.0
          ],
          [
            -7.250383976254269,
            -3.0032073753770856,
            0.7653668647301796
          ],
          [
            -6.8498401599440975,
            -2.837296694336735,
            1.414213562373095
          ],
          [
            -6.250383976254269,
            -2.5889938130039902,
            1.8477590650225735
          ],
          [
            -5.543277195067721,
            -2.296100594190538,
            2.0
          ],
          [
            -4.836170413881174,
            -2.0032073753770856,
            1.8477590650225735
          ],
          [
            -4.236714230191344,
            -1.7549044940443412,
            1.4142135623730951
          ],
          [
            -3.836170413881173,
            -1.5889938130039905,
            0.7653668647301797
          ],
          [
            -3.6955181300451474,
            -1.5307337294603587,
            2.449293598294703e-16
          ],
          [
            -3.836170413881173,
            -1.5889938130039905,
            -0.7653668647301793
          ],
          [
            -4.236714230191343,
            -1.7549044940443408,
            -1.414213562373095
          ],
          [
            -4.836170413881172,
            -2.003207375377085,
            -1.847759065022573
          ],
          [
            -5.543277195067721,
            -2.296100594190538,
            -2.0
          ],
          [
            -6.250383976254269,
            -2.5889938130039907,
            -1.8477590650225733
          ],
          [
            -6.8498401599440975,
            -2.837296694336735,
            -1.4142135623730954
          ],
          [
            -7.250383976254269,
            -3.003207375377085,
            -0.7653668647301808
          ],
          [
            -5.6568542494923815,
            -5.65685424949238,
            0.0
          ],
          [
            -5.549203651995663,
            -5.549203651995661,
            0.7653668647301796
          ],
          [
            -5.2426406871192865,
            -5.242640687119285,
            1.414213562373095
          ],
          [
            -4.783836787265483,
            -4.783836787265481,
            1.8477590650225735
          ],
          [
            -4.242640687119286,
            -4.242640687119285,
            2.0
          ],
          [
            -3.701444586973089,
            -3.701444586973088,
            1.8477590650225735
          ],
          [
            -3.242640687119286,
            -3.2426406871192848,
            1.4142135623730951
          ],
          [
            -2.936077722242909,
            -2.936077722242908,
            0.7653668647301797
          ],
          [
            -2.8284271247461907,
            -2.82842712474619,
            2.449293598294703e-16
          ],
          [
            -2.936077722242909,
            -2.936077722242908,
            -0.7653668647301793
          ],
          [
            -3.242640687119285,
            -3.2426406871192843,
            -1.414213562373095
          ],
          [
            -3.701444586973088,
            -3.701444586973087,
            -1.847759065022573
          ],
          [
            -4.242640687119286,
            -4.242640687119285,
            -2.0
          ],
          [
            -4.783836787265484,
            -4.783836787265482,
            -1.8477590650225733
          ],
          [
            -5.2426406871192865,
            -5.242640687119285,
            -1.4142135623730954
          ],
          [
            -5.549203651995662,
            -5.5492036519956605,
            -0.7653668647301808
          ],
          [
            -3.0614674589207227,
            -7.391036260090292,
            0.0
          ],
          [
            -3.003207375377091,
            -7.250383976254266,
            0.7653668647301796
          ],
          [
            -2.83729669433674,
            -6.849840159944095,
            1.414213562373095
          ],
          [
            -2.5889938130039947,
            -6.250383976254266,
            1.8477590650225735
          ],
          [
            -2.296100594190542,
            -5.543277195067719,
            2.0
          ],
          [
            -2.003207375377089,
            -4.836170413881172,
            1.8477590650225735
          ],
          [
            -1.7549044940443443,
            -4.236714230191343,
            1.4142135623730951
          ],
          [
            -1.5889938130039933,
            -3.8361704138811716,
            0.7653668647301797
          ],
          [
            -1.5307337294603613,
            -3.695518130045146,
            2.449293598294703e-16
          ],
          [
            -1.5889938130039933,
            -3.8361704138811716,
            -0.7653668647301793
          ],
          [
            -1.754904494044344,
            -4.2367142301913425,
            -1.414213562373095
          ],
          [
            -2.0032073753770887,
            -4.83617041388117,
            -1.847759065022573
          ],
          [
            -2.296100594190542,
            -5.543277195067719,
            -2.0
          ],
          [
            -2.588993813003995,
            -6.250383976254267,
            -1.8477590650225733
          ],
          [
            -2.83729669433674,
            -6.849840159944095,
            -1.4142135623730954
          ],
          [
            -3.0032073753770905,
            -7.250383976254266,
            -0.7653668647301808
          ],
          [
            -1.4695761589768238e-15,
            -8.0,
            0.0
          ],
          [
            -1.441609952918928e-15,
            -7.847759065022574,
            0.7653668647301796
          ],
          [
            -1.3619689361032657e-15,
            -7.414213562373095,
            1.414213562373095
          ],
          [
            -1.2427777313924066e-15,
            -6.765366864730179,
            1.8477590650225735
          ],
          [
            -1.102182119232618e-15,
            -6.0,
            2.0
          ],
          [
            -9.61586507072829e-16,
            -5.234633135269821,
            1.8477590650225735
          ],
          [
            -8.423953023619699e-16,
            -4.585786437626905,
            1.4142135623730951
          ],
          [
            -7.627542855463076e-16,
            -4.152240934977426,
            0.7653668647301797
          ],
          [
            -7.347880794884119e-16,
            -4.0,
            2.449293598294703e-16
          ],
          [
            -7.627542855463076e-16,
            -4.152240934977426,
            -0.7653668647301793
          ],
          [
            -8.423953023619697e-16,
            -4.585786437626904,
            -1.414213562373095
          ],
          [
            -9.615865070728286e-16,
            -5.234633135269819,
            -1.847759065022573
          ],
          [
            -1.102182119232618e-15,
            -6.0,
            -2.0
          ],
          [
            -1.2427777313924068e-15,
            -6.76536686473018,
            -1.8477590650225733
          ],
          [
            -1.3619689361032657e-15,
            -7.414213562373095,
            -1.4142135623730954
          ],
          [
            -1.4416099529189277e-15,
            -7.847759065022573,
            -0.7653668647301808
          ],
          [
            3.06146745892072,
            -7.391036260090293,
            0.0
          ],
          [
            3.0032073753770883,
            -7.250383976254267,
            0.7653668647301796
          ],
          [
            2.8372966943367373,
            -6.849840159944096,
            1.414213562373095
          ],
          [
            2.5889938130039925,
            -6.250383976254267,
            1.8477590650225735
          ],
          [
            2.29610059419054,
            -5.54327719506772,
            2.0
          ],
          [
            2.0032073753770874,
            -4.836170413881173,
            1.8477590650225735
          ],
          [
            1.7549044940443428,
            -4.236714230191343,
            1.4142135623730951
          ],
          [
            1.588993813003992,
            -3.836170413881172,
            0.7653668647301797
          ],
          [
            1.53073372946036,
            -3.6955181300451465,
            2.449293598294703e-16
          ],
          [
            1.588993813003992,
            -3.836170413881172,
            -0.7653668647301793
          ],
          [
            1.7549044940443423,
            -4.2367142301913425,
            -1.414213562373095
          ],
          [
            2.003207375377087,
            -4.836170413881171,
            -1.847759065022573
          ],
          [
            2.29610059419054,
            -5.54327719506772,
            -2.0
          ],
          [
            2.588993813003993,
            -6.250383976254268,
            -1.8477590650225733
          ],
          [
            2.8372966943367373,
            -6.849840159944096,
            -1.4142135623730954
          ],
          [
            3.003207375377088,
            -7.250383976254267,
            -0.7653668647301808
          ],
          [
            5.656854249492379,
            -5.6568542494923815,
            0.0
          ],
          [
            5.5492036519956605,
            -5.549203651995663,
            0.7653668647301796
          ],
          [
            5.242640687119284,
            -5.2426406871192865,
            1.414213562373095
          ],
          [
            4.78383678726548,
            -4.783836787265483,
            1.8477590650225735
          ],
          [
            4.242640687119284,
            -4.242640687119286,
            2.0
          ],
          [
            3.7014445869730874,
            -3.701444586973089,
            1.8477590650225735
          ],
          [
            3.2426406871192843,
            -3.242640687119286,
            1.4142135623730951
          ],
          [
            2.9360777222429078,
            -2.936077722242909,
            0.7653668647301797
          ],
          [
            2.8284271247461894,
            -2.8284271247461907,
            2.449293598294703e-16
          ],
          [
            2.9360777222429078,
            -2.936077722242909,
            -0.7653668647301793
          ],
          [
            3.242640687119284,
            -3.242640687119285,
            -1.414213562373095
          ],
          [
            3.701444586973086,
            -3.701444586973088,
            -1.847759065022573
          ],
          [
            4.242640687119284,
            -4.242640687119286,
            -2.0
          ],
          [
            4.783836787265481,
            -4.783836787265484,
            -1.8477590650225733
          ],
          [
            5.242640687119284,
            -5.2426406871192865,
            -1.4142135623730954
          ],
          [
            5.54920365199566,
            -5.549203651995662,
            -0.7653668647301808
          ],
          [
            7.391036260090292,
            -3.061467458920723,
            0.0
          ],
          [
            7.250383976254266,
            -3.0032073753770914,
            0.7653668647301796
          ],
          [
            6.849840159944095,
            -2.8372966943367404,
            1.414213562373095
          ],
          [
            6.250383976254266,
            -2.588993813003995,
            1.8477590650225735
          ],
          [
            5.543277195067719,
            -2.296100594190542,
            2.0
          ],
          [
            4.836170413881172,
            -2.0032073753770896,
            1.8477590650225735
          ],
          [
            4.236714230191343,
            -1.7549044940443446,
            1.4142135623730951
          ],
          [
            3.8361704138811716,
            -1.5889938130039936,
            0.7653668647301797
          ],
          [
            3.695518130045146,
            -1.5307337294603616,
            2.449293598294703e-16
          ],
          [
            3.8361704138811716,
            -1.5889938130039936,
            -0.7653668647301793
          ],
          [
            4.2367142301913425,
            -1.7549044940443441,
            -1.414213562373095
          ],
          [
            4.83617041388117,
            -2.0032073753770887,
            -1.847759065022573
          ],
          [
            5.543277195067719,
            -2.296100594190542,
            -2.0
          ],
          [
            6.250383976254267,
            -2.5889938130039956,
            -1.8477590650225733
          ],
          [
            6.849840159944095,
            -2.8372966943367404,
            -1.4142135623730954
          ],
          [
            7.250383976254266,
            -3.003207375377091,
            -0.7653668647301808
          ]
        ]
      }
    }
  }
}