{
  "metadata": {
    "method_name": "",
    "contact": "akaptano",
    "hardware": "CPU: AMD EPYC 7763 64-Core Processor | RAM: 15.6GB",
    "notes": "",
    "run_date": "2026-01-23T00:49:29.924160"
  },
  "metrics": {
    "initial_B_field": 0.9999435935133743,
    "final_B_field": 0.9997688898217161,
    "target_B_field": 1.0,
    "optimization_time": 1.8929941654205322,
    "final_normalized_squared_flux": 0.0,
    "_cached_thresholds": {
      "length_threshold": 120.0,
      "flux_threshold": 1e-08,
      "cc_threshold": 0.48,
      "cs_threshold": 0.78,
      "msc_threshold": 1.6666666666666667,
      "arclength_variation_threshold": 0.0,
      "curvature_threshold": 1.6666666666666667,
      "force_threshold": 0.03077870113881195,
      "torque_threshold": 0.03077870113881195,
      "coil_width": 0.24,
      "R0": 1.6666666666666667
    },
    "final_min_cs_separation": 1.5746482927568433,
    "final_min_cc_separation": 1.8562838320406796,
    "final_total_length": 119.99999999999959,
    "final_max_curvature": 0.20943951023932197,
    "final_average_curvature": 0.20943951023932023,
    "final_arclength_variation": 4.77864819289272e-28,
    "final_mean_squared_curvature": 0.043864908449286345,
    "final_linking_number": 0,
    "final_max_max_coil_force": 4214793.646585675,
    "final_avg_max_coil_force": 4214793.646585671,
    "final_max_max_coil_torque": 3.448753167387874e-07,
    "final_avg_max_coil_torque": 2.9121934971486754e-07,
    "avg_BdotN_over_B": 1.678251581386863e-16,
    "max_BdotN_over_B": 0.062328526202030665,
    "lagrange_multipliers": null,
    "output_directory": "/home/runner/work/stellcoilbench/stellcoilbench/submissions/circular_tokamak/akaptano/01-23-2026_00-49",
    "flux_threshold": 1e-08,
    "cc_threshold": 0.48,
    "cs_threshold": 0.78,
    "msc_threshold": 1.6666666666666667,
    "arclength_variation_threshold": 0.0,
    "curvature_threshold": 1.6666666666666667,
    "force_threshold": 0.03077870113881195,
    "torque_threshold": 0.03077870113881195
  }
}