{
  "metadata": {
    "method_name": "",
    "contact": "akaptano",
    "hardware": "CPU: AMD EPYC 7763 64-Core Processor | RAM: 15.6GB",
    "notes": "",
    "run_date": "2026-01-28T19:22:57.291452"
  },
  "metrics": {
    "initial_B_field": 0.14995261497219797,
    "final_B_field": 0.15309004948370514,
    "target_B_field": 0.15,
    "optimization_time": 404.53402757644653,
    "final_normalized_squared_flux": 1.009275219403138e-06,
    "_cached_thresholds": {
      "length_threshold": 6.096,
      "flux_threshold": 1e-08,
      "cc_threshold": 0.024384,
      "cs_threshold": 0.039624,
      "msc_threshold": 32.808398950131235,
      "arclength_variation_threshold": 0.0,
      "curvature_threshold": 32.808398950131235,
      "force_threshold": 0.0006925207756232686,
      "torque_threshold": 0.0006925207756232686,
      "coil_width": 0.012192,
      "R0": 32.808398950131235
    },
    "final_min_cs_separation": 0.10163590535866912,
    "final_min_cc_separation": 0.024348588041628032,
    "final_total_length": 6.096001345943372,
    "final_max_curvature": 9.61073524669209,
    "final_average_curvature": 5.438553788911589,
    "final_arclength_variation": 4.864200392755798e-06,
    "final_mean_squared_curvature": 32.812533549996374,
    "final_linking_number": 0,
    "final_max_max_coil_force": 5636.604746383673,
    "final_avg_max_coil_force": 3198.026971712716,
    "final_max_max_coil_torque": 1014.8710650181282,
    "final_avg_max_coil_torque": 479.73445929993807,
    "avg_BdotN_over_B": 0.010763144580909776,
    "max_BdotN_over_B": 0.05213596741736753,
    "lagrange_multipliers": null,
    "output_directory": "/home/runner/work/stellcoilbench/stellcoilbench/submissions/muse/akaptano/01-28-2026_19-22",
    "flux_threshold": 1e-08,
    "cc_threshold": 0.024384,
    "cs_threshold": 0.039624,
    "msc_threshold": 32.808398950131235,
    "arclength_variation_threshold": 0.0,
    "curvature_threshold": 32.808398950131235,
    "force_threshold": 0.0006925207756232686,
    "torque_threshold": 0.0006925207756232686,
    "BdotN": 9.420949052842045e-05,
    "BdotN_over_B": 0.0006510216335192551
  }
}