{
  "metadata": {
    "method_name": "",
    "contact": "akaptano",
    "hardware": "CPU: AMD EPYC 7763 64-Core Processor | RAM: 7.8GB",
    "notes": "",
    "run_date": "2025-11-30T15:04:44.492472"
  },
  "metrics": {
    "initial_B_field": 0.4999990493111468,
    "final_B_field": 0.49987324440968595,
    "target_B_field": 0.5,
    "optimization_time": 4.598183870315552,
    "final_normalized_squared_flux": 0.016148850201163727,
    "final_min_cs_separation": 0.14306580595092935,
    "final_min_cc_separation": 0.10034464144299342,
    "final_total_length": 19.034201387642632,
    "final_max_curvature": 2.4900188331322197,
    "final_average_curvature": 1.507448873494226,
    "final_mean_squared_curvature": 2.6244228611868436,
    "final_linking_number": 0,
    "final_max_max_coil_force": 200401.74055087744,
    "final_avg_max_coil_force": 89613.37416782638,
    "final_max_max_coil_torque": 52240.100547285736,
    "final_avg_max_coil_torque": 26557.88823010789,
    "avg_BdotN_over_B": 0.14653137097130514,
    "max_BdotN_over_B": 0.4802275949272989,
    "lagrange_multipliers": null,
    "output_directory": "."
  }
}