{
  "metadata": {
    "method_name": "",
    "contact": "akaptano",
    "hardware": "CPU: AMD EPYC 7763 64-Core Processor | RAM: 15.6GB",
    "notes": "",
    "run_date": "2026-01-25T03:39:48.572917"
  },
  "metrics": {
    "initial_B_field": 0.9999999829966273,
    "final_B_field": 1.0336519828383608,
    "target_B_field": 1.0,
    "optimization_time": 21.860366582870483,
    "final_normalized_squared_flux": 0.6849972396026616,
    "_cached_thresholds": {
      "length_threshold": 100.0,
      "flux_threshold": 1e-08,
      "cc_threshold": 0.4,
      "cs_threshold": 0.65,
      "msc_threshold": 2.0,
      "arclength_variation_threshold": 0.0,
      "curvature_threshold": 2.0,
      "force_threshold": 0.03077870113881195,
      "torque_threshold": 0.03077870113881195,
      "coil_width": 0.2,
      "R0": 2.0
    },
    "final_min_cs_separation": 1.1129730389383155,
    "final_min_cc_separation": 0.020203015721155997,
    "final_total_length": 100.59306549021098,
    "final_max_curvature": 0.8034894906922582,
    "final_average_curvature": 0.3264399349909401,
    "final_arclength_variation": 13.469006515952733,
    "final_mean_squared_curvature": 0.14651474593516944,
    "final_linking_number": 0,
    "final_max_max_coil_force": 143172442.36303085,
    "final_avg_max_coil_force": 58639032.97376308,
    "final_max_max_coil_torque": 150260986.44555947,
    "final_avg_max_coil_torque": 72003333.16540429,
    "avg_BdotN_over_B": 0.05846856700062932,
    "max_BdotN_over_B": 0.2541935646990124,
    "lagrange_multipliers": null,
    "output_directory": "/home/runner/work/stellcoilbench/stellcoilbench/submissions/rotating_ellipse/akaptano/01-25-2026_03-39",
    "flux_threshold": 1e-08,
    "cc_threshold": 0.4,
    "cs_threshold": 0.65,
    "msc_threshold": 2.0,
    "arclength_variation_threshold": 0.0,
    "curvature_threshold": 2.0,
    "force_threshold": 0.03077870113881195,
    "torque_threshold": 0.03077870113881195
  }
}