{
  "metadata": {
    "method_name": "",
    "contact": "akaptano",
    "hardware": "CPU: AMD EPYC 7763 64-Core Processor | RAM: 15.6GB",
    "notes": "",
    "run_date": "2026-01-28T19:23:21.855754"
  },
  "metrics": {
    "fourier_continuation": true,
    "fourier_orders": [
      4,
      8,
      12,
      16
    ],
    "final_order": 16,
    "continuation_results": [
      {
        "initial_B_field": 2.499994639568495,
        "final_B_field": 2.7756581200700476,
        "target_B_field": 2.5,
        "optimization_time": 804.3220686912537,
        "final_normalized_squared_flux": 0.046072810755870726,
        "_cached_thresholds": {
          "length_threshold": 45.0,
          "flux_threshold": 1e-08,
          "cc_threshold": 0.25,
          "cs_threshold": 0.35,
          "msc_threshold": 1.8181818181818181,
          "arclength_variation_threshold": 0.0,
          "curvature_threshold": 1.8181818181818181,
          "force_threshold": 0.1923668821175746,
          "torque_threshold": 0.1923668821175746,
          "coil_width": 0.22000000000000003,
          "R0": 1.8181818181818181
        },
        "final_min_cs_separation": 0.3118594159198302,
        "final_min_cc_separation": 0.19403721880722613,
        "final_total_length": 45.07760486594336,
        "final_max_curvature": 1.7269239638227671,
        "final_average_curvature": 0.9214221515363122,
        "final_arclength_variation": 0.09192521348081867,
        "final_mean_squared_curvature": 1.0970952832191747,
        "final_linking_number": 0,
        "final_max_max_coil_force": 6221839.342515628,
        "final_avg_max_coil_force": 3663055.198892045,
        "final_max_max_coil_torque": 5491260.902998096,
        "final_avg_max_coil_torque": 3681769.7989894175,
        "avg_BdotN_over_B": 0.009279539660405125,
        "max_BdotN_over_B": 0.047142060337326014,
        "lagrange_multipliers": [
          -33771727472.17751,
          -4587054680.887081,
          -1709802916.2726934,
          -2207274914.8522353,
          -0.0,
          -13160739872.934689,
          -0.0,
          -0.0
        ],
        "output_directory": "/home/runner/work/stellcoilbench/stellcoilbench/submissions/W7-X_without_coil_ripple_beta0p05_d23p4_tm/akaptano/01-28-2026_19-23/order_4",
        "flux_threshold": 1e-08,
        "cc_threshold": 0.25,
        "cs_threshold": 0.35,
        "msc_threshold": 1.8181818181818181,
        "arclength_variation_threshold": 0.0,
        "curvature_threshold": 1.8181818181818181,
        "force_threshold": 0.1923668821175746,
        "torque_threshold": 0.1923668821175746,
        "fourier_order": 4,
        "continuation_step": 1
      },
      {
        "initial_B_field": 2.7756581200700476,
        "final_B_field": 2.780499580431515,
        "target_B_field": 2.5,
        "optimization_time": 1931.3433618545532,
        "final_normalized_squared_flux": 0.010231901560465414,
        "_cached_thresholds": {
          "length_threshold": 45.0,
          "flux_threshold": 1e-08,
          "cc_threshold": 0.25,
          "cs_threshold": 0.35,
          "msc_threshold": 1.8181818181818181,
          "arclength_variation_threshold": 0.0,
          "curvature_threshold": 1.8181818181818181,
          "force_threshold": 1.0,
          "torque_threshold": 1.0,
          "coil_width": 0.22000000000000003,
          "R0": 1.8181818181818181
        },
        "final_min_cs_separation": 0.3339558345614718,
        "final_min_cc_separation": 0.21634004048112881,
        "final_total_length": 45.053380006455335,
        "final_max_curvature": 1.8989383935700421,
        "final_average_curvature": 1.13198253185426,
        "final_arclength_variation": 0.02539457960663076,
        "final_mean_squared_curvature": 1.8522388210829401,
        "final_linking_number": 0,
        "final_max_max_coil_force": 5297355.3565395605,
        "final_avg_max_coil_force": 3470132.88945532,
        "final_max_max_coil_torque": 5639686.568364786,
        "final_avg_max_coil_torque": 3227792.291908976,
        "avg_BdotN_over_B": 0.00435052728959279,
        "max_BdotN_over_B": 0.02894182724390222,
        "lagrange_multipliers": [
          -7500063170.494071,
          -1386764953.5994098,
          -335608056.5941436,
          -261081297.27889726,
          -421329489.9308599,
          -1120184632.6416872,
          -23925042.000295393,
          -0.0
        ],
        "output_directory": "/home/runner/work/stellcoilbench/stellcoilbench/submissions/W7-X_without_coil_ripple_beta0p05_d23p4_tm/akaptano/01-28-2026_19-23/order_8",
        "flux_threshold": 1e-08,
        "cc_threshold": 0.25,
        "cs_threshold": 0.35,
        "msc_threshold": 1.8181818181818181,
        "arclength_variation_threshold": 0.0,
        "curvature_threshold": 1.8181818181818181,
        "force_threshold": 1.0,
        "torque_threshold": 1.0,
        "fourier_order": 8,
        "continuation_step": 2
      },
      {
        "initial_B_field": 2.780499580431515,
        "final_B_field": 2.7791740368319564,
        "target_B_field": 2.5,
        "optimization_time": 2634.29757976532,
        "final_normalized_squared_flux": 0.00859518615822677,
        "_cached_thresholds": {
          "length_threshold": 45.0,
          "flux_threshold": 1e-08,
          "cc_threshold": 0.25,
          "cs_threshold": 0.35,
          "msc_threshold": 1.8181818181818181,
          "arclength_variation_threshold": 0.0,
          "curvature_threshold": 1.8181818181818181,
          "force_threshold": 1.0,
          "torque_threshold": 1.0,
          "coil_width": 0.22000000000000003,
          "R0": 1.8181818181818181
        },
        "final_min_cs_separation": 0.33329985754498304,
        "final_min_cc_separation": 0.220296434049689,
        "final_total_length": 45.03131556084204,
        "final_max_curvature": 1.8596944429994136,
        "final_average_curvature": 1.1891790917296943,
        "final_arclength_variation": 0.015816430725324234,
        "final_mean_squared_curvature": 1.8393912741410938,
        "final_linking_number": 0,
        "final_max_max_coil_force": 5728295.546318888,
        "final_avg_max_coil_force": 3757879.9607019415,
        "final_max_max_coil_torque": 6333279.683888486,
        "final_avg_max_coil_torque": 3583899.0062285,
        "avg_BdotN_over_B": 0.00402913979676007,
        "max_BdotN_over_B": 0.026852254980969232,
        "lagrange_multipliers": [
          -6300338083.440022,
          -1000631560.013453,
          -370536451.5611398,
          -359417286.33843136,
          -515294041.0285981,
          -481135471.3334204,
          -183949077.4384705,
          -0.0
        ],
        "output_directory": "/home/runner/work/stellcoilbench/stellcoilbench/submissions/W7-X_without_coil_ripple_beta0p05_d23p4_tm/akaptano/01-28-2026_19-23/order_12",
        "flux_threshold": 1e-08,
        "cc_threshold": 0.25,
        "cs_threshold": 0.35,
        "msc_threshold": 1.8181818181818181,
        "arclength_variation_threshold": 0.0,
        "curvature_threshold": 1.8181818181818181,
        "force_threshold": 1.0,
        "torque_threshold": 1.0,
        "fourier_order": 12,
        "continuation_step": 3
      },
      {
        "initial_B_field": 2.7791740368319564,
        "final_B_field": 2.7781082069497804,
        "target_B_field": 2.5,
        "optimization_time": 3534.9211933612823,
        "final_normalized_squared_flux": 0.00809026231383974,
        "_cached_thresholds": {
          "length_threshold": 45.0,
          "flux_threshold": 1e-08,
          "cc_threshold": 0.25,
          "cs_threshold": 0.35,
          "msc_threshold": 1.8181818181818181,
          "arclength_variation_threshold": 0.0,
          "curvature_threshold": 1.8181818181818181,
          "force_threshold": 1.0,
          "torque_threshold": 1.0,
          "coil_width": 0.22000000000000003,
          "R0": 1.8181818181818181
        },
        "final_min_cs_separation": 0.3308491683882186,
        "final_min_cc_separation": 0.21912186157579594,
        "final_total_length": 45.03104620856779,
        "final_max_curvature": 1.8556004245747297,
        "final_average_curvature": 1.2065525281052265,
        "final_arclength_variation": 0.01335500191631967,
        "final_mean_squared_curvature": 1.8380628211338914,
        "final_linking_number": 0,
        "final_max_max_coil_force": 5950143.663898714,
        "final_avg_max_coil_force": 3790837.92265403,
        "final_max_max_coil_torque": 6574808.002413882,
        "final_avg_max_coil_torque": 3806220.699282175,
        "avg_BdotN_over_B": 0.003926732081282147,
        "max_BdotN_over_B": 0.02494268516186319,
        "lagrange_multipliers": [
          -5930224983.5384245,
          -980468812.7884433,
          -347560784.0933562,
          -353261069.54799664,
          -474684747.2497625,
          -402466776.79259455,
          -218791893.67656946,
          -0.0
        ],
        "output_directory": "/home/runner/work/stellcoilbench/stellcoilbench/submissions/W7-X_without_coil_ripple_beta0p05_d23p4_tm/akaptano/01-28-2026_19-23/order_16",
        "flux_threshold": 1e-08,
        "cc_threshold": 0.25,
        "cs_threshold": 0.35,
        "msc_threshold": 1.8181818181818181,
        "arclength_variation_threshold": 0.0,
        "curvature_threshold": 1.8181818181818181,
        "force_threshold": 1.0,
        "torque_threshold": 1.0,
        "fourier_order": 16,
        "continuation_step": 4
      }
    ],
    "initial_B_field": 2.7791740368319564,
    "final_B_field": 2.7781082069497804,
    "target_B_field": 2.5,
    "optimization_time": 3534.9211933612823,
    "final_normalized_squared_flux": 0.00809026231383974,
    "_cached_thresholds": {
      "length_threshold": 45.0,
      "flux_threshold": 1e-08,
      "cc_threshold": 0.25,
      "cs_threshold": 0.35,
      "msc_threshold": 1.8181818181818181,
      "arclength_variation_threshold": 0.0,
      "curvature_threshold": 1.8181818181818181,
      "force_threshold": 1.0,
      "torque_threshold": 1.0,
      "coil_width": 0.22000000000000003,
      "R0": 1.8181818181818181
    },
    "final_min_cs_separation": 0.3308491683882186,
    "final_min_cc_separation": 0.21912186157579594,
    "final_total_length": 45.03104620856779,
    "final_max_curvature": 1.8556004245747297,
    "final_average_curvature": 1.2065525281052265,
    "final_arclength_variation": 0.01335500191631967,
    "final_mean_squared_curvature": 1.8380628211338914,
    "final_linking_number": 0,
    "final_max_max_coil_force": 5950143.663898714,
    "final_avg_max_coil_force": 3790837.92265403,
    "final_max_max_coil_torque": 6574808.002413882,
    "final_avg_max_coil_torque": 3806220.699282175,
    "avg_BdotN_over_B": 0.003926732081282147,
    "max_BdotN_over_B": 0.02494268516186319,
    "lagrange_multipliers": [
      -5930224983.5384245,
      -980468812.7884433,
      -347560784.0933562,
      -353261069.54799664,
      -474684747.2497625,
      -402466776.79259455,
      -218791893.67656946,
      -0.0
    ],
    "output_directory": "/home/runner/work/stellcoilbench/stellcoilbench/submissions/W7-X_without_coil_ripple_beta0p05_d23p4_tm/akaptano/01-28-2026_19-23/order_16",
    "flux_threshold": 1e-08,
    "cc_threshold": 0.25,
    "cs_threshold": 0.35,
    "msc_threshold": 1.8181818181818181,
    "arclength_variation_threshold": 0.0,
    "curvature_threshold": 1.8181818181818181,
    "force_threshold": 1.0,
    "torque_threshold": 1.0,
    "fourier_order": 16,
    "continuation_step": 4,
    "BdotN": 0.007223593448349232,
    "BdotN_over_B": 0.003001962430042491
  }
}