{
  "@module": "simsopt._core.json",
  "@class": "SIMSON",
  "@version": "0.1.dev5270+gee055f063",
  "graph": {
    "$type": "ref",
    "value": "BiotSavart5"
  },
  "simsopt_objs": {
    "140371197763440": {
      "@module": "simsopt._core.optimizable",
      "@class": "DOFs",
      "@name": "140371197763440",
      "@version": "0.1.dev5270+gee055f063",
      "x": {
        "@module": "numpy",
        "@class": "array",
        "dtype": "float64",
        "data": [
          1.039992635333579,
          -0.003977025256101086,
          0.3970066029104482,
          0.00327546620989976,
          0.017684157276614966,
          0.00826594136846491,
          -0.013054045730044561,
          0.005954062677054335,
          -0.005312420402021656,
          0.19743171159030454,
          0.0034397151941071066,
          0.08341412928648628,
          -0.01145832752133467,
          0.0035855440347696632,
          -0.004925477381850408,
          -0.009303975054614848,
          0.006729467700684947,
          -0.0002723959067813114,
          0.02556944968649514,
          -0.43794657449079044,
          0.003227250433221053,
          -0.039832846326550216,
          -0.026716411408215048,
          0.017380136654184544,
          -0.013368818483192069,
          0.0172087730001728,
          0.02014724238642787
        ]
      },
      "names": [
        "xc(0)",
        "xs(1)",
        "xc(1)",
        "xs(2)",
        "xc(2)",
        "xs(3)",
        "xc(3)",
        "xs(4)",
        "xc(4)",
        "yc(0)",
        "ys(1)",
        "yc(1)",
        "ys(2)",
        "yc(2)",
        "ys(3)",
        "yc(3)",
        "ys(4)",
        "yc(4)",
        "zc(0)",
        "zs(1)",
        "zc(1)",
        "zs(2)",
        "zc(2)",
        "zs(3)",
        "zc(3)",
        "zs(4)",
        "zc(4)"
      ],
      "free": {
        "@module": "numpy",
        "@class": "array",
        "dtype": "bool",
        "data": [
          true,
          true,
          true,
          true,
          true,
          true,
          true,
          true,
          true,
          true,
          true,
          true,
          true,
          true,
          true,
          true,
          true,
          true,
          true,
          true,
          true,
          true,
          true,
          true,
          true,
          true,
          true
        ]
      },
      "lower_bounds": {
        "@module": "numpy",
        "@class": "array",
        "dtype": "float64",
        "data": [
          -Infinity,
          -Infinity,
          -Infinity,
          -Infinity,
          -Infinity,
          -Infinity,
          -Infinity,
          -Infinity,
          -Infinity,
          -Infinity,
          -Infinity,
          -Infinity,
          -Infinity,
          -Infinity,
          -Infinity,
          -Infinity,
          -Infinity,
          -Infinity,
          -Infinity,
          -Infinity,
          -Infinity,
          -Infinity,
          -Infinity,
          -Infinity,
          -Infinity,
          -Infinity,
          -Infinity
        ]
      },
      "upper_bounds": {
        "@module": "numpy",
        "@class": "array",
        "dtype": "float64",
        "data": [
          Infinity,
          Infinity,
          Infinity,
          Infinity,
          Infinity,
          Infinity,
          Infinity,
          Infinity,
          Infinity,
          Infinity,
          Infinity,
          Infinity,
          Infinity,
          Infinity,
          Infinity,
          Infinity,
          Infinity,
          Infinity,
          Infinity,
          Infinity,
          Infinity,
          Infinity,
          Infinity,
          Infinity,
          Infinity,
          Infinity,
          Infinity
        ]
      }
    },
    "CurveXYZFourier1": {
      "@module": "simsopt.geo.curvexyzfourier",
      "@class": "CurveXYZFourier",
      "@name": "CurveXYZFourier1",
      "@version": "0.1.dev5270+gee055f063",
      "quadpoints": {
        "@module": "numpy",
        "@class": "array",
        "dtype": "float64",
        "data": [
          0.0,
          0.00390625,
          0.0078125,
          0.01171875,
          0.015625,
          0.01953125,
          0.0234375,
          0.02734375,
          0.03125,
          0.03515625,
          0.0390625,
          0.04296875,
          0.046875,
          0.05078125,
          0.0546875,
          0.05859375,
          0.0625,
          0.06640625,
          0.0703125,
          0.07421875,
          0.078125,
          0.08203125,
          0.0859375,
          0.08984375,
          0.09375,
          0.09765625,
          0.1015625,
          0.10546875,
          0.109375,
          0.11328125,
          0.1171875,
          0.12109375,
          0.125,
          0.12890625,
          0.1328125,
          0.13671875,
          0.140625,
          0.14453125,
          0.1484375,
          0.15234375,
          0.15625,
          0.16015625,
          0.1640625,
          0.16796875,
          0.171875,
          0.17578125,
          0.1796875,
          0.18359375,
          0.1875,
          0.19140625,
          0.1953125,
          0.19921875,
          0.203125,
          0.20703125,
          0.2109375,
          0.21484375,
          0.21875,
          0.22265625,
          0.2265625,
          0.23046875,
          0.234375,
          0.23828125,
          0.2421875,
          0.24609375,
          0.25,
          0.25390625,
          0.2578125,
          0.26171875,
          0.265625,
          0.26953125,
          0.2734375,
          0.27734375,
          0.28125,
          0.28515625,
          0.2890625,
          0.29296875,
          0.296875,
          0.30078125,
          0.3046875,
          0.30859375,
          0.3125,
          0.31640625,
          0.3203125,
          0.32421875,
          0.328125,
          0.33203125,
          0.3359375,
          0.33984375,
          0.34375,
          0.34765625,
          0.3515625,
          0.35546875,
          0.359375,
          0.36328125,
          0.3671875,
          0.37109375,
          0.375,
          0.37890625,
          0.3828125,
          0.38671875,
          0.390625,
          0.39453125,
          0.3984375,
          0.40234375,
          0.40625,
          0.41015625,
          0.4140625,
          0.41796875,
          0.421875,
          0.42578125,
          0.4296875,
          0.43359375,
          0.4375,
          0.44140625,
          0.4453125,
          0.44921875,
          0.453125,
          0.45703125,
          0.4609375,
          0.46484375,
          0.46875,
          0.47265625,
          0.4765625,
          0.48046875,
          0.484375,
          0.48828125,
          0.4921875,
          0.49609375,
          0.5,
          0.50390625,
          0.5078125,
          0.51171875,
          0.515625,
          0.51953125,
          0.5234375,
          0.52734375,
          0.53125,
          0.53515625,
          0.5390625,
          0.54296875,
          0.546875,
          0.55078125,
          0.5546875,
          0.55859375,
          0.5625,
          0.56640625,
          0.5703125,
          0.57421875,
          0.578125,
          0.58203125,
          0.5859375,
          0.58984375,
          0.59375,
          0.59765625,
          0.6015625,
          0.60546875,
          0.609375,
          0.61328125,
          0.6171875,
          0.62109375,
          0.625,
          0.62890625,
          0.6328125,
          0.63671875,
          0.640625,
          0.64453125,
          0.6484375,
          0.65234375,
          0.65625,
          0.66015625,
          0.6640625,
          0.66796875,
          0.671875,
          0.67578125,
          0.6796875,
          0.68359375,
          0.6875,
          0.69140625,
          0.6953125,
          0.69921875,
          0.703125,
          0.70703125,
          0.7109375,
          0.71484375,
          0.71875,
          0.72265625,
          0.7265625,
          0.73046875,
          0.734375,
          0.73828125,
          0.7421875,
          0.74609375,
          0.75,
          0.75390625,
          0.7578125,
          0.76171875,
          0.765625,
          0.76953125,
          0.7734375,
          0.77734375,
          0.78125,
          0.78515625,
          0.7890625,
          0.79296875,
          0.796875,
          0.80078125,
          0.8046875,
          0.80859375,
          0.8125,
          0.81640625,
          0.8203125,
          0.82421875,
          0.828125,
          0.83203125,
          0.8359375,
          0.83984375,
          0.84375,
          0.84765625,
          0.8515625,
          0.85546875,
          0.859375,
          0.86328125,
          0.8671875,
          0.87109375,
          0.875,
          0.87890625,
          0.8828125,
          0.88671875,
          0.890625,
          0.89453125,
          0.8984375,
          0.90234375,
          0.90625,
          0.91015625,
          0.9140625,
          0.91796875,
          0.921875,
          0.92578125,
          0.9296875,
          0.93359375,
          0.9375,
          0.94140625,
          0.9453125,
          0.94921875,
          0.953125,
          0.95703125,
          0.9609375,
          0.96484375,
          0.96875,
          0.97265625,
          0.9765625,
          0.98046875,
          0.984375,
          0.98828125,
          0.9921875,
          0.99609375
        ]
      },
      "order": 4,
      "dofs": {
        "$type": "ref",
        "value": "140371197763440"
      }
    },
    "140371152946384": {
      "@module": "simsopt._core.optimizable",
      "@class": "DOFs",
      "@name": "140371152946384",
      "@version": "0.1.dev5270+gee055f063",
      "x": {
        "@module": "numpy",
        "@class": "array",
        "dtype": "float64",
        "data": [
          0.03179702470581301
        ]
      },
      "names": [
        "x0"
      ],
      "free": {
        "@module": "numpy",
        "@class": "array",
        "dtype": "bool",
        "data": [
          true
        ]
      },
      "lower_bounds": {
        "@module": "numpy",
        "@class": "array",
        "dtype": "float64",
        "data": [
          -Infinity
        ]
      },
      "upper_bounds": {
        "@module": "numpy",
        "@class": "array",
        "dtype": "float64",
        "data": [
          Infinity
        ]
      }
    },
    "Current9": {
      "@module": "simsopt.field.coil",
      "@class": "Current",
      "@name": "Current9",
      "@version": "0.1.dev5270+gee055f063",
      "current": 0.03179702470581301,
      "dofs": {
        "$type": "ref",
        "value": "140371152946384"
      }
    },
    "ScaledCurrent25": {
      "@module": "simsopt.field.coil",
      "@class": "ScaledCurrent",
      "@name": "ScaledCurrent25",
      "@version": "0.1.dev5270+gee055f063",
      "current_to_scale": {
        "$type": "ref",
        "value": "Current9"
      },
      "scale": 10000000.0
    },
    "RegularizedCoil33": {
      "@module": "simsopt.field.coil",
      "@class": "RegularizedCoil",
      "@name": "RegularizedCoil33",
      "@version": "0.1.dev5270+gee055f063",
      "curve": {
        "$type": "ref",
        "value": "CurveXYZFourier1"
      },
      "current": {
        "$type": "ref",
        "value": "ScaledCurrent25"
      },
      "regularization": {
        "@module": "numpy",
        "@class": "array",
        "dtype": "float64",
        "data": 0.0009704490555402135
      }
    },
    "140371197763920": {
      "@module": "simsopt._core.optimizable",
      "@class": "DOFs",
      "@name": "140371197763920",
      "@version": "0.1.dev5270+gee055f063",
      "x": {
        "@module": "numpy",
        "@class": "array",
        "dtype": "float64",
        "data": [
          0.853627000259115,
          0.0117695506430465,
          0.3204290815544971,
          -0.0033061645131302266,
          0.027365730813617865,
          -0.009259444550256589,
          -0.014242114861751105,
          0.012736311782539301,
          -0.0013222241193854617,
          0.5586120919804608,
          0.0019123403865413207,
          0.23152831177371283,
          -0.013564438898161477,
          0.005713941424637901,
          0.008064009757010833,
          -0.011547419377743569,
          0.003417067192377012,
          0.010312837229239091,
          0.03633699588499646,
          -0.43379546631839067,
          -0.011141361975712116,
          0.006923999495390124,
          -0.02576911494867109,
          0.01918214665609061,
          0.025244513701983246,
          -0.026832769481145147,
          0.003116441323097045
        ]
      },
      "names": [
        "xc(0)",
        "xs(1)",
        "xc(1)",
        "xs(2)",
        "xc(2)",
        "xs(3)",
        "xc(3)",
        "xs(4)",
        "xc(4)",
        "yc(0)",
        "ys(1)",
        "yc(1)",
        "ys(2)",
        "yc(2)",
        "ys(3)",
        "yc(3)",
        "ys(4)",
        "yc(4)",
        "zc(0)",
        "zs(1)",
        "zc(1)",
        "zs(2)",
        "zc(2)",
        "zs(3)",
        "zc(3)",
        "zs(4)",
        "zc(4)"
      ],
      "free": {
        "@module": "numpy",
        "@class": "array",
        "dtype": "bool",
        "data": [
          true,
          true,
          true,
          true,
          true,
          true,
          true,
          true,
          true,
          true,
          true,
          true,
          true,
          true,
          true,
          true,
          true,
          true,
          true,
          true,
          true,
          true,
          true,
          true,
          true,
          true,
          true
        ]
      },
      "lower_bounds": {
        "@module": "numpy",
        "@class": "array",
        "dtype": "float64",
        "data": [
          -Infinity,
          -Infinity,
          -Infinity,
          -Infinity,
          -Infinity,
          -Infinity,
          -Infinity,
          -Infinity,
          -Infinity,
          -Infinity,
          -Infinity,
          -Infinity,
          -Infinity,
          -Infinity,
          -Infinity,
          -Infinity,
          -Infinity,
          -Infinity,
          -Infinity,
          -Infinity,
          -Infinity,
          -Infinity,
          -Infinity,
          -Infinity,
          -Infinity,
          -Infinity,
          -Infinity
        ]
      },
      "upper_bounds": {
        "@module": "numpy",
        "@class": "array",
        "dtype": "float64",
        "data": [
          Infinity,
          Infinity,
          Infinity,
          Infinity,
          Infinity,
          Infinity,
          Infinity,
          Infinity,
          Infinity,
          Infinity,
          Infinity,
          Infinity,
          Infinity,
          Infinity,
          Infinity,
          Infinity,
          Infinity,
          Infinity,
          Infinity,
          Infinity,
          Infinity,
          Infinity,
          Infinity,
          Infinity,
          Infinity,
          Infinity,
          Infinity
        ]
      }
    },
    "CurveXYZFourier2": {
      "@module": "simsopt.geo.curvexyzfourier",
      "@class": "CurveXYZFourier",
      "@name": "CurveXYZFourier2",
      "@version": "0.1.dev5270+gee055f063",
      "quadpoints": {
        "@module": "numpy",
        "@class": "array",
        "dtype": "float64",
        "data": [
          0.0,
          0.00390625,
          0.0078125,
          0.01171875,
          0.015625,
          0.01953125,
          0.0234375,
          0.02734375,
          0.03125,
          0.03515625,
          0.0390625,
          0.04296875,
          0.046875,
          0.05078125,
          0.0546875,
          0.05859375,
          0.0625,
          0.06640625,
          0.0703125,
          0.07421875,
          0.078125,
          0.08203125,
          0.0859375,
          0.08984375,
          0.09375,
          0.09765625,
          0.1015625,
          0.10546875,
          0.109375,
          0.11328125,
          0.1171875,
          0.12109375,
          0.125,
          0.12890625,
          0.1328125,
          0.13671875,
          0.140625,
          0.14453125,
          0.1484375,
          0.15234375,
          0.15625,
          0.16015625,
          0.1640625,
          0.16796875,
          0.171875,
          0.17578125,
          0.1796875,
          0.18359375,
          0.1875,
          0.19140625,
          0.1953125,
          0.19921875,
          0.203125,
          0.20703125,
          0.2109375,
          0.21484375,
          0.21875,
          0.22265625,
          0.2265625,
          0.23046875,
          0.234375,
          0.23828125,
          0.2421875,
          0.24609375,
          0.25,
          0.25390625,
          0.2578125,
          0.26171875,
          0.265625,
          0.26953125,
          0.2734375,
          0.27734375,
          0.28125,
          0.28515625,
          0.2890625,
          0.29296875,
          0.296875,
          0.30078125,
          0.3046875,
          0.30859375,
          0.3125,
          0.31640625,
          0.3203125,
          0.32421875,
          0.328125,
          0.33203125,
          0.3359375,
          0.33984375,
          0.34375,
          0.34765625,
          0.3515625,
          0.35546875,
          0.359375,
          0.36328125,
          0.3671875,
          0.37109375,
          0.375,
          0.37890625,
          0.3828125,
          0.38671875,
          0.390625,
          0.39453125,
          0.3984375,
          0.40234375,
          0.40625,
          0.41015625,
          0.4140625,
          0.41796875,
          0.421875,
          0.42578125,
          0.4296875,
          0.43359375,
          0.4375,
          0.44140625,
          0.4453125,
          0.44921875,
          0.453125,
          0.45703125,
          0.4609375,
          0.46484375,
          0.46875,
          0.47265625,
          0.4765625,
          0.48046875,
          0.484375,
          0.48828125,
          0.4921875,
          0.49609375,
          0.5,
          0.50390625,
          0.5078125,
          0.51171875,
          0.515625,
          0.51953125,
          0.5234375,
          0.52734375,
          0.53125,
          0.53515625,
          0.5390625,
          0.54296875,
          0.546875,
          0.55078125,
          0.5546875,
          0.55859375,
          0.5625,
          0.56640625,
          0.5703125,
          0.57421875,
          0.578125,
          0.58203125,
          0.5859375,
          0.58984375,
          0.59375,
          0.59765625,
          0.6015625,
          0.60546875,
          0.609375,
          0.61328125,
          0.6171875,
          0.62109375,
          0.625,
          0.62890625,
          0.6328125,
          0.63671875,
          0.640625,
          0.64453125,
          0.6484375,
          0.65234375,
          0.65625,
          0.66015625,
          0.6640625,
          0.66796875,
          0.671875,
          0.67578125,
          0.6796875,
          0.68359375,
          0.6875,
          0.69140625,
          0.6953125,
          0.69921875,
          0.703125,
          0.70703125,
          0.7109375,
          0.71484375,
          0.71875,
          0.72265625,
          0.7265625,
          0.73046875,
          0.734375,
          0.73828125,
          0.7421875,
          0.74609375,
          0.75,
          0.75390625,
          0.7578125,
          0.76171875,
          0.765625,
          0.76953125,
          0.7734375,
          0.77734375,
          0.78125,
          0.78515625,
          0.7890625,
          0.79296875,
          0.796875,
          0.80078125,
          0.8046875,
          0.80859375,
          0.8125,
          0.81640625,
          0.8203125,
          0.82421875,
          0.828125,
          0.83203125,
          0.8359375,
          0.83984375,
          0.84375,
          0.84765625,
          0.8515625,
          0.85546875,
          0.859375,
          0.86328125,
          0.8671875,
          0.87109375,
          0.875,
          0.87890625,
          0.8828125,
          0.88671875,
          0.890625,
          0.89453125,
          0.8984375,
          0.90234375,
          0.90625,
          0.91015625,
          0.9140625,
          0.91796875,
          0.921875,
          0.92578125,
          0.9296875,
          0.93359375,
          0.9375,
          0.94140625,
          0.9453125,
          0.94921875,
          0.953125,
          0.95703125,
          0.9609375,
          0.96484375,
          0.96875,
          0.97265625,
          0.9765625,
          0.98046875,
          0.984375,
          0.98828125,
          0.9921875,
          0.99609375
        ]
      },
      "order": 4,
      "dofs": {
        "$type": "ref",
        "value": "140371197763920"
      }
    },
    "140371152952912": {
      "@module": "simsopt._core.optimizable",
      "@class": "DOFs",
      "@name": "140371152952912",
      "@version": "0.1.dev5270+gee055f063",
      "x": {
        "@module": "numpy",
        "@class": "array",
        "dtype": "float64",
        "data": [
          0.03060159231869797
        ]
      },
      "names": [
        "x0"
      ],
      "free": {
        "@module": "numpy",
        "@class": "array",
        "dtype": "bool",
        "data": [
          true
        ]
      },
      "lower_bounds": {
        "@module": "numpy",
        "@class": "array",
        "dtype": "float64",
        "data": [
          -Infinity
        ]
      },
      "upper_bounds": {
        "@module": "numpy",
        "@class": "array",
        "dtype": "float64",
        "data": [
          Infinity
        ]
      }
    },
    "Current10": {
      "@module": "simsopt.field.coil",
      "@class": "Current",
      "@name": "Current10",
      "@version": "0.1.dev5270+gee055f063",
      "current": 0.03060159231869797,
      "dofs": {
        "$type": "ref",
        "value": "140371152952912"
      }
    },
    "ScaledCurrent26": {
      "@module": "simsopt.field.coil",
      "@class": "ScaledCurrent",
      "@name": "ScaledCurrent26",
      "@version": "0.1.dev5270+gee055f063",
      "current_to_scale": {
        "$type": "ref",
        "value": "Current10"
      },
      "scale": 10000000.0
    },
    "RegularizedCoil34": {
      "@module": "simsopt.field.coil",
      "@class": "RegularizedCoil",
      "@name": "RegularizedCoil34",
      "@version": "0.1.dev5270+gee055f063",
      "curve": {
        "$type": "ref",
        "value": "CurveXYZFourier2"
      },
      "current": {
        "$type": "ref",
        "value": "ScaledCurrent26"
      },
      "regularization": {
        "@module": "numpy",
        "@class": "array",
        "dtype": "float64",
        "data": 0.0009704490555402135
      }
    },
    "140371197764688": {
      "@module": "simsopt._core.optimizable",
      "@class": "DOFs",
      "@name": "140371197764688",
      "@version": "0.1.dev5270+gee055f063",
      "x": {
        "@module": "numpy",
        "@class": "array",
        "dtype": "float64",
        "data": [
          0.5620934679194294,
          0.020253465913792703,
          0.21625494186824107,
          -0.017362258917669647,
          0.0189689918152156,
          0.009013143550604423,
          -0.021612548143566165,
          0.001957195238255816,
          0.01935437668745092,
          0.8298545325165377,
          0.006386336719318111,
          0.34740793785161195,
          -0.018270564556308364,
          -0.0009422588164016791,
          0.021789275606518662,
          -0.004732536985481769,
          -0.01568795773426988,
          0.012951801074521856,
          0.021461009175435898,
          -0.41419176078304004,
          -0.016831338625478892,
          0.007900806753862535,
          0.004049954610249945,
          -0.011315352359336978,
          0.009176443185980689,
          0.004520250037184822,
          -0.015410503143085539
        ]
      },
      "names": [
        "xc(0)",
        "xs(1)",
        "xc(1)",
        "xs(2)",
        "xc(2)",
        "xs(3)",
        "xc(3)",
        "xs(4)",
        "xc(4)",
        "yc(0)",
        "ys(1)",
        "yc(1)",
        "ys(2)",
        "yc(2)",
        "ys(3)",
        "yc(3)",
        "ys(4)",
        "yc(4)",
        "zc(0)",
        "zs(1)",
        "zc(1)",
        "zs(2)",
        "zc(2)",
        "zs(3)",
        "zc(3)",
        "zs(4)",
        "zc(4)"
      ],
      "free": {
        "@module": "numpy",
        "@class": "array",
        "dtype": "bool",
        "data": [
          true,
          true,
          true,
          true,
          true,
          true,
          true,
          true,
          true,
          true,
          true,
          true,
          true,
          true,
          true,
          true,
          true,
          true,
          true,
          true,
          true,
          true,
          true,
          true,
          true,
          true,
          true
        ]
      },
      "lower_bounds": {
        "@module": "numpy",
        "@class": "array",
        "dtype": "float64",
        "data": [
          -Infinity,
          -Infinity,
          -Infinity,
          -Infinity,
          -Infinity,
          -Infinity,
          -Infinity,
          -Infinity,
          -Infinity,
          -Infinity,
          -Infinity,
          -Infinity,
          -Infinity,
          -Infinity,
          -Infinity,
          -Infinity,
          -Infinity,
          -Infinity,
          -Infinity,
          -Infinity,
          -Infinity,
          -Infinity,
          -Infinity,
          -Infinity,
          -Infinity,
          -Infinity,
          -Infinity
        ]
      },
      "upper_bounds": {
        "@module": "numpy",
        "@class": "array",
        "dtype": "float64",
        "data": [
          Infinity,
          Infinity,
          Infinity,
          Infinity,
          Infinity,
          Infinity,
          Infinity,
          Infinity,
          Infinity,
          Infinity,
          Infinity,
          Infinity,
          Infinity,
          Infinity,
          Infinity,
          Infinity,
          Infinity,
          Infinity,
          Infinity,
          Infinity,
          Infinity,
          Infinity,
          Infinity,
          Infinity,
          Infinity,
          Infinity,
          Infinity
        ]
      }
    },
    "CurveXYZFourier3": {
      "@module": "simsopt.geo.curvexyzfourier",
      "@class": "CurveXYZFourier",
      "@name": "CurveXYZFourier3",
      "@version": "0.1.dev5270+gee055f063",
      "quadpoints": {
        "@module": "numpy",
        "@class": "array",
        "dtype": "float64",
        "data": [
          0.0,
          0.00390625,
          0.0078125,
          0.01171875,
          0.015625,
          0.01953125,
          0.0234375,
          0.02734375,
          0.03125,
          0.03515625,
          0.0390625,
          0.04296875,
          0.046875,
          0.05078125,
          0.0546875,
          0.05859375,
          0.0625,
          0.06640625,
          0.0703125,
          0.07421875,
          0.078125,
          0.08203125,
          0.0859375,
          0.08984375,
          0.09375,
          0.09765625,
          0.1015625,
          0.10546875,
          0.109375,
          0.11328125,
          0.1171875,
          0.12109375,
          0.125,
          0.12890625,
          0.1328125,
          0.13671875,
          0.140625,
          0.14453125,
          0.1484375,
          0.15234375,
          0.15625,
          0.16015625,
          0.1640625,
          0.16796875,
          0.171875,
          0.17578125,
          0.1796875,
          0.18359375,
          0.1875,
          0.19140625,
          0.1953125,
          0.19921875,
          0.203125,
          0.20703125,
          0.2109375,
          0.21484375,
          0.21875,
          0.22265625,
          0.2265625,
          0.23046875,
          0.234375,
          0.23828125,
          0.2421875,
          0.24609375,
          0.25,
          0.25390625,
          0.2578125,
          0.26171875,
          0.265625,
          0.26953125,
          0.2734375,
          0.27734375,
          0.28125,
          0.28515625,
          0.2890625,
          0.29296875,
          0.296875,
          0.30078125,
          0.3046875,
          0.30859375,
          0.3125,
          0.31640625,
          0.3203125,
          0.32421875,
          0.328125,
          0.33203125,
          0.3359375,
          0.33984375,
          0.34375,
          0.34765625,
          0.3515625,
          0.35546875,
          0.359375,
          0.36328125,
          0.3671875,
          0.37109375,
          0.375,
          0.37890625,
          0.3828125,
          0.38671875,
          0.390625,
          0.39453125,
          0.3984375,
          0.40234375,
          0.40625,
          0.41015625,
          0.4140625,
          0.41796875,
          0.421875,
          0.42578125,
          0.4296875,
          0.43359375,
          0.4375,
          0.44140625,
          0.4453125,
          0.44921875,
          0.453125,
          0.45703125,
          0.4609375,
          0.46484375,
          0.46875,
          0.47265625,
          0.4765625,
          0.48046875,
          0.484375,
          0.48828125,
          0.4921875,
          0.49609375,
          0.5,
          0.50390625,
          0.5078125,
          0.51171875,
          0.515625,
          0.51953125,
          0.5234375,
          0.52734375,
          0.53125,
          0.53515625,
          0.5390625,
          0.54296875,
          0.546875,
          0.55078125,
          0.5546875,
          0.55859375,
          0.5625,
          0.56640625,
          0.5703125,
          0.57421875,
          0.578125,
          0.58203125,
          0.5859375,
          0.58984375,
          0.59375,
          0.59765625,
          0.6015625,
          0.60546875,
          0.609375,
          0.61328125,
          0.6171875,
          0.62109375,
          0.625,
          0.62890625,
          0.6328125,
          0.63671875,
          0.640625,
          0.64453125,
          0.6484375,
          0.65234375,
          0.65625,
          0.66015625,
          0.6640625,
          0.66796875,
          0.671875,
          0.67578125,
          0.6796875,
          0.68359375,
          0.6875,
          0.69140625,
          0.6953125,
          0.69921875,
          0.703125,
          0.70703125,
          0.7109375,
          0.71484375,
          0.71875,
          0.72265625,
          0.7265625,
          0.73046875,
          0.734375,
          0.73828125,
          0.7421875,
          0.74609375,
          0.75,
          0.75390625,
          0.7578125,
          0.76171875,
          0.765625,
          0.76953125,
          0.7734375,
          0.77734375,
          0.78125,
          0.78515625,
          0.7890625,
          0.79296875,
          0.796875,
          0.80078125,
          0.8046875,
          0.80859375,
          0.8125,
          0.81640625,
          0.8203125,
          0.82421875,
          0.828125,
          0.83203125,
          0.8359375,
          0.83984375,
          0.84375,
          0.84765625,
          0.8515625,
          0.85546875,
          0.859375,
          0.86328125,
          0.8671875,
          0.87109375,
          0.875,
          0.87890625,
          0.8828125,
          0.88671875,
          0.890625,
          0.89453125,
          0.8984375,
          0.90234375,
          0.90625,
          0.91015625,
          0.9140625,
          0.91796875,
          0.921875,
          0.92578125,
          0.9296875,
          0.93359375,
          0.9375,
          0.94140625,
          0.9453125,
          0.94921875,
          0.953125,
          0.95703125,
          0.9609375,
          0.96484375,
          0.96875,
          0.97265625,
          0.9765625,
          0.98046875,
          0.984375,
          0.98828125,
          0.9921875,
          0.99609375
        ]
      },
      "order": 4,
      "dofs": {
        "$type": "ref",
        "value": "140371197764688"
      }
    },
    "140371152953968": {
      "@module": "simsopt._core.optimizable",
      "@class": "DOFs",
      "@name": "140371152953968",
      "@version": "0.1.dev5270+gee055f063",
      "x": {
        "@module": "numpy",
        "@class": "array",
        "dtype": "float64",
        "data": [
          0.03154430354365774
        ]
      },
      "names": [
        "x0"
      ],
      "free": {
        "@module": "numpy",
        "@class": "array",
        "dtype": "bool",
        "data": [
          true
        ]
      },
      "lower_bounds": {
        "@module": "numpy",
        "@class": "array",
        "dtype": "float64",
        "data": [
          -Infinity
        ]
      },
      "upper_bounds": {
        "@module": "numpy",
        "@class": "array",
        "dtype": "float64",
        "data": [
          Infinity
        ]
      }
    },
    "Current11": {
      "@module": "simsopt.field.coil",
      "@class": "Current",
      "@name": "Current11",
      "@version": "0.1.dev5270+gee055f063",
      "current": 0.03154430354365774,
      "dofs": {
        "$type": "ref",
        "value": "140371152953968"
      }
    },
    "ScaledCurrent27": {
      "@module": "simsopt.field.coil",
      "@class": "ScaledCurrent",
      "@name": "ScaledCurrent27",
      "@version": "0.1.dev5270+gee055f063",
      "current_to_scale": {
        "$type": "ref",
        "value": "Current11"
      },
      "scale": 10000000.0
    },
    "RegularizedCoil35": {
      "@module": "simsopt.field.coil",
      "@class": "RegularizedCoil",
      "@name": "RegularizedCoil35",
      "@version": "0.1.dev5270+gee055f063",
      "curve": {
        "$type": "ref",
        "value": "CurveXYZFourier3"
      },
      "current": {
        "$type": "ref",
        "value": "ScaledCurrent27"
      },
      "regularization": {
        "@module": "numpy",
        "@class": "array",
        "dtype": "float64",
        "data": 0.0009704490555402135
      }
    },
    "140371197765456": {
      "@module": "simsopt._core.optimizable",
      "@class": "DOFs",
      "@name": "140371197765456",
      "@version": "0.1.dev5270+gee055f063",
      "x": {
        "@module": "numpy",
        "@class": "array",
        "dtype": "float64",
        "data": [
          0.19591297459187232,
          0.017998410403731593,
          0.07752595426158715,
          -0.019709618369976055,
          0.004397854320273359,
          0.018357806095118404,
          -0.0059254211022265755,
          -0.015463526443170953,
          0.007373700426613885,
          0.9730884289782938,
          0.004233036397714939,
          0.41555103329686927,
          -0.010455224568618561,
          -0.01649936302261157,
          0.016418445731223696,
          0.021534490777235234,
          -0.02011769217067685,
          -0.01975645843461275,
          0.007477203011505763,
          -0.40188307067709483,
          -0.007755311219776217,
          -0.00823443397184892,
          0.006942483603764625,
          6.372030928001914e-05,
          -0.0049678580594156585,
          0.004155603735574543,
          0.0028501752971558554
        ]
      },
      "names": [
        "xc(0)",
        "xs(1)",
        "xc(1)",
        "xs(2)",
        "xc(2)",
        "xs(3)",
        "xc(3)",
        "xs(4)",
        "xc(4)",
        "yc(0)",
        "ys(1)",
        "yc(1)",
        "ys(2)",
        "yc(2)",
        "ys(3)",
        "yc(3)",
        "ys(4)",
        "yc(4)",
        "zc(0)",
        "zs(1)",
        "zc(1)",
        "zs(2)",
        "zc(2)",
        "zs(3)",
        "zc(3)",
        "zs(4)",
        "zc(4)"
      ],
      "free": {
        "@module": "numpy",
        "@class": "array",
        "dtype": "bool",
        "data": [
          true,
          true,
          true,
          true,
          true,
          true,
          true,
          true,
          true,
          true,
          true,
          true,
          true,
          true,
          true,
          true,
          true,
          true,
          true,
          true,
          true,
          true,
          true,
          true,
          true,
          true,
          true
        ]
      },
      "lower_bounds": {
        "@module": "numpy",
        "@class": "array",
        "dtype": "float64",
        "data": [
          -Infinity,
          -Infinity,
          -Infinity,
          -Infinity,
          -Infinity,
          -Infinity,
          -Infinity,
          -Infinity,
          -Infinity,
          -Infinity,
          -Infinity,
          -Infinity,
          -Infinity,
          -Infinity,
          -Infinity,
          -Infinity,
          -Infinity,
          -Infinity,
          -Infinity,
          -Infinity,
          -Infinity,
          -Infinity,
          -Infinity,
          -Infinity,
          -Infinity,
          -Infinity,
          -Infinity
        ]
      },
      "upper_bounds": {
        "@module": "numpy",
        "@class": "array",
        "dtype": "float64",
        "data": [
          Infinity,
          Infinity,
          Infinity,
          Infinity,
          Infinity,
          Infinity,
          Infinity,
          Infinity,
          Infinity,
          Infinity,
          Infinity,
          Infinity,
          Infinity,
          Infinity,
          Infinity,
          Infinity,
          Infinity,
          Infinity,
          Infinity,
          Infinity,
          Infinity,
          Infinity,
          Infinity,
          Infinity,
          Infinity,
          Infinity,
          Infinity
        ]
      }
    },
    "CurveXYZFourier4": {
      "@module": "simsopt.geo.curvexyzfourier",
      "@class": "CurveXYZFourier",
      "@name": "CurveXYZFourier4",
      "@version": "0.1.dev5270+gee055f063",
      "quadpoints": {
        "@module": "numpy",
        "@class": "array",
        "dtype": "float64",
        "data": [
          0.0,
          0.00390625,
          0.0078125,
          0.01171875,
          0.015625,
          0.01953125,
          0.0234375,
          0.02734375,
          0.03125,
          0.03515625,
          0.0390625,
          0.04296875,
          0.046875,
          0.05078125,
          0.0546875,
          0.05859375,
          0.0625,
          0.06640625,
          0.0703125,
          0.07421875,
          0.078125,
          0.08203125,
          0.0859375,
          0.08984375,
          0.09375,
          0.09765625,
          0.1015625,
          0.10546875,
          0.109375,
          0.11328125,
          0.1171875,
          0.12109375,
          0.125,
          0.12890625,
          0.1328125,
          0.13671875,
          0.140625,
          0.14453125,
          0.1484375,
          0.15234375,
          0.15625,
          0.16015625,
          0.1640625,
          0.16796875,
          0.171875,
          0.17578125,
          0.1796875,
          0.18359375,
          0.1875,
          0.19140625,
          0.1953125,
          0.19921875,
          0.203125,
          0.20703125,
          0.2109375,
          0.21484375,
          0.21875,
          0.22265625,
          0.2265625,
          0.23046875,
          0.234375,
          0.23828125,
          0.2421875,
          0.24609375,
          0.25,
          0.25390625,
          0.2578125,
          0.26171875,
          0.265625,
          0.26953125,
          0.2734375,
          0.27734375,
          0.28125,
          0.28515625,
          0.2890625,
          0.29296875,
          0.296875,
          0.30078125,
          0.3046875,
          0.30859375,
          0.3125,
          0.31640625,
          0.3203125,
          0.32421875,
          0.328125,
          0.33203125,
          0.3359375,
          0.33984375,
          0.34375,
          0.34765625,
          0.3515625,
          0.35546875,
          0.359375,
          0.36328125,
          0.3671875,
          0.37109375,
          0.375,
          0.37890625,
          0.3828125,
          0.38671875,
          0.390625,
          0.39453125,
          0.3984375,
          0.40234375,
          0.40625,
          0.41015625,
          0.4140625,
          0.41796875,
          0.421875,
          0.42578125,
          0.4296875,
          0.43359375,
          0.4375,
          0.44140625,
          0.4453125,
          0.44921875,
          0.453125,
          0.45703125,
          0.4609375,
          0.46484375,
          0.46875,
          0.47265625,
          0.4765625,
          0.48046875,
          0.484375,
          0.48828125,
          0.4921875,
          0.49609375,
          0.5,
          0.50390625,
          0.5078125,
          0.51171875,
          0.515625,
          0.51953125,
          0.5234375,
          0.52734375,
          0.53125,
          0.53515625,
          0.5390625,
          0.54296875,
          0.546875,
          0.55078125,
          0.5546875,
          0.55859375,
          0.5625,
          0.56640625,
          0.5703125,
          0.57421875,
          0.578125,
          0.58203125,
          0.5859375,
          0.58984375,
          0.59375,
          0.59765625,
          0.6015625,
          0.60546875,
          0.609375,
          0.61328125,
          0.6171875,
          0.62109375,
          0.625,
          0.62890625,
          0.6328125,
          0.63671875,
          0.640625,
          0.64453125,
          0.6484375,
          0.65234375,
          0.65625,
          0.66015625,
          0.6640625,
          0.66796875,
          0.671875,
          0.67578125,
          0.6796875,
          0.68359375,
          0.6875,
          0.69140625,
          0.6953125,
          0.69921875,
          0.703125,
          0.70703125,
          0.7109375,
          0.71484375,
          0.71875,
          0.72265625,
          0.7265625,
          0.73046875,
          0.734375,
          0.73828125,
          0.7421875,
          0.74609375,
          0.75,
          0.75390625,
          0.7578125,
          0.76171875,
          0.765625,
          0.76953125,
          0.7734375,
          0.77734375,
          0.78125,
          0.78515625,
          0.7890625,
          0.79296875,
          0.796875,
          0.80078125,
          0.8046875,
          0.80859375,
          0.8125,
          0.81640625,
          0.8203125,
          0.82421875,
          0.828125,
          0.83203125,
          0.8359375,
          0.83984375,
          0.84375,
          0.84765625,
          0.8515625,
          0.85546875,
          0.859375,
          0.86328125,
          0.8671875,
          0.87109375,
          0.875,
          0.87890625,
          0.8828125,
          0.88671875,
          0.890625,
          0.89453125,
          0.8984375,
          0.90234375,
          0.90625,
          0.91015625,
          0.9140625,
          0.91796875,
          0.921875,
          0.92578125,
          0.9296875,
          0.93359375,
          0.9375,
          0.94140625,
          0.9453125,
          0.94921875,
          0.953125,
          0.95703125,
          0.9609375,
          0.96484375,
          0.96875,
          0.97265625,
          0.9765625,
          0.98046875,
          0.984375,
          0.98828125,
          0.9921875,
          0.99609375
        ]
      },
      "order": 4,
      "dofs": {
        "$type": "ref",
        "value": "140371197765456"
      }
    },
    "140371152955120": {
      "@module": "simsopt._core.optimizable",
      "@class": "DOFs",
      "@name": "140371152955120",
      "@version": "0.1.dev5270+gee055f063",
      "x": {
        "@module": "numpy",
        "@class": "array",
        "dtype": "float64",
        "data": [
          1249984.3233504083
        ]
      },
      "names": [
        "x0"
      ],
      "free": {
        "@module": "numpy",
        "@class": "array",
        "dtype": "bool",
        "data": [
          false
        ]
      },
      "lower_bounds": {
        "@module": "numpy",
        "@class": "array",
        "dtype": "float64",
        "data": [
          -Infinity
        ]
      },
      "upper_bounds": {
        "@module": "numpy",
        "@class": "array",
        "dtype": "float64",
        "data": [
          Infinity
        ]
      }
    },
    "Current12": {
      "@module": "simsopt.field.coil",
      "@class": "Current",
      "@name": "Current12",
      "@version": "0.1.dev5270+gee055f063",
      "current": 1249984.3233504083,
      "dofs": {
        "$type": "ref",
        "value": "140371152955120"
      }
    },
    "CurrentSum7": {
      "@module": "simsopt.field.coil",
      "@class": "CurrentSum",
      "@name": "CurrentSum7",
      "@version": "0.1.dev5270+gee055f063",
      "current_a": {
        "$type": "ref",
        "value": "ScaledCurrent25"
      },
      "current_b": {
        "$type": "ref",
        "value": "ScaledCurrent26"
      }
    },
    "CurrentSum8": {
      "@module": "simsopt.field.coil",
      "@class": "CurrentSum",
      "@name": "CurrentSum8",
      "@version": "0.1.dev5270+gee055f063",
      "current_a": {
        "$type": "ref",
        "value": "CurrentSum7"
      },
      "current_b": {
        "$type": "ref",
        "value": "ScaledCurrent27"
      }
    },
    "ScaledCurrent28": {
      "@module": "simsopt.field.coil",
      "@class": "ScaledCurrent",
      "@name": "ScaledCurrent28",
      "@version": "0.1.dev5270+gee055f063",
      "current_to_scale": {
        "$type": "ref",
        "value": "CurrentSum8"
      },
      "scale": -1.0
    },
    "CurrentSum9": {
      "@module": "simsopt.field.coil",
      "@class": "CurrentSum",
      "@name": "CurrentSum9",
      "@version": "0.1.dev5270+gee055f063",
      "current_a": {
        "$type": "ref",
        "value": "Current12"
      },
      "current_b": {
        "$type": "ref",
        "value": "ScaledCurrent28"
      }
    },
    "RegularizedCoil36": {
      "@module": "simsopt.field.coil",
      "@class": "RegularizedCoil",
      "@name": "RegularizedCoil36",
      "@version": "0.1.dev5270+gee055f063",
      "curve": {
        "$type": "ref",
        "value": "CurveXYZFourier4"
      },
      "current": {
        "$type": "ref",
        "value": "CurrentSum9"
      },
      "regularization": {
        "@module": "numpy",
        "@class": "array",
        "dtype": "float64",
        "data": 0.0009704490555402135
      }
    },
    "RotatedCurve25": {
      "@module": "simsopt.geo.curve",
      "@class": "RotatedCurve",
      "@name": "RotatedCurve25",
      "@version": "0.1.dev5270+gee055f063",
      "curve": {
        "$type": "ref",
        "value": "CurveXYZFourier1"
      },
      "phi": 0.0,
      "flip": true
    },
    "ScaledCurrent29": {
      "@module": "simsopt.field.coil",
      "@class": "ScaledCurrent",
      "@name": "ScaledCurrent29",
      "@version": "0.1.dev5270+gee055f063",
      "current_to_scale": {
        "$type": "ref",
        "value": "ScaledCurrent25"
      },
      "scale": -1.0
    },
    "RegularizedCoil37": {
      "@module": "simsopt.field.coil",
      "@class": "RegularizedCoil",
      "@name": "RegularizedCoil37",
      "@version": "0.1.dev5270+gee055f063",
      "curve": {
        "$type": "ref",
        "value": "RotatedCurve25"
      },
      "current": {
        "$type": "ref",
        "value": "ScaledCurrent29"
      },
      "regularization": {
        "@module": "numpy",
        "@class": "array",
        "dtype": "float64",
        "data": 0.0009704490555402135
      }
    },
    "RotatedCurve26": {
      "@module": "simsopt.geo.curve",
      "@class": "RotatedCurve",
      "@name": "RotatedCurve26",
      "@version": "0.1.dev5270+gee055f063",
      "curve": {
        "$type": "ref",
        "value": "CurveXYZFourier2"
      },
      "phi": 0.0,
      "flip": true
    },
    "ScaledCurrent30": {
      "@module": "simsopt.field.coil",
      "@class": "ScaledCurrent",
      "@name": "ScaledCurrent30",
      "@version": "0.1.dev5270+gee055f063",
      "current_to_scale": {
        "$type": "ref",
        "value": "ScaledCurrent26"
      },
      "scale": -1.0
    },
    "RegularizedCoil38": {
      "@module": "simsopt.field.coil",
      "@class": "RegularizedCoil",
      "@name": "RegularizedCoil38",
      "@version": "0.1.dev5270+gee055f063",
      "curve": {
        "$type": "ref",
        "value": "RotatedCurve26"
      },
      "current": {
        "$type": "ref",
        "value": "ScaledCurrent30"
      },
      "regularization": {
        "@module": "numpy",
        "@class": "array",
        "dtype": "float64",
        "data": 0.0009704490555402135
      }
    },
    "RotatedCurve27": {
      "@module": "simsopt.geo.curve",
      "@class": "RotatedCurve",
      "@name": "RotatedCurve27",
      "@version": "0.1.dev5270+gee055f063",
      "curve": {
        "$type": "ref",
        "value": "CurveXYZFourier3"
      },
      "phi": 0.0,
      "flip": true
    },
    "ScaledCurrent31": {
      "@module": "simsopt.field.coil",
      "@class": "ScaledCurrent",
      "@name": "ScaledCurrent31",
      "@version": "0.1.dev5270+gee055f063",
      "current_to_scale": {
        "$type": "ref",
        "value": "ScaledCurrent27"
      },
      "scale": -1.0
    },
    "RegularizedCoil39": {
      "@module": "simsopt.field.coil",
      "@class": "RegularizedCoil",
      "@name": "RegularizedCoil39",
      "@version": "0.1.dev5270+gee055f063",
      "curve": {
        "$type": "ref",
        "value": "RotatedCurve27"
      },
      "current": {
        "$type": "ref",
        "value": "ScaledCurrent31"
      },
      "regularization": {
        "@module": "numpy",
        "@class": "array",
        "dtype": "float64",
        "data": 0.0009704490555402135
      }
    },
    "RotatedCurve28": {
      "@module": "simsopt.geo.curve",
      "@class": "RotatedCurve",
      "@name": "RotatedCurve28",
      "@version": "0.1.dev5270+gee055f063",
      "curve": {
        "$type": "ref",
        "value": "CurveXYZFourier4"
      },
      "phi": 0.0,
      "flip": true
    },
    "ScaledCurrent32": {
      "@module": "simsopt.field.coil",
      "@class": "ScaledCurrent",
      "@name": "ScaledCurrent32",
      "@version": "0.1.dev5270+gee055f063",
      "current_to_scale": {
        "$type": "ref",
        "value": "CurrentSum9"
      },
      "scale": -1.0
    },
    "RegularizedCoil40": {
      "@module": "simsopt.field.coil",
      "@class": "RegularizedCoil",
      "@name": "RegularizedCoil40",
      "@version": "0.1.dev5270+gee055f063",
      "curve": {
        "$type": "ref",
        "value": "RotatedCurve28"
      },
      "current": {
        "$type": "ref",
        "value": "ScaledCurrent32"
      },
      "regularization": {
        "@module": "numpy",
        "@class": "array",
        "dtype": "float64",
        "data": 0.0009704490555402135
      }
    },
    "RotatedCurve29": {
      "@module": "simsopt.geo.curve",
      "@class": "RotatedCurve",
      "@name": "RotatedCurve29",
      "@version": "0.1.dev5270+gee055f063",
      "curve": {
        "$type": "ref",
        "value": "CurveXYZFourier1"
      },
      "phi": 3.141592653589793,
      "flip": false
    },
    "RegularizedCoil41": {
      "@module": "simsopt.field.coil",
      "@class": "RegularizedCoil",
      "@name": "RegularizedCoil41",
      "@version": "0.1.dev5270+gee055f063",
      "curve": {
        "$type": "ref",
        "value": "RotatedCurve29"
      },
      "current": {
        "$type": "ref",
        "value": "ScaledCurrent25"
      },
      "regularization": {
        "@module": "numpy",
        "@class": "array",
        "dtype": "float64",
        "data": 0.0009704490555402135
      }
    },
    "RotatedCurve30": {
      "@module": "simsopt.geo.curve",
      "@class": "RotatedCurve",
      "@name": "RotatedCurve30",
      "@version": "0.1.dev5270+gee055f063",
      "curve": {
        "$type": "ref",
        "value": "CurveXYZFourier2"
      },
      "phi": 3.141592653589793,
      "flip": false
    },
    "RegularizedCoil42": {
      "@module": "simsopt.field.coil",
      "@class": "RegularizedCoil",
      "@name": "RegularizedCoil42",
      "@version": "0.1.dev5270+gee055f063",
      "curve": {
        "$type": "ref",
        "value": "RotatedCurve30"
      },
      "current": {
        "$type": "ref",
        "value": "ScaledCurrent26"
      },
      "regularization": {
        "@module": "numpy",
        "@class": "array",
        "dtype": "float64",
        "data": 0.0009704490555402135
      }
    },
    "RotatedCurve31": {
      "@module": "simsopt.geo.curve",
      "@class": "RotatedCurve",
      "@name": "RotatedCurve31",
      "@version": "0.1.dev5270+gee055f063",
      "curve": {
        "$type": "ref",
        "value": "CurveXYZFourier3"
      },
      "phi": 3.141592653589793,
      "flip": false
    },
    "RegularizedCoil43": {
      "@module": "simsopt.field.coil",
      "@class": "RegularizedCoil",
      "@name": "RegularizedCoil43",
      "@version": "0.1.dev5270+gee055f063",
      "curve": {
        "$type": "ref",
        "value": "RotatedCurve31"
      },
      "current": {
        "$type": "ref",
        "value": "ScaledCurrent27"
      },
      "regularization": {
        "@module": "numpy",
        "@class": "array",
        "dtype": "float64",
        "data": 0.0009704490555402135
      }
    },
    "RotatedCurve32": {
      "@module": "simsopt.geo.curve",
      "@class": "RotatedCurve",
      "@name": "RotatedCurve32",
      "@version": "0.1.dev5270+gee055f063",
      "curve": {
        "$type": "ref",
        "value": "CurveXYZFourier4"
      },
      "phi": 3.141592653589793,
      "flip": false
    },
    "RegularizedCoil44": {
      "@module": "simsopt.field.coil",
      "@class": "RegularizedCoil",
      "@name": "RegularizedCoil44",
      "@version": "0.1.dev5270+gee055f063",
      "curve": {
        "$type": "ref",
        "value": "RotatedCurve32"
      },
      "current": {
        "$type": "ref",
        "value": "CurrentSum9"
      },
      "regularization": {
        "@module": "numpy",
        "@class": "array",
        "dtype": "float64",
        "data": 0.0009704490555402135
      }
    },
    "RotatedCurve33": {
      "@module": "simsopt.geo.curve",
      "@class": "RotatedCurve",
      "@name": "RotatedCurve33",
      "@version": "0.1.dev5270+gee055f063",
      "curve": {
        "$type": "ref",
        "value": "CurveXYZFourier1"
      },
      "phi": 3.141592653589793,
      "flip": true
    },
    "ScaledCurrent33": {
      "@module": "simsopt.field.coil",
      "@class": "ScaledCurrent",
      "@name": "ScaledCurrent33",
      "@version": "0.1.dev5270+gee055f063",
      "current_to_scale": {
        "$type": "ref",
        "value": "ScaledCurrent25"
      },
      "scale": -1.0
    },
    "RegularizedCoil45": {
      "@module": "simsopt.field.coil",
      "@class": "RegularizedCoil",
      "@name": "RegularizedCoil45",
      "@version": "0.1.dev5270+gee055f063",
      "curve": {
        "$type": "ref",
        "value": "RotatedCurve33"
      },
      "current": {
        "$type": "ref",
        "value": "ScaledCurrent33"
      },
      "regularization": {
        "@module": "numpy",
        "@class": "array",
        "dtype": "float64",
        "data": 0.0009704490555402135
      }
    },
    "RotatedCurve34": {
      "@module": "simsopt.geo.curve",
      "@class": "RotatedCurve",
      "@name": "RotatedCurve34",
      "@version": "0.1.dev5270+gee055f063",
      "curve": {
        "$type": "ref",
        "value": "CurveXYZFourier2"
      },
      "phi": 3.141592653589793,
      "flip": true
    },
    "ScaledCurrent34": {
      "@module": "simsopt.field.coil",
      "@class": "ScaledCurrent",
      "@name": "ScaledCurrent34",
      "@version": "0.1.dev5270+gee055f063",
      "current_to_scale": {
        "$type": "ref",
        "value": "ScaledCurrent26"
      },
      "scale": -1.0
    },
    "RegularizedCoil46": {
      "@module": "simsopt.field.coil",
      "@class": "RegularizedCoil",
      "@name": "RegularizedCoil46",
      "@version": "0.1.dev5270+gee055f063",
      "curve": {
        "$type": "ref",
        "value": "RotatedCurve34"
      },
      "current": {
        "$type": "ref",
        "value": "ScaledCurrent34"
      },
      "regularization": {
        "@module": "numpy",
        "@class": "array",
        "dtype": "float64",
        "data": 0.0009704490555402135
      }
    },
    "RotatedCurve35": {
      "@module": "simsopt.geo.curve",
      "@class": "RotatedCurve",
      "@name": "RotatedCurve35",
      "@version": "0.1.dev5270+gee055f063",
      "curve": {
        "$type": "ref",
        "value": "CurveXYZFourier3"
      },
      "phi": 3.141592653589793,
      "flip": true
    },
    "ScaledCurrent35": {
      "@module": "simsopt.field.coil",
      "@class": "ScaledCurrent",
      "@name": "ScaledCurrent35",
      "@version": "0.1.dev5270+gee055f063",
      "current_to_scale": {
        "$type": "ref",
        "value": "ScaledCurrent27"
      },
      "scale": -1.0
    },
    "RegularizedCoil47": {
      "@module": "simsopt.field.coil",
      "@class": "RegularizedCoil",
      "@name": "RegularizedCoil47",
      "@version": "0.1.dev5270+gee055f063",
      "curve": {
        "$type": "ref",
        "value": "RotatedCurve35"
      },
      "current": {
        "$type": "ref",
        "value": "ScaledCurrent35"
      },
      "regularization": {
        "@module": "numpy",
        "@class": "array",
        "dtype": "float64",
        "data": 0.0009704490555402135
      }
    },
    "RotatedCurve36": {
      "@module": "simsopt.geo.curve",
      "@class": "RotatedCurve",
      "@name": "RotatedCurve36",
      "@version": "0.1.dev5270+gee055f063",
      "curve": {
        "$type": "ref",
        "value": "CurveXYZFourier4"
      },
      "phi": 3.141592653589793,
      "flip": true
    },
    "ScaledCurrent36": {
      "@module": "simsopt.field.coil",
      "@class": "ScaledCurrent",
      "@name": "ScaledCurrent36",
      "@version": "0.1.dev5270+gee055f063",
      "current_to_scale": {
        "$type": "ref",
        "value": "CurrentSum9"
      },
      "scale": -1.0
    },
    "RegularizedCoil48": {
      "@module": "simsopt.field.coil",
      "@class": "RegularizedCoil",
      "@name": "RegularizedCoil48",
      "@version": "0.1.dev5270+gee055f063",
      "curve": {
        "$type": "ref",
        "value": "RotatedCurve36"
      },
      "current": {
        "$type": "ref",
        "value": "ScaledCurrent36"
      },
      "regularization": {
        "@module": "numpy",
        "@class": "array",
        "dtype": "float64",
        "data": 0.0009704490555402135
      }
    },
    "BiotSavart5": {
      "@module": "simsopt.field.biotsavart",
      "@class": "BiotSavart",
      "@name": "BiotSavart5",
      "@version": "0.1.dev5270+gee055f063",
      "coils": [
        {
          "$type": "ref",
          "value": "RegularizedCoil33"
        },
        {
          "$type": "ref",
          "value": "RegularizedCoil34"
        },
        {
          "$type": "ref",
          "value": "RegularizedCoil35"
        },
        {
          "$type": "ref",
          "value": "RegularizedCoil36"
        },
        {
          "$type": "ref",
          "value": "RegularizedCoil37"
        },
        {
          "$type": "ref",
          "value": "RegularizedCoil38"
        },
        {
          "$type": "ref",
          "value": "RegularizedCoil39"
        },
        {
          "$type": "ref",
          "value": "RegularizedCoil40"
        },
        {
          "$type": "ref",
          "value": "RegularizedCoil41"
        },
        {
          "$type": "ref",
          "value": "RegularizedCoil42"
        },
        {
          "$type": "ref",
          "value": "RegularizedCoil43"
        },
        {
          "$type": "ref",
          "value": "RegularizedCoil44"
        },
        {
          "$type": "ref",
          "value": "RegularizedCoil45"
        },
        {
          "$type": "ref",
          "value": "RegularizedCoil46"
        },
        {
          "$type": "ref",
          "value": "RegularizedCoil47"
        },
        {
          "$type": "ref",
          "value": "RegularizedCoil48"
        }
      ],
      "points": {
        "@module": "numpy",
        "@class": "array",
        "dtype": "float64",
        "data": [
          [
            1.2982600642535234,
            0.06377942713828175,
            0.008372922975594518
          ],
          [
            1.2730108873425712,
            0.0625390146173747,
            0.15422481266730984
          ],
          [
            1.2170825246843648,
            0.059791430347212716,
            0.27185241690205364
          ],
          [
            1.1534375743835228,
            0.056664754435198035,
            0.3436603474717344
          ],
          [
            1.105562532026514,
            0.05431280442161839,
            0.3652846517810238
          ],
          [
            1.087085410810304,
            0.05340508166345741,
            0.3391832028063613
          ],
          [
            1.09773677982719,
            0.05392834986898912,
            0.26893789122640566
          ],
          [
            1.12347626990665,
            0.05519284993126545,
            0.1597911335929892
          ],
          [
            1.1434724193149788,
            0.05617519775921623,
            0.024607571485806886
          ],
          [
            1.1451340515360129,
            0.05625682851571107,
            -0.11381682243695072
          ],
          [
            1.1345581998300767,
            0.05573727023776938,
            -0.23060693940988086
          ],
          [
            1.1300454178450479,
            0.05551557147514852,
            -0.3086503404655123
          ],
          [
            1.1465653766790347,
            0.05632714501098357,
            -0.3400203400112669
          ],
          [
            1.1865515608805661,
            0.058291540275106454,
            -0.32147355436785335
          ],
          [
            1.239143392482374,
            0.06087521128530959,
            -0.2520765338480047
          ],
          [
            1.2836401163933815,
            0.0630611951561191,
            -0.1365671381663463
          ],
          [
            1.2810446939511912,
            0.19002502975800997,
            0.024658440265042176
          ],
          [
            1.2461158581214011,
            0.18484382640163324,
            0.1686275971939628
          ],
          [
            1.180089826457809,
            0.17504978979157615,
            0.28593075081921765
          ],
          [
            1.1062659015923735,
            0.16409904499270497,
            0.3581714670736626
          ],
          [
            1.050217418857256,
            0.1557850379561653,
            0.38131925325494404
          ],
          [
            1.0278854542757252,
            0.15247240393629252,
            0.35955047538053597
          ],
          [
            1.041073295636906,
            0.15442863540810234,
            0.29753127548840835
          ],
          [
            1.077661572128697,
            0.1598559935338383,
            0.19874337612276655
          ],
          [
            1.1164269363457873,
            0.1656062921172641,
            0.07174002578658216
          ],
          [
            1.139894299584809,
            0.16908734661824545,
            -0.0644124586498467
          ],
          [
            1.1471322503925114,
            0.17016099519906,
            -0.18486640209119465
          ],
          [
            1.151948755535648,
            0.17087545624595069,
            -0.26919055201201547
          ],
          [
            1.1688143462279716,
            0.1733772302967141,
            -0.3062944092256695
          ],
          [
            1.202070744252665,
            0.17831035093967532,
            -0.29236819113253115
          ],
          [
            1.2438950208938753,
            0.18451439631832628,
            -0.22746566953698302
          ],
          [
            1.2768512032719896,
            0.18940298417687776,
            -0.11656844921618753
          ],
          [
            1.2472486002004475,
            0.3124195104670709,
            0.03961007991289575
          ],
          [
            1.204603741230134,
            0.3017375293758102,
            0.17915866407909137
          ],
          [
            1.130860720566406,
            0.28326586429442835,
            0.2939750996039616
          ],
          [
            1.0487538256120548,
            0.26269915776656605,
            0.36499239924216687
          ],
          [
            0.9851004301959666,
            0.24675481224293494,
            0.38832599202332035
          ],
          [
            0.957652278121153,
            0.23987940806684624,
            0.3697343986536256
          ],
          [
            0.9700039441995999,
            0.24297333935613444,
            0.31542764741887475
          ],
          [
            1.012389403662503,
            0.25359034425330884,
            0.22820046737543342
          ],
          [
            1.0649771182862293,
            0.2667628810328139,
            0.11297628162465898
          ],
          [
            1.1076218712565102,
            0.27744483557244876,
            -0.015753593997263494
          ],
          [
            1.1330383655581477,
            0.28381133596878555,
            -0.13522266916721531
          ],
          [
            1.1493021747459178,
            0.2878852080933615,
            -0.22331718027110642
          ],
          [
            1.1688440845648422,
            0.29278020168023644,
            -0.2659443692555726
          ],
          [
            1.1972514239812675,
            0.2998958697777795,
            -0.2578821530033629
          ],
          [
            1.2296895663270098,
            0.3080212014482174,
            -0.19937718170208077
          ],
          [
            1.252188111289108,
            0.31365679358450077,
            -0.09536212161974149
          ],
          [
            1.1980672667820607,
            0.4286753225742756,
            0.052485577154738984
          ],
          [
            1.1503806173920321,
            0.41161276659220364,
            0.18553095252020324
          ],
          [
            1.0720131473013426,
            0.3835724374288101,
            0.296123877229111
          ],
          [
            0.9842668221010356,
            0.3521763002478154,
            0.3646928085971925
          ],
          [
            0.9142928035211659,
            0.3271391960565692,
            0.3872185412273121
          ],
          [
            0.8811846868806331,
            0.315292922500638,
            0.3706565579312331
          ],
          [
            0.8900198449602555,
            0.31845419261024516,
            0.32291211086827515
          ],
          [
            0.933342848075851,
            0.33395541098953213,
            0.24704491075317325
          ],
          [
            0.9938261624533822,
            0.3555966869178778,
            0.14545908000543803
          ],
          [
            1.0508724402166554,
            0.3760081714812745,
            0.02810477027144266
          ],
          [
            1.0924635388741797,
            0.3908897045366935,
            -0.08585412475012294
          ],
          [
            1.12074343831977,
            0.4010084143565251,
            -0.17456681331751273
          ],
          [
            1.1448634815812364,
            0.4096387038338317,
            -0.22174750046932146
          ],
          [
            1.1706878643183025,
            0.41887881572657,
            -0.2202166403370656
          ],
          [
            1.1959380472294767,
            0.4279134756364263,
            -0.16954110678246256
          ],
          [
            1.2100055753988221,
            0.4329469177001713,
            -0.07419009193569844
          ],
          [
            1.135130048835714,
            0.5368765291550864,
            0.06273124869051049
          ],
          [
            1.0853867290415171,
            0.5133496910565339,
            0.18777343584409426
          ],
          [
            1.005789146198763,
            0.47570283812581987,
            0.29288458360067926
          ],
          [
            0.9154667080513897,
            0.43298350640948996,
            0.3582109063920662
          ],
          [
            0.8409904492981636,
            0.3977588593790464,
            0.37930577580291086
          ],
          [
            0.8023663531587067,
            0.37949102240444343,
            0.36379728684041784
          ],
          [
            0.8059189208351065,
            0.38117126177935057,
            0.3211772305270956
          ],
          [
            0.8461937442914571,
            0.4002198346294459,
            0.25543464942926225
          ],
          [
            0.9087806740531614,
            0.42982124783791614,
            0.16763278292280745
          ],
          [
            0.9743713508265186,
            0.460843327578587,
            0.06390235328475795
          ],
          [
            1.0282564953081081,
            0.4863291028621934,
            -0.04090526936554541
          ],
          [
            1.0674461630205339,
            0.5048644352690561,
            -0.1269660759060582
          ],
          [
            1.0972012749142053,
            0.5189375550974675,
            -0.17705900458602533
          ],
          [
            1.1226354234786953,
            0.5309670114732581,
            -0.1819735050198832
          ],
          [
            1.1432715277042471,
            0.5407271618835662,
            -0.13986631198993651
          ],
          [
            1.1514720652786505,
            0.5446057272996322,
            -0.05427801526216115
          ],
          [
            1.0603510700480303,
            0.635549972991735,
            0.07000419508783133
          ],
          [
            1.0114361082284604,
            0.6062314731651528,
            0.18617770299826195
          ],
          [
            0.9338996152579228,
            0.559757887760022,
            0.28500692243547276
          ],
          [
            0.8441698367199081,
            0.5059759282399486,
            0.3466442143567283
          ],
          [
            0.767370359486057,
            0.45994409306714834,
            0.36600553431639354
          ],
          [
            0.7239731407402556,
            0.4339328011649662,
            0.3508361997289076
          ],
          [
            0.7213998124525454,
            0.4323904075465214,
            0.3119139427397879
          ],
          [
            0.7558430615900193,
            0.4530348966005832,
            0.2544908038269584
          ],
          [
            0.815718113181368,
            0.4889226214274527,
            0.17926809760531617
          ],
          [
            0.8840551338069064,
            0.5298822553069462,
            0.08962875439498988
          ],
          [
            0.945364062432331,
            0.5666294129537771,
            -0.003781200552237497
          ],
          [
            0.992952126549368,
            0.5951526009041056,
            -0.08434899774428062
          ],
          [
            1.0283114643526658,
            0.6163461723736695,
            -0.1352957102961754
          ],
          [
            1.055015604343992,
            0.6323520179182834,
            -0.14580402310420731
          ],
          [
            1.0734918133897826,
            0.6434262314422158,
            -0.11221569991371037
          ],
          [
            1.0784612986217919,
            0.646404826262555,
            -0.036718573034679895
          ],
          [
            0.9757852556996897,
            0.7236916679338725,
            0.07416207617414948
          ],
          [
            0.9301419615871425,
            0.6898402939216467,
            0.18121756104071837
          ],
          [
            0.8575181065503503,
            0.6359787721612288,
            0.27336037755178255
          ],
          [
            0.7713882646778693,
            0.5721005278861792,
            0.33108919237377865
          ],
          [
            0.6946567156549259,
            0.5151925326370137,
            0.3486409553788709
          ],
          [
            0.6477208342270595,
            0.4803825105362771,
            0.33338568328663376
          ],
          [
            0.638976077700962,
            0.47389695708168095,
            0.29694921192041623
          ],
          [
            0.666016611154123,
            0.4939515834887051,
            0.2458895206821982
          ],
          [
            0.7197600206009669,
            0.5338104124634785,
            0.1812150700158676
          ],
          [
            0.7859831301875783,
            0.5829248178642217,
            0.10465447792650219
          ],
          [
            0.8498236486916436,
            0.6302721732870518,
            0.023353432180507866
          ],
          [
            0.9024579930660153,
            0.6693084635449749,
            -0.049721619774787076
          ],
          [
            0.9423188530245207,
            0.6988712921080735,
            -0.09940178888741487
          ],
          [
            0.9711013717981007,
            0.7202178628795843,
            -0.11405278370438938
          ],
          [
            0.9893283244771738,
            0.7337358922908934,
            -0.08819797583643163
          ],
          [
            0.9933568357023435,
            0.7367236398417035,
            -0.022380673332906772
          ],
          [
            0.8835035276268026,
            0.8007609210829822,
            0.07523200066698928
          ],
          [
            0.8429179142028314,
            0.7639762652532605,
            0.1734581962073529
          ],
          [
            0.7773919689449269,
            0.7045870102714552,
            0.25882965670842956
          ],
          [
            0.6974951967611088,
            0.632172796988884,
            0.3125434006304752
          ],
          [
            0.6232965531204795,
            0.5649230663801389,
            0.32833124350877774
          ],
          [
            0.5744405096755686,
            0.5206425297143675,
            0.31283423132661387
          ],
          [
            0.5601060134892017,
            0.5076504996765382,
            0.27799111690334427
          ],
          [
            0.5791962770037585,
            0.5249529059687862,
            0.23148343174181818
          ],
          [
            0.6248055825169545,
            0.5662907709016007,
            0.17500816345365758
          ],
          [
            0.6854301839854603,
            0.6212377068154951,
            0.10955088929435684
          ],
          [
            0.7476362216411508,
            0.6776179729406286,
            0.03974536507267151
          ],
          [
            0.8017821788749389,
            0.7266930079933042,
            -0.02485606524475339
          ],
          [
            0.844239810130297,
            0.7651743618848569,
            -0.07144134420637713
          ],
          [
            0.8749748668751491,
            0.7930309935551965,
            -0.08847847421251884
          ],
          [
            0.8940671985349768,
            0.810335274305056,
            -0.06901416278808463
          ],
          [
            0.8988097486259743,
            0.814633671153963,
            -0.011853570423936746
          ],
          [
            0.7854877695073696,
            0.8666522016695082,
            0.07337319879586075
          ],
          [
            0.7510181021915973,
            0.828620784466456,
            0.1634729416644767
          ],
          [
            0.6940112237960154,
            0.7657233867096176,
            0.24223327413633206
          ],
          [
            0.6224470060482898,
            0.6867644400786342,
            0.29186159361228575
          ],
          [
            0.5531673324525219,
            0.6103260994913926,
            0.3059607848652042
          ],
          [
            0.5042823005337527,
            0.5563897784107267,
            0.2902803488174097
          ],
          [
            0.48541432011661184,
            0.5355721700349431,
            0.25648476011169113
          ],
          [
            0.49677770508415425,
            0.5481097332954318,
            0.21302546436848657
          ],
          [
            0.5334301924254873,
            0.5885495212643163,
            0.16246130531148228
          ],
          [
            0.5863564121627964,
            0.6469446060027462,
            0.1057101888482952
          ],
          [
            0.6438539351101695,
            0.7103833466010062,
            0.0458914025916011
          ],
          [
            0.6963420733713478,
            0.7682950829150074,
            -0.01020827117768018
          ],
          [
            0.739115600389607,
            0.8154883974420984,
            -0.052415988534860666
          ],
          [
            0.7709047630632199,
            0.8505623335233632,
            -0.07010553759100686
          ],
          [
            0.7911395316097466,
            0.872887960212775,
            -0.05537860541065204
          ],
          [
            0.7974915429523713,
            0.879896324733292,
            -0.00542659667560816
          ],
          [
            0.6835402145682815,
            0.9216472879365487,
            0.06884438131687208
          ],
          [
            0.6555716412704167,
            0.8839360323614656,
            0.15178345295074427
          ],
          [
            0.6077661581743556,
            0.8194778001975994,
            0.22426873220884233
          ],
          [
            0.5459995651730707,
            0.7361951904675054,
            0.26974814790446283
          ],
          [
            0.48377008355099693,
            0.6522884476829486,
            0.28219962735916365
          ],
          [
            0.4368898549033148,
            0.5890777767229806,
            0.2665271956829192
          ],
          [
            0.414907780459516,
            0.5594383804408725,
            0.2335506080090296
          ],
          [
            0.4193214106870097,
            0.5653894718944946,
            0.19200790970654166
          ],
          [
            0.4470458786795349,
            0.6027715895668734,
            0.14535130881665861
          ],
          [
            0.4912882986915615,
            0.6624255873080125,
            0.0949151253219986
          ],
          [
            0.5420939587044167,
            0.7309290897570214,
            0.04315288598243005
          ],
          [
            0.5904341072546906,
            0.7961082348318271,
            -0.0051342867411244665
          ],
          [
            0.6313008486835318,
            0.8512106569014406,
            -0.0423251750618524
          ],
          [
            0.6627915334936016,
            0.893670930096627,
            -0.05922012090599708
          ],
          [
            0.6837469499561151,
            0.9219260383384364,
            -0.04751575046759429
          ],
          [
            0.6918754613030826,
            0.9328860671388279,
            -0.003100805755995434
          ],
          [
            0.5792048242265473,
            0.9663448686097066,
            0.06197857309862101
          ],
          [
            0.5575828201054577,
            0.9302707341109573,
            0.13883196093019884
          ],
          [
            0.5190403159035863,
            0.8659664507193562,
            0.20548825447151434
          ],
          [
            0.46787192159747665,
            0.7805971423080591,
            0.24677030205650602
          ],
          [
            0.4143910651808619,
            0.6913697239486535,
            0.2575500342908955
          ],
          [
            0.37153239271093746,
            0.6198643488474678,
            0.24211443113695028
          ],
          [
            0.3481333815848402,
            0.5808254572732474,
            0.20997401343959385
          ],
          [
            0.3467897185761572,
            0.5785836909769887,
            0.16959107804318604
          ],
          [
            0.3661820426430903,
            0.6109378290446779,
            0.1252254735110228
          ],
          [
            0.40151345205753447,
            0.6698847244438823,
            0.07898188164241683
          ],
          [
            0.44450742157894874,
            0.7416158290382913,
            0.033304372545668794
          ],
          [
            0.48695717424687257,
            0.8124389626666717,
            -0.008285054627071011
          ],
          [
            0.5240624450790746,
            0.8743453670460785,
            -0.04040935024074652
          ],
          [
            0.5537857429340698,
            0.9239356935746744,
            -0.055486073404585806
          ],
          [
            0.5745782137319727,
            0.958625835336014,
            -0.04522095947317963
          ],
          [
            0.5840664877004166,
            0.9744560640873244,
            -0.00462811413421101
          ],
          [
            0.4737054050476201,
            1.0015659287838177,
            0.053160922781999444
          ],
          [
            0.45789680073828404,
            0.9681414432509486,
            0.12498373406697008
          ],
          [
            0.42822194538607683,
            0.9053992331227549,
            0.1863064805369054
          ],
          [
            0.38783398472033526,
            0.8200060649113825,
            0.22338289231896444
          ],
          [
            0.3442309564568059,
            0.7278152073969771,
            0.23240085477413827
          ],
          [
            0.3072115596991147,
            0.6495442691692269,
            0.21737351807553024
          ],
          [
            0.28427548346938314,
            0.6010500104022657,
            0.1862279194108656
          ],
          [
            0.2787124042493575,
            0.5892878676305512,
            0.14658745708041618
          ],
          [
            0.2907645711963052,
            0.6147700336633914,
            0.10331690317935303
          ],
          [
            0.3174299206929966,
            0.6711491782760944,
            0.059534361461133445
          ],
          [
            0.35207725473298285,
            0.7444048112662934,
            0.018154016648200686
          ],
          [
            0.38753721893277077,
            0.8193786063717793,
            -0.0180271318075551
          ],
          [
            0.4195132958633065,
            0.8869863407327063,
            -0.04547237814591388
          ],
          [
            0.4461210949002456,
            0.9432438051216678,
            -0.0581331375623375
          ],
          [
            0.46564513296804677,
            0.9845239153180507,
            -0.04796616029252019
          ],
          [
            0.4756910611874228,
            1.0057642459546063,
            -0.009573134740093404
          ],
          [
            0.3679101353188459,
            1.0282399453178102,
            0.04280326771258729
          ],
          [
            0.3571534164599425,
            0.9981769300608578,
            0.11054847721945367
          ],
          [
            0.33565622218250873,
            0.9380962969215767,
            0.16703478127312488
          ],
          [
            0.3057223202601744,
            0.8544366454985595,
            0.19995987060962217
          ],
          [
            0.2725037217920111,
            0.7615968822155041,
            0.20707870667037334
          ],
          [
            0.24276849325703,
            0.6784924857130157,
            0.19249775520285436
          ],
          [
            0.22222497747970232,
            0.6210772054266807,
            0.16252375275902056
          ],
          [
            0.21427839888636566,
            0.5988680060764239,
            0.12347956062289789
          ],
          [
            0.2203211433134915,
            0.6157563453822509,
            0.08052812209158468
          ],
          [
            0.2388976114328017,
            0.6676740957498611,
            0.037902605925624354
          ],
          [
            0.2650464556520953,
            0.7407552195598066,
            -0.0006945539254107667
          ],
          [
            0.2928841338199437,
            0.8185563180597887,
            -0.03276962923258405
          ],
          [
            0.31879383147887413,
            0.8909690720083341,
            -0.05618171051123374
          ],
          [
            0.3411438380471533,
            0.9534331558306067,
            -0.0661635384548755
          ],
          [
            0.35824471637127936,
            1.0012269089916797,
            -0.05502710418224524
          ],
          [
            0.3678529914253973,
            1.0280802388345303,
            -0.017389840005191913
          ],
          [
            0.26233105834007175,
            1.0472842903268116,
            0.03131410575800771
          ],
          [
            0.25575619940887756,
            1.021035982126765,
            0.09580618977667751
          ],
          [
            0.24158153517067033,
            0.9644475504280388,
            0.14792998546547406
          ],
          [
            0.2214096578606943,
            0.8839169020678606,
            0.17682956009756423
          ],
          [
            0.1985045916926963,
            0.7924747521431513,
            0.18189073465907354
          ],
          [
            0.17700456746832405,
            0.7066418440829796,
            0.16761802039544269
          ],
          [
            0.1606653653160079,
            0.6414120926426757,
            0.13888896140576287
          ],
          [
            0.15239167726002487,
            0.6083816784060857,
            0.10046562973205497
          ],
          [
            0.15409551820648232,
            0.6151837927562945,
            0.057448727469468844
          ],
          [
            0.16548892258715345,
            0.6606688127029201,
            0.01510120179985315
          ],
          [
            0.18329468944040261,
            0.7317534186227264,
            -0.02194197004836276
          ],
          [
            0.2031839714888552,
            0.8111558834586702,
            -0.05114696827376358
          ],
          [
            0.22236427107811932,
            0.8877279316587658,
            -0.07128147344219926
          ],
          [
            0.23947847952830373,
            0.956051681673991,
            -0.07853215615105338
          ],
          [
            0.25303398202160965,
            1.0101682811287216,
            -0.06560767388285901
          ],
          [
            0.26115753566382743,
            1.0425993251879155,
            -0.02750007999240939
          ],
          [
            0.15716085711302905,
            1.059492438221711,
            0.019070393242087032
          ],
          [
            0.15387184129674802,
            1.0373196946355954,
            0.08102772107178677
          ],
          [
            0.14608700802375632,
            0.9848386116416309,
            0.12924371848124946
          ],
          [
            0.13476039128642905,
            0.9084807639925623,
            0.15431127917758697
          ],
          [
            0.12164538530679543,
            0.8200665753841292,
            0.15715825381723847
          ],
          [
            0.10880733719397329,
            0.7335194850531109,
            0.14287377583284644
          ],
          [
            0.0982022013457688,
            0.6620254664794801,
            0.11526415150765586
          ],
          [
            0.09174137668551652,
            0.6184701245326579,
            0.0775343565439332
          ],
          [
            0.09109715913299431,
            0.6141271625635965,
            0.034391334526476476
          ],
          [
            0.09660204209432764,
            0.6512380690448051,
            -0.008157845961090324
          ],
          [
            0.10655607060944167,
            0.71834267852159,
            -0.04460205891187818
          ],
          [
            0.11838520266642848,
            0.7980882092811352,
            -0.07207334782047017
          ],
          [
            0.13028578925977924,
            0.878315447396729,
            -0.08970134556291277
          ],
          [
            0.1412531965525843,
            0.9522517016719757,
            -0.09427326459907097
          ],
          [
            0.15018315429359821,
            1.012452586765388,
            -0.07893973596895627
          ],
          [
            0.15579623730915562,
            1.0502929187624115,
            -0.03935796311456173
          ],
          [
            0.05234190969759066,
            1.0654440482793073,
            0.006402137570825393
          ],
          [
            0.05146004101193727,
            1.0474931987989997,
            0.0664893422172339
          ],
          [
            0.049105850549449034,
            0.9995725510567669,
            0.11126367400437029
          ],
          [
            0.045596232355009626,
            0.9281326315237897,
            0.13275242716357663
          ],
          [
            0.04145866954311481,
            0.8439106056599139,
            0.1332443203826069
          ],
          [
            0.03725524525870309,
            0.7583479387244865,
            0.11847046956602855
          ],
          [
            0.033522735817285945,
            0.6823709636297609,
            0.09160520370418465
          ],
          [
            0.030914376296815795,
            0.6292765858565038,
            0.054565325824075146
          ],
          [
            0.030133608499002672,
            0.6133836922254863,
            0.011445635173232702
          ],
          [
            0.031463197162613435,
            0.6404480912221651,
            -0.031442012791052965
          ],
          [
            0.03446322411580036,
            0.7015150427418504,
            -0.06797333334244174
          ],
          [
            0.038328249608420024,
            0.7801894440266198,
            -0.09472048964437582
          ],
          [
            0.04242131338868023,
            0.8635056712927139,
            -0.11058086159509699
          ],
          [
            0.04631662268894541,
            0.9427965136435732,
            -0.11256669394619734
          ],
          [
            0.04955917513483562,
            1.0088001849782142,
            -0.09434575813439763
          ],
          [
            0.05167252236331469,
            1.0518183560678762,
            -0.05248735062600448
          ]
        ]
      }
    }
  }
}