{
  "metadata": {
    "method_name": "",
    "contact": "akaptano",
    "hardware": "CPU: AMD EPYC 7763 64-Core Processor | RAM: 15.6GB",
    "notes": "",
    "run_date": "2026-01-23T00:45:23.339699"
  },
  "metrics": {
    "initial_B_field": 1.9998687329794562,
    "final_B_field": 2.0067474561444687,
    "target_B_field": 2.0,
    "optimization_time": 3.9262568950653076,
    "final_normalized_squared_flux": 0.026448412495519335,
    "_cached_thresholds": {
      "length_threshold": 24.23,
      "flux_threshold": 1e-08,
      "cc_threshold": 0.09692,
      "cs_threshold": 0.157495,
      "msc_threshold": 8.254230293025175,
      "arclength_variation_threshold": 0.0,
      "curvature_threshold": 8.254230293025175,
      "force_threshold": 0.12311480455524772,
      "torque_threshold": 0.12311480455524772,
      "coil_width": 0.04846,
      "R0": 8.254230293025175
    },
    "final_min_cs_separation": 0.004357996987275265,
    "final_min_cc_separation": 0.15513889437958464,
    "final_total_length": 11.302257940657839,
    "final_max_curvature": 4.1527626403154905,
    "final_average_curvature": 2.3147153114674137,
    "final_arclength_variation": 0.020997757690286053,
    "final_mean_squared_curvature": 6.054329930094707,
    "final_linking_number": 0,
    "final_max_max_coil_force": 1196773.2674319919,
    "final_avg_max_coil_force": 629960.1503975535,
    "final_max_max_coil_torque": 248571.21804784614,
    "final_avg_max_coil_torque": 119529.53929557648,
    "avg_BdotN_over_B": 0.31236495429330574,
    "max_BdotN_over_B": 0.9999116086751352,
    "lagrange_multipliers": null,
    "output_directory": "/home/runner/work/stellcoilbench/stellcoilbench/submissions/HSX_QHS_mn1824_ns101/akaptano/01-23-2026_00-45",
    "flux_threshold": 1e-08,
    "cc_threshold": 0.09692,
    "cs_threshold": 0.157495,
    "msc_threshold": 8.254230293025175,
    "arclength_variation_threshold": 0.0,
    "curvature_threshold": 8.254230293025175,
    "force_threshold": 0.12311480455524772,
    "torque_threshold": 0.12311480455524772
  }
}