{
  "metadata": {
    "method_name": "",
    "contact": "akaptano",
    "hardware": "CPU: Intel(R) Xeon(R) Platinum 8370C CPU @ 2.80GHz | RAM: 7.8GB",
    "notes": "",
    "run_date": "2025-11-28T23:12:30.507439"
  },
  "metrics": {
    "initial_B_field": 0.14984232990585739,
    "final_B_field": 0.227037193736372,
    "target_B_field": 0.15,
    "optimization_time": 32.118719816207886,
    "final_normalized_squared_flux": 0.05951266633149775,
    "final_min_cs_separation": 0.14758976154436088,
    "final_min_cc_separation": 0.007401799895111927,
    "final_total_length": 6.073589055058073,
    "final_max_curvature": 6.760182428784822,
    "final_average_curvature": 4.165616837181859,
    "final_mean_squared_curvature": 18.857022973972363,
    "final_linking_number": 2,
    "final_max_max_coil_force": 402935.5710357393,
    "final_avg_max_coil_force": 147955.47978160455,
    "final_max_max_coil_torque": 84649.06696067996,
    "final_avg_max_coil_torque": 31360.382344022924,
    "avg_BdotN_over_B": 0.26360268639571444,
    "max_BdotN_over_B": 0.9988856084805753,
    "lagrange_multipliers": null,
    "output_directory": "."
  }
}