{
  "metadata": {
    "method_name": "",
    "contact": "akaptano",
    "hardware": "CPU: AMD EPYC 7763 64-Core Processor | RAM: 15.6GB",
    "notes": "",
    "run_date": "2026-01-23T00:48:54.386640"
  },
  "metrics": {
    "initial_B_field": 0.9999999996464368,
    "final_B_field": 0.9981638955658652,
    "target_B_field": 1.0,
    "optimization_time": 3.832784414291382,
    "final_normalized_squared_flux": 0.023033410557930675,
    "_cached_thresholds": {
      "length_threshold": 100.0,
      "flux_threshold": 1e-08,
      "cc_threshold": 0.4,
      "cs_threshold": 0.65,
      "msc_threshold": 2.0,
      "arclength_variation_threshold": 0.0,
      "curvature_threshold": 2.0,
      "force_threshold": 0.03077870113881194,
      "torque_threshold": 0.03077870113881194,
      "coil_width": 0.2,
      "R0": 2.0
    },
    "final_min_cs_separation": 0.3991616608089601,
    "final_min_cc_separation": 0.05979703752985085,
    "final_total_length": 100.03406489898242,
    "final_max_curvature": 0.4065358096613632,
    "final_average_curvature": 0.25850869011781896,
    "final_arclength_variation": 0.7718514586055967,
    "final_mean_squared_curvature": 0.0836438640322468,
    "final_linking_number": 0,
    "final_max_max_coil_force": 49593806.398761325,
    "final_avg_max_coil_force": 12731428.496142002,
    "final_max_max_coil_torque": 153623352.19826293,
    "final_avg_max_coil_torque": 39591777.23515949,
    "avg_BdotN_over_B": 0.2069246426001658,
    "max_BdotN_over_B": 0.734176108075531,
    "lagrange_multipliers": null,
    "output_directory": "/home/runner/work/stellcoilbench/stellcoilbench/submissions/rotating_ellipse/akaptano/01-23-2026_00-48",
    "flux_threshold": 1e-08,
    "cc_threshold": 0.4,
    "cs_threshold": 0.65,
    "msc_threshold": 2.0,
    "arclength_variation_threshold": 0.0,
    "curvature_threshold": 2.0,
    "force_threshold": 0.03077870113881194,
    "torque_threshold": 0.03077870113881194
  }
}