{
  "metadata": {
    "method_name": "",
    "contact": "akaptano",
    "hardware": "CPU: Intel(R) Xeon(R) Platinum 8370C CPU @ 2.80GHz | RAM: 7.8GB",
    "notes": "",
    "run_date": "2025-11-29T21:30:55.560689"
  },
  "metrics": {
    "initial_B_field": 2.4999411989153506,
    "final_B_field": 2.549730727011905,
    "target_B_field": 2.5,
    "optimization_time": 5.8559229373931885,
    "final_normalized_squared_flux": 0.004932453719374122,
    "final_min_cs_separation": 0.5280280305876827,
    "final_min_cc_separation": 0.33898018490684273,
    "final_total_length": 38.05681102361976,
    "final_max_curvature": 1.5603333876394798,
    "final_average_curvature": 0.7675951661303071,
    "final_mean_squared_curvature": 0.8204048753677021,
    "final_linking_number": 0,
    "final_max_max_coil_force": 4602093.621115194,
    "final_avg_max_coil_force": 3026849.7793003256,
    "final_max_max_coil_torque": 4041262.084071729,
    "final_avg_max_coil_torque": 2114170.262732094,
    "avg_BdotN_over_B": 0.08673004103257975,
    "max_BdotN_over_B": 0.2732245569130707,
    "lagrange_multipliers": null,
    "output_directory": "."
  }
}