{
  "@module": "simsopt._core.json",
  "@class": "SIMSON",
  "@version": "0.1.dev5270+gee055f063",
  "graph": {
    "$type": "ref",
    "value": "BiotSavart5"
  },
  "simsopt_objs": {
    "139629284630288": {
      "@module": "simsopt._core.optimizable",
      "@class": "DOFs",
      "@name": "139629284630288",
      "@version": "0.1.dev5270+gee055f063",
      "x": {
        "@module": "numpy",
        "@class": "array",
        "dtype": "float64",
        "data": [
          4.751730222858247,
          0.014842313090652818,
          -3.2851512294551375,
          0.04219564462012299,
          -0.1508768189356382,
          0.05514901209602498,
          -0.10558661481801684,
          0.030397401270083727,
          -0.038135426517624534,
          0.6959989500478393,
          0.2459472767854656,
          -0.3321234189707103,
          0.19147535007068872,
          0.07932149842631755,
          0.08258052929211868,
          0.04437900108387719,
          0.023992997650502383,
          0.017642498530915166,
          -0.0715008216586112,
          3.12172609904421,
          -0.046844100020808,
          0.04294267393850783,
          -0.00417156503166251,
          0.03760338241868805,
          0.002880211856853642,
          0.015555550361589742,
          0.003268899328139525
        ]
      },
      "names": [
        "xc(0)",
        "xs(1)",
        "xc(1)",
        "xs(2)",
        "xc(2)",
        "xs(3)",
        "xc(3)",
        "xs(4)",
        "xc(4)",
        "yc(0)",
        "ys(1)",
        "yc(1)",
        "ys(2)",
        "yc(2)",
        "ys(3)",
        "yc(3)",
        "ys(4)",
        "yc(4)",
        "zc(0)",
        "zs(1)",
        "zc(1)",
        "zs(2)",
        "zc(2)",
        "zs(3)",
        "zc(3)",
        "zs(4)",
        "zc(4)"
      ],
      "free": {
        "@module": "numpy",
        "@class": "array",
        "dtype": "bool",
        "data": [
          true,
          true,
          true,
          true,
          true,
          true,
          true,
          true,
          true,
          true,
          true,
          true,
          true,
          true,
          true,
          true,
          true,
          true,
          true,
          true,
          true,
          true,
          true,
          true,
          true,
          true,
          true
        ]
      },
      "lower_bounds": {
        "@module": "numpy",
        "@class": "array",
        "dtype": "float64",
        "data": [
          -Infinity,
          -Infinity,
          -Infinity,
          -Infinity,
          -Infinity,
          -Infinity,
          -Infinity,
          -Infinity,
          -Infinity,
          -Infinity,
          -Infinity,
          -Infinity,
          -Infinity,
          -Infinity,
          -Infinity,
          -Infinity,
          -Infinity,
          -Infinity,
          -Infinity,
          -Infinity,
          -Infinity,
          -Infinity,
          -Infinity,
          -Infinity,
          -Infinity,
          -Infinity,
          -Infinity
        ]
      },
      "upper_bounds": {
        "@module": "numpy",
        "@class": "array",
        "dtype": "float64",
        "data": [
          Infinity,
          Infinity,
          Infinity,
          Infinity,
          Infinity,
          Infinity,
          Infinity,
          Infinity,
          Infinity,
          Infinity,
          Infinity,
          Infinity,
          Infinity,
          Infinity,
          Infinity,
          Infinity,
          Infinity,
          Infinity,
          Infinity,
          Infinity,
          Infinity,
          Infinity,
          Infinity,
          Infinity,
          Infinity,
          Infinity,
          Infinity
        ]
      }
    },
    "CurveXYZFourier1": {
      "@module": "simsopt.geo.curvexyzfourier",
      "@class": "CurveXYZFourier",
      "@name": "CurveXYZFourier1",
      "@version": "0.1.dev5270+gee055f063",
      "quadpoints": {
        "@module": "numpy",
        "@class": "array",
        "dtype": "float64",
        "data": [
          0.0,
          0.00390625,
          0.0078125,
          0.01171875,
          0.015625,
          0.01953125,
          0.0234375,
          0.02734375,
          0.03125,
          0.03515625,
          0.0390625,
          0.04296875,
          0.046875,
          0.05078125,
          0.0546875,
          0.05859375,
          0.0625,
          0.06640625,
          0.0703125,
          0.07421875,
          0.078125,
          0.08203125,
          0.0859375,
          0.08984375,
          0.09375,
          0.09765625,
          0.1015625,
          0.10546875,
          0.109375,
          0.11328125,
          0.1171875,
          0.12109375,
          0.125,
          0.12890625,
          0.1328125,
          0.13671875,
          0.140625,
          0.14453125,
          0.1484375,
          0.15234375,
          0.15625,
          0.16015625,
          0.1640625,
          0.16796875,
          0.171875,
          0.17578125,
          0.1796875,
          0.18359375,
          0.1875,
          0.19140625,
          0.1953125,
          0.19921875,
          0.203125,
          0.20703125,
          0.2109375,
          0.21484375,
          0.21875,
          0.22265625,
          0.2265625,
          0.23046875,
          0.234375,
          0.23828125,
          0.2421875,
          0.24609375,
          0.25,
          0.25390625,
          0.2578125,
          0.26171875,
          0.265625,
          0.26953125,
          0.2734375,
          0.27734375,
          0.28125,
          0.28515625,
          0.2890625,
          0.29296875,
          0.296875,
          0.30078125,
          0.3046875,
          0.30859375,
          0.3125,
          0.31640625,
          0.3203125,
          0.32421875,
          0.328125,
          0.33203125,
          0.3359375,
          0.33984375,
          0.34375,
          0.34765625,
          0.3515625,
          0.35546875,
          0.359375,
          0.36328125,
          0.3671875,
          0.37109375,
          0.375,
          0.37890625,
          0.3828125,
          0.38671875,
          0.390625,
          0.39453125,
          0.3984375,
          0.40234375,
          0.40625,
          0.41015625,
          0.4140625,
          0.41796875,
          0.421875,
          0.42578125,
          0.4296875,
          0.43359375,
          0.4375,
          0.44140625,
          0.4453125,
          0.44921875,
          0.453125,
          0.45703125,
          0.4609375,
          0.46484375,
          0.46875,
          0.47265625,
          0.4765625,
          0.48046875,
          0.484375,
          0.48828125,
          0.4921875,
          0.49609375,
          0.5,
          0.50390625,
          0.5078125,
          0.51171875,
          0.515625,
          0.51953125,
          0.5234375,
          0.52734375,
          0.53125,
          0.53515625,
          0.5390625,
          0.54296875,
          0.546875,
          0.55078125,
          0.5546875,
          0.55859375,
          0.5625,
          0.56640625,
          0.5703125,
          0.57421875,
          0.578125,
          0.58203125,
          0.5859375,
          0.58984375,
          0.59375,
          0.59765625,
          0.6015625,
          0.60546875,
          0.609375,
          0.61328125,
          0.6171875,
          0.62109375,
          0.625,
          0.62890625,
          0.6328125,
          0.63671875,
          0.640625,
          0.64453125,
          0.6484375,
          0.65234375,
          0.65625,
          0.66015625,
          0.6640625,
          0.66796875,
          0.671875,
          0.67578125,
          0.6796875,
          0.68359375,
          0.6875,
          0.69140625,
          0.6953125,
          0.69921875,
          0.703125,
          0.70703125,
          0.7109375,
          0.71484375,
          0.71875,
          0.72265625,
          0.7265625,
          0.73046875,
          0.734375,
          0.73828125,
          0.7421875,
          0.74609375,
          0.75,
          0.75390625,
          0.7578125,
          0.76171875,
          0.765625,
          0.76953125,
          0.7734375,
          0.77734375,
          0.78125,
          0.78515625,
          0.7890625,
          0.79296875,
          0.796875,
          0.80078125,
          0.8046875,
          0.80859375,
          0.8125,
          0.81640625,
          0.8203125,
          0.82421875,
          0.828125,
          0.83203125,
          0.8359375,
          0.83984375,
          0.84375,
          0.84765625,
          0.8515625,
          0.85546875,
          0.859375,
          0.86328125,
          0.8671875,
          0.87109375,
          0.875,
          0.87890625,
          0.8828125,
          0.88671875,
          0.890625,
          0.89453125,
          0.8984375,
          0.90234375,
          0.90625,
          0.91015625,
          0.9140625,
          0.91796875,
          0.921875,
          0.92578125,
          0.9296875,
          0.93359375,
          0.9375,
          0.94140625,
          0.9453125,
          0.94921875,
          0.953125,
          0.95703125,
          0.9609375,
          0.96484375,
          0.96875,
          0.97265625,
          0.9765625,
          0.98046875,
          0.984375,
          0.98828125,
          0.9921875,
          0.99609375
        ]
      },
      "order": 4,
      "dofs": {
        "$type": "ref",
        "value": "139629284630288"
      }
    },
    "139629256684656": {
      "@module": "simsopt._core.optimizable",
      "@class": "DOFs",
      "@name": "139629256684656",
      "@version": "0.1.dev5270+gee055f063",
      "x": {
        "@module": "numpy",
        "@class": "array",
        "dtype": "float64",
        "data": [
          0.05675398391952263
        ]
      },
      "names": [
        "x0"
      ],
      "free": {
        "@module": "numpy",
        "@class": "array",
        "dtype": "bool",
        "data": [
          true
        ]
      },
      "lower_bounds": {
        "@module": "numpy",
        "@class": "array",
        "dtype": "float64",
        "data": [
          -Infinity
        ]
      },
      "upper_bounds": {
        "@module": "numpy",
        "@class": "array",
        "dtype": "float64",
        "data": [
          Infinity
        ]
      }
    },
    "Current9": {
      "@module": "simsopt.field.coil",
      "@class": "Current",
      "@name": "Current9",
      "@version": "0.1.dev5270+gee055f063",
      "current": 0.05675398391952263,
      "dofs": {
        "$type": "ref",
        "value": "139629256684656"
      }
    },
    "ScaledCurrent33": {
      "@module": "simsopt.field.coil",
      "@class": "ScaledCurrent",
      "@name": "ScaledCurrent33",
      "@version": "0.1.dev5270+gee055f063",
      "current_to_scale": {
        "$type": "ref",
        "value": "Current9"
      },
      "scale": 10000000.0
    },
    "RegularizedCoil49": {
      "@module": "simsopt.field.coil",
      "@class": "RegularizedCoil",
      "@name": "RegularizedCoil49",
      "@version": "0.1.dev5270+gee055f063",
      "curve": {
        "$type": "ref",
        "value": "CurveXYZFourier1"
      },
      "current": {
        "$type": "ref",
        "value": "ScaledCurrent33"
      },
      "regularization": {
        "@module": "numpy",
        "@class": "array",
        "dtype": "float64",
        "data": 0.02426122638850534
      }
    },
    "139629284630768": {
      "@module": "simsopt._core.optimizable",
      "@class": "DOFs",
      "@name": "139629284630768",
      "@version": "0.1.dev5270+gee055f063",
      "x": {
        "@module": "numpy",
        "@class": "array",
        "dtype": "float64",
        "data": [
          4.494814863436611,
          0.03460455456538661,
          -3.0238609496804503,
          0.10107905865042313,
          -0.0926052718364038,
          0.09604864108675078,
          -0.017270699188924387,
          0.0327675288080381,
          0.013054577082169285,
          2.048987378930406,
          0.15929892123720646,
          -0.987735004268204,
          0.07780332054387966,
          0.1833560030247073,
          0.006748482116253465,
          0.079156532571166,
          -0.008590041404584761,
          0.021214720141447013,
          -0.16899212361796373,
          3.152780521549585,
          -0.09305832848157922,
          0.04936069278395815,
          0.02517104273485165,
          0.03518046511950443,
          0.04503446200798701,
          0.00448471128448392,
          0.023657283165350863
        ]
      },
      "names": [
        "xc(0)",
        "xs(1)",
        "xc(1)",
        "xs(2)",
        "xc(2)",
        "xs(3)",
        "xc(3)",
        "xs(4)",
        "xc(4)",
        "yc(0)",
        "ys(1)",
        "yc(1)",
        "ys(2)",
        "yc(2)",
        "ys(3)",
        "yc(3)",
        "ys(4)",
        "yc(4)",
        "zc(0)",
        "zs(1)",
        "zc(1)",
        "zs(2)",
        "zc(2)",
        "zs(3)",
        "zc(3)",
        "zs(4)",
        "zc(4)"
      ],
      "free": {
        "@module": "numpy",
        "@class": "array",
        "dtype": "bool",
        "data": [
          true,
          true,
          true,
          true,
          true,
          true,
          true,
          true,
          true,
          true,
          true,
          true,
          true,
          true,
          true,
          true,
          true,
          true,
          true,
          true,
          true,
          true,
          true,
          true,
          true,
          true,
          true
        ]
      },
      "lower_bounds": {
        "@module": "numpy",
        "@class": "array",
        "dtype": "float64",
        "data": [
          -Infinity,
          -Infinity,
          -Infinity,
          -Infinity,
          -Infinity,
          -Infinity,
          -Infinity,
          -Infinity,
          -Infinity,
          -Infinity,
          -Infinity,
          -Infinity,
          -Infinity,
          -Infinity,
          -Infinity,
          -Infinity,
          -Infinity,
          -Infinity,
          -Infinity,
          -Infinity,
          -Infinity,
          -Infinity,
          -Infinity,
          -Infinity,
          -Infinity,
          -Infinity,
          -Infinity
        ]
      },
      "upper_bounds": {
        "@module": "numpy",
        "@class": "array",
        "dtype": "float64",
        "data": [
          Infinity,
          Infinity,
          Infinity,
          Infinity,
          Infinity,
          Infinity,
          Infinity,
          Infinity,
          Infinity,
          Infinity,
          Infinity,
          Infinity,
          Infinity,
          Infinity,
          Infinity,
          Infinity,
          Infinity,
          Infinity,
          Infinity,
          Infinity,
          Infinity,
          Infinity,
          Infinity,
          Infinity,
          Infinity,
          Infinity,
          Infinity
        ]
      }
    },
    "CurveXYZFourier2": {
      "@module": "simsopt.geo.curvexyzfourier",
      "@class": "CurveXYZFourier",
      "@name": "CurveXYZFourier2",
      "@version": "0.1.dev5270+gee055f063",
      "quadpoints": {
        "@module": "numpy",
        "@class": "array",
        "dtype": "float64",
        "data": [
          0.0,
          0.00390625,
          0.0078125,
          0.01171875,
          0.015625,
          0.01953125,
          0.0234375,
          0.02734375,
          0.03125,
          0.03515625,
          0.0390625,
          0.04296875,
          0.046875,
          0.05078125,
          0.0546875,
          0.05859375,
          0.0625,
          0.06640625,
          0.0703125,
          0.07421875,
          0.078125,
          0.08203125,
          0.0859375,
          0.08984375,
          0.09375,
          0.09765625,
          0.1015625,
          0.10546875,
          0.109375,
          0.11328125,
          0.1171875,
          0.12109375,
          0.125,
          0.12890625,
          0.1328125,
          0.13671875,
          0.140625,
          0.14453125,
          0.1484375,
          0.15234375,
          0.15625,
          0.16015625,
          0.1640625,
          0.16796875,
          0.171875,
          0.17578125,
          0.1796875,
          0.18359375,
          0.1875,
          0.19140625,
          0.1953125,
          0.19921875,
          0.203125,
          0.20703125,
          0.2109375,
          0.21484375,
          0.21875,
          0.22265625,
          0.2265625,
          0.23046875,
          0.234375,
          0.23828125,
          0.2421875,
          0.24609375,
          0.25,
          0.25390625,
          0.2578125,
          0.26171875,
          0.265625,
          0.26953125,
          0.2734375,
          0.27734375,
          0.28125,
          0.28515625,
          0.2890625,
          0.29296875,
          0.296875,
          0.30078125,
          0.3046875,
          0.30859375,
          0.3125,
          0.31640625,
          0.3203125,
          0.32421875,
          0.328125,
          0.33203125,
          0.3359375,
          0.33984375,
          0.34375,
          0.34765625,
          0.3515625,
          0.35546875,
          0.359375,
          0.36328125,
          0.3671875,
          0.37109375,
          0.375,
          0.37890625,
          0.3828125,
          0.38671875,
          0.390625,
          0.39453125,
          0.3984375,
          0.40234375,
          0.40625,
          0.41015625,
          0.4140625,
          0.41796875,
          0.421875,
          0.42578125,
          0.4296875,
          0.43359375,
          0.4375,
          0.44140625,
          0.4453125,
          0.44921875,
          0.453125,
          0.45703125,
          0.4609375,
          0.46484375,
          0.46875,
          0.47265625,
          0.4765625,
          0.48046875,
          0.484375,
          0.48828125,
          0.4921875,
          0.49609375,
          0.5,
          0.50390625,
          0.5078125,
          0.51171875,
          0.515625,
          0.51953125,
          0.5234375,
          0.52734375,
          0.53125,
          0.53515625,
          0.5390625,
          0.54296875,
          0.546875,
          0.55078125,
          0.5546875,
          0.55859375,
          0.5625,
          0.56640625,
          0.5703125,
          0.57421875,
          0.578125,
          0.58203125,
          0.5859375,
          0.58984375,
          0.59375,
          0.59765625,
          0.6015625,
          0.60546875,
          0.609375,
          0.61328125,
          0.6171875,
          0.62109375,
          0.625,
          0.62890625,
          0.6328125,
          0.63671875,
          0.640625,
          0.64453125,
          0.6484375,
          0.65234375,
          0.65625,
          0.66015625,
          0.6640625,
          0.66796875,
          0.671875,
          0.67578125,
          0.6796875,
          0.68359375,
          0.6875,
          0.69140625,
          0.6953125,
          0.69921875,
          0.703125,
          0.70703125,
          0.7109375,
          0.71484375,
          0.71875,
          0.72265625,
          0.7265625,
          0.73046875,
          0.734375,
          0.73828125,
          0.7421875,
          0.74609375,
          0.75,
          0.75390625,
          0.7578125,
          0.76171875,
          0.765625,
          0.76953125,
          0.7734375,
          0.77734375,
          0.78125,
          0.78515625,
          0.7890625,
          0.79296875,
          0.796875,
          0.80078125,
          0.8046875,
          0.80859375,
          0.8125,
          0.81640625,
          0.8203125,
          0.82421875,
          0.828125,
          0.83203125,
          0.8359375,
          0.83984375,
          0.84375,
          0.84765625,
          0.8515625,
          0.85546875,
          0.859375,
          0.86328125,
          0.8671875,
          0.87109375,
          0.875,
          0.87890625,
          0.8828125,
          0.88671875,
          0.890625,
          0.89453125,
          0.8984375,
          0.90234375,
          0.90625,
          0.91015625,
          0.9140625,
          0.91796875,
          0.921875,
          0.92578125,
          0.9296875,
          0.93359375,
          0.9375,
          0.94140625,
          0.9453125,
          0.94921875,
          0.953125,
          0.95703125,
          0.9609375,
          0.96484375,
          0.96875,
          0.97265625,
          0.9765625,
          0.98046875,
          0.984375,
          0.98828125,
          0.9921875,
          0.99609375
        ]
      },
      "order": 4,
      "dofs": {
        "$type": "ref",
        "value": "139629284630768"
      }
    },
    "139629256775376": {
      "@module": "simsopt._core.optimizable",
      "@class": "DOFs",
      "@name": "139629256775376",
      "@version": "0.1.dev5270+gee055f063",
      "x": {
        "@module": "numpy",
        "@class": "array",
        "dtype": "float64",
        "data": [
          0.10057763796741444
        ]
      },
      "names": [
        "x0"
      ],
      "free": {
        "@module": "numpy",
        "@class": "array",
        "dtype": "bool",
        "data": [
          true
        ]
      },
      "lower_bounds": {
        "@module": "numpy",
        "@class": "array",
        "dtype": "float64",
        "data": [
          -Infinity
        ]
      },
      "upper_bounds": {
        "@module": "numpy",
        "@class": "array",
        "dtype": "float64",
        "data": [
          Infinity
        ]
      }
    },
    "Current10": {
      "@module": "simsopt.field.coil",
      "@class": "Current",
      "@name": "Current10",
      "@version": "0.1.dev5270+gee055f063",
      "current": 0.10057763796741444,
      "dofs": {
        "$type": "ref",
        "value": "139629256775376"
      }
    },
    "ScaledCurrent34": {
      "@module": "simsopt.field.coil",
      "@class": "ScaledCurrent",
      "@name": "ScaledCurrent34",
      "@version": "0.1.dev5270+gee055f063",
      "current_to_scale": {
        "$type": "ref",
        "value": "Current10"
      },
      "scale": 10000000.0
    },
    "RegularizedCoil50": {
      "@module": "simsopt.field.coil",
      "@class": "RegularizedCoil",
      "@name": "RegularizedCoil50",
      "@version": "0.1.dev5270+gee055f063",
      "curve": {
        "$type": "ref",
        "value": "CurveXYZFourier2"
      },
      "current": {
        "$type": "ref",
        "value": "ScaledCurrent34"
      },
      "regularization": {
        "@module": "numpy",
        "@class": "array",
        "dtype": "float64",
        "data": 0.02426122638850534
      }
    },
    "139629284631536": {
      "@module": "simsopt._core.optimizable",
      "@class": "DOFs",
      "@name": "139629284631536",
      "@version": "0.1.dev5270+gee055f063",
      "x": {
        "@module": "numpy",
        "@class": "array",
        "dtype": "float64",
        "data": [
          3.9634341000061175,
          0.059355910212541996,
          -2.5563284009836704,
          0.1278324801601799,
          -0.022605098099620333,
          0.06341704058051759,
          0.04421863218983802,
          0.002479291163783266,
          0.020189924329877977,
          3.2591679432322422,
          0.02412551612947618,
          -1.64028348194255,
          -0.04214754509670194,
          0.1756471569652111,
          -0.028188763541483565,
          0.03354382366039916,
          -0.00819674076527311,
          -0.0013739247000776184,
          -0.16656934510024624,
          3.153501891257507,
          -0.061913519212350776,
          -0.013799523217259916,
          0.07099831886459915,
          -0.0298685412530943,
          0.05852477045366676,
          -0.021600797385140657,
          0.005631396113131125
        ]
      },
      "names": [
        "xc(0)",
        "xs(1)",
        "xc(1)",
        "xs(2)",
        "xc(2)",
        "xs(3)",
        "xc(3)",
        "xs(4)",
        "xc(4)",
        "yc(0)",
        "ys(1)",
        "yc(1)",
        "ys(2)",
        "yc(2)",
        "ys(3)",
        "yc(3)",
        "ys(4)",
        "yc(4)",
        "zc(0)",
        "zs(1)",
        "zc(1)",
        "zs(2)",
        "zc(2)",
        "zs(3)",
        "zc(3)",
        "zs(4)",
        "zc(4)"
      ],
      "free": {
        "@module": "numpy",
        "@class": "array",
        "dtype": "bool",
        "data": [
          true,
          true,
          true,
          true,
          true,
          true,
          true,
          true,
          true,
          true,
          true,
          true,
          true,
          true,
          true,
          true,
          true,
          true,
          true,
          true,
          true,
          true,
          true,
          true,
          true,
          true,
          true
        ]
      },
      "lower_bounds": {
        "@module": "numpy",
        "@class": "array",
        "dtype": "float64",
        "data": [
          -Infinity,
          -Infinity,
          -Infinity,
          -Infinity,
          -Infinity,
          -Infinity,
          -Infinity,
          -Infinity,
          -Infinity,
          -Infinity,
          -Infinity,
          -Infinity,
          -Infinity,
          -Infinity,
          -Infinity,
          -Infinity,
          -Infinity,
          -Infinity,
          -Infinity,
          -Infinity,
          -Infinity,
          -Infinity,
          -Infinity,
          -Infinity,
          -Infinity,
          -Infinity,
          -Infinity
        ]
      },
      "upper_bounds": {
        "@module": "numpy",
        "@class": "array",
        "dtype": "float64",
        "data": [
          Infinity,
          Infinity,
          Infinity,
          Infinity,
          Infinity,
          Infinity,
          Infinity,
          Infinity,
          Infinity,
          Infinity,
          Infinity,
          Infinity,
          Infinity,
          Infinity,
          Infinity,
          Infinity,
          Infinity,
          Infinity,
          Infinity,
          Infinity,
          Infinity,
          Infinity,
          Infinity,
          Infinity,
          Infinity,
          Infinity,
          Infinity
        ]
      }
    },
    "CurveXYZFourier3": {
      "@module": "simsopt.geo.curvexyzfourier",
      "@class": "CurveXYZFourier",
      "@name": "CurveXYZFourier3",
      "@version": "0.1.dev5270+gee055f063",
      "quadpoints": {
        "@module": "numpy",
        "@class": "array",
        "dtype": "float64",
        "data": [
          0.0,
          0.00390625,
          0.0078125,
          0.01171875,
          0.015625,
          0.01953125,
          0.0234375,
          0.02734375,
          0.03125,
          0.03515625,
          0.0390625,
          0.04296875,
          0.046875,
          0.05078125,
          0.0546875,
          0.05859375,
          0.0625,
          0.06640625,
          0.0703125,
          0.07421875,
          0.078125,
          0.08203125,
          0.0859375,
          0.08984375,
          0.09375,
          0.09765625,
          0.1015625,
          0.10546875,
          0.109375,
          0.11328125,
          0.1171875,
          0.12109375,
          0.125,
          0.12890625,
          0.1328125,
          0.13671875,
          0.140625,
          0.14453125,
          0.1484375,
          0.15234375,
          0.15625,
          0.16015625,
          0.1640625,
          0.16796875,
          0.171875,
          0.17578125,
          0.1796875,
          0.18359375,
          0.1875,
          0.19140625,
          0.1953125,
          0.19921875,
          0.203125,
          0.20703125,
          0.2109375,
          0.21484375,
          0.21875,
          0.22265625,
          0.2265625,
          0.23046875,
          0.234375,
          0.23828125,
          0.2421875,
          0.24609375,
          0.25,
          0.25390625,
          0.2578125,
          0.26171875,
          0.265625,
          0.26953125,
          0.2734375,
          0.27734375,
          0.28125,
          0.28515625,
          0.2890625,
          0.29296875,
          0.296875,
          0.30078125,
          0.3046875,
          0.30859375,
          0.3125,
          0.31640625,
          0.3203125,
          0.32421875,
          0.328125,
          0.33203125,
          0.3359375,
          0.33984375,
          0.34375,
          0.34765625,
          0.3515625,
          0.35546875,
          0.359375,
          0.36328125,
          0.3671875,
          0.37109375,
          0.375,
          0.37890625,
          0.3828125,
          0.38671875,
          0.390625,
          0.39453125,
          0.3984375,
          0.40234375,
          0.40625,
          0.41015625,
          0.4140625,
          0.41796875,
          0.421875,
          0.42578125,
          0.4296875,
          0.43359375,
          0.4375,
          0.44140625,
          0.4453125,
          0.44921875,
          0.453125,
          0.45703125,
          0.4609375,
          0.46484375,
          0.46875,
          0.47265625,
          0.4765625,
          0.48046875,
          0.484375,
          0.48828125,
          0.4921875,
          0.49609375,
          0.5,
          0.50390625,
          0.5078125,
          0.51171875,
          0.515625,
          0.51953125,
          0.5234375,
          0.52734375,
          0.53125,
          0.53515625,
          0.5390625,
          0.54296875,
          0.546875,
          0.55078125,
          0.5546875,
          0.55859375,
          0.5625,
          0.56640625,
          0.5703125,
          0.57421875,
          0.578125,
          0.58203125,
          0.5859375,
          0.58984375,
          0.59375,
          0.59765625,
          0.6015625,
          0.60546875,
          0.609375,
          0.61328125,
          0.6171875,
          0.62109375,
          0.625,
          0.62890625,
          0.6328125,
          0.63671875,
          0.640625,
          0.64453125,
          0.6484375,
          0.65234375,
          0.65625,
          0.66015625,
          0.6640625,
          0.66796875,
          0.671875,
          0.67578125,
          0.6796875,
          0.68359375,
          0.6875,
          0.69140625,
          0.6953125,
          0.69921875,
          0.703125,
          0.70703125,
          0.7109375,
          0.71484375,
          0.71875,
          0.72265625,
          0.7265625,
          0.73046875,
          0.734375,
          0.73828125,
          0.7421875,
          0.74609375,
          0.75,
          0.75390625,
          0.7578125,
          0.76171875,
          0.765625,
          0.76953125,
          0.7734375,
          0.77734375,
          0.78125,
          0.78515625,
          0.7890625,
          0.79296875,
          0.796875,
          0.80078125,
          0.8046875,
          0.80859375,
          0.8125,
          0.81640625,
          0.8203125,
          0.82421875,
          0.828125,
          0.83203125,
          0.8359375,
          0.83984375,
          0.84375,
          0.84765625,
          0.8515625,
          0.85546875,
          0.859375,
          0.86328125,
          0.8671875,
          0.87109375,
          0.875,
          0.87890625,
          0.8828125,
          0.88671875,
          0.890625,
          0.89453125,
          0.8984375,
          0.90234375,
          0.90625,
          0.91015625,
          0.9140625,
          0.91796875,
          0.921875,
          0.92578125,
          0.9296875,
          0.93359375,
          0.9375,
          0.94140625,
          0.9453125,
          0.94921875,
          0.953125,
          0.95703125,
          0.9609375,
          0.96484375,
          0.96875,
          0.97265625,
          0.9765625,
          0.98046875,
          0.984375,
          0.98828125,
          0.9921875,
          0.99609375
        ]
      },
      "order": 4,
      "dofs": {
        "$type": "ref",
        "value": "139629284631536"
      }
    },
    "139629256776528": {
      "@module": "simsopt._core.optimizable",
      "@class": "DOFs",
      "@name": "139629256776528",
      "@version": "0.1.dev5270+gee055f063",
      "x": {
        "@module": "numpy",
        "@class": "array",
        "dtype": "float64",
        "data": [
          0.1419505353763625
        ]
      },
      "names": [
        "x0"
      ],
      "free": {
        "@module": "numpy",
        "@class": "array",
        "dtype": "bool",
        "data": [
          true
        ]
      },
      "lower_bounds": {
        "@module": "numpy",
        "@class": "array",
        "dtype": "float64",
        "data": [
          -Infinity
        ]
      },
      "upper_bounds": {
        "@module": "numpy",
        "@class": "array",
        "dtype": "float64",
        "data": [
          Infinity
        ]
      }
    },
    "Current11": {
      "@module": "simsopt.field.coil",
      "@class": "Current",
      "@name": "Current11",
      "@version": "0.1.dev5270+gee055f063",
      "current": 0.1419505353763625,
      "dofs": {
        "$type": "ref",
        "value": "139629256776528"
      }
    },
    "ScaledCurrent35": {
      "@module": "simsopt.field.coil",
      "@class": "ScaledCurrent",
      "@name": "ScaledCurrent35",
      "@version": "0.1.dev5270+gee055f063",
      "current_to_scale": {
        "$type": "ref",
        "value": "Current11"
      },
      "scale": 10000000.0
    },
    "RegularizedCoil51": {
      "@module": "simsopt.field.coil",
      "@class": "RegularizedCoil",
      "@name": "RegularizedCoil51",
      "@version": "0.1.dev5270+gee055f063",
      "curve": {
        "$type": "ref",
        "value": "CurveXYZFourier3"
      },
      "current": {
        "$type": "ref",
        "value": "ScaledCurrent35"
      },
      "regularization": {
        "@module": "numpy",
        "@class": "array",
        "dtype": "float64",
        "data": 0.02426122638850534
      }
    },
    "139629284632304": {
      "@module": "simsopt._core.optimizable",
      "@class": "DOFs",
      "@name": "139629284632304",
      "@version": "0.1.dev5270+gee055f063",
      "x": {
        "@module": "numpy",
        "@class": "array",
        "dtype": "float64",
        "data": [
          3.1984827404159066,
          0.15481908378533513,
          -1.8794525887908418,
          0.18501565857900448,
          0.053959749965637516,
          0.012978839354685008,
          0.0698800928959282,
          -0.008783743156310257,
          0.008655819740703414,
          4.321890583547196,
          -0.09247585092050639,
          -2.201797850228828,
          -0.10732688289363053,
          0.17378414281621973,
          0.004796274915165145,
          0.04083907347168302,
          0.003024975987111083,
          0.0025216891168218405,
          -0.09591081903992942,
          3.1191318940334005,
          -0.02101458018175059,
          -0.1430453079008088,
          0.05791273366839653,
          -0.08054937742079377,
          0.020321735845024627,
          -0.00213374724616191,
          -0.013298495793576852
        ]
      },
      "names": [
        "xc(0)",
        "xs(1)",
        "xc(1)",
        "xs(2)",
        "xc(2)",
        "xs(3)",
        "xc(3)",
        "xs(4)",
        "xc(4)",
        "yc(0)",
        "ys(1)",
        "yc(1)",
        "ys(2)",
        "yc(2)",
        "ys(3)",
        "yc(3)",
        "ys(4)",
        "yc(4)",
        "zc(0)",
        "zs(1)",
        "zc(1)",
        "zs(2)",
        "zc(2)",
        "zs(3)",
        "zc(3)",
        "zs(4)",
        "zc(4)"
      ],
      "free": {
        "@module": "numpy",
        "@class": "array",
        "dtype": "bool",
        "data": [
          true,
          true,
          true,
          true,
          true,
          true,
          true,
          true,
          true,
          true,
          true,
          true,
          true,
          true,
          true,
          true,
          true,
          true,
          true,
          true,
          true,
          true,
          true,
          true,
          true,
          true,
          true
        ]
      },
      "lower_bounds": {
        "@module": "numpy",
        "@class": "array",
        "dtype": "float64",
        "data": [
          -Infinity,
          -Infinity,
          -Infinity,
          -Infinity,
          -Infinity,
          -Infinity,
          -Infinity,
          -Infinity,
          -Infinity,
          -Infinity,
          -Infinity,
          -Infinity,
          -Infinity,
          -Infinity,
          -Infinity,
          -Infinity,
          -Infinity,
          -Infinity,
          -Infinity,
          -Infinity,
          -Infinity,
          -Infinity,
          -Infinity,
          -Infinity,
          -Infinity,
          -Infinity,
          -Infinity
        ]
      },
      "upper_bounds": {
        "@module": "numpy",
        "@class": "array",
        "dtype": "float64",
        "data": [
          Infinity,
          Infinity,
          Infinity,
          Infinity,
          Infinity,
          Infinity,
          Infinity,
          Infinity,
          Infinity,
          Infinity,
          Infinity,
          Infinity,
          Infinity,
          Infinity,
          Infinity,
          Infinity,
          Infinity,
          Infinity,
          Infinity,
          Infinity,
          Infinity,
          Infinity,
          Infinity,
          Infinity,
          Infinity,
          Infinity,
          Infinity
        ]
      }
    },
    "CurveXYZFourier4": {
      "@module": "simsopt.geo.curvexyzfourier",
      "@class": "CurveXYZFourier",
      "@name": "CurveXYZFourier4",
      "@version": "0.1.dev5270+gee055f063",
      "quadpoints": {
        "@module": "numpy",
        "@class": "array",
        "dtype": "float64",
        "data": [
          0.0,
          0.00390625,
          0.0078125,
          0.01171875,
          0.015625,
          0.01953125,
          0.0234375,
          0.02734375,
          0.03125,
          0.03515625,
          0.0390625,
          0.04296875,
          0.046875,
          0.05078125,
          0.0546875,
          0.05859375,
          0.0625,
          0.06640625,
          0.0703125,
          0.07421875,
          0.078125,
          0.08203125,
          0.0859375,
          0.08984375,
          0.09375,
          0.09765625,
          0.1015625,
          0.10546875,
          0.109375,
          0.11328125,
          0.1171875,
          0.12109375,
          0.125,
          0.12890625,
          0.1328125,
          0.13671875,
          0.140625,
          0.14453125,
          0.1484375,
          0.15234375,
          0.15625,
          0.16015625,
          0.1640625,
          0.16796875,
          0.171875,
          0.17578125,
          0.1796875,
          0.18359375,
          0.1875,
          0.19140625,
          0.1953125,
          0.19921875,
          0.203125,
          0.20703125,
          0.2109375,
          0.21484375,
          0.21875,
          0.22265625,
          0.2265625,
          0.23046875,
          0.234375,
          0.23828125,
          0.2421875,
          0.24609375,
          0.25,
          0.25390625,
          0.2578125,
          0.26171875,
          0.265625,
          0.26953125,
          0.2734375,
          0.27734375,
          0.28125,
          0.28515625,
          0.2890625,
          0.29296875,
          0.296875,
          0.30078125,
          0.3046875,
          0.30859375,
          0.3125,
          0.31640625,
          0.3203125,
          0.32421875,
          0.328125,
          0.33203125,
          0.3359375,
          0.33984375,
          0.34375,
          0.34765625,
          0.3515625,
          0.35546875,
          0.359375,
          0.36328125,
          0.3671875,
          0.37109375,
          0.375,
          0.37890625,
          0.3828125,
          0.38671875,
          0.390625,
          0.39453125,
          0.3984375,
          0.40234375,
          0.40625,
          0.41015625,
          0.4140625,
          0.41796875,
          0.421875,
          0.42578125,
          0.4296875,
          0.43359375,
          0.4375,
          0.44140625,
          0.4453125,
          0.44921875,
          0.453125,
          0.45703125,
          0.4609375,
          0.46484375,
          0.46875,
          0.47265625,
          0.4765625,
          0.48046875,
          0.484375,
          0.48828125,
          0.4921875,
          0.49609375,
          0.5,
          0.50390625,
          0.5078125,
          0.51171875,
          0.515625,
          0.51953125,
          0.5234375,
          0.52734375,
          0.53125,
          0.53515625,
          0.5390625,
          0.54296875,
          0.546875,
          0.55078125,
          0.5546875,
          0.55859375,
          0.5625,
          0.56640625,
          0.5703125,
          0.57421875,
          0.578125,
          0.58203125,
          0.5859375,
          0.58984375,
          0.59375,
          0.59765625,
          0.6015625,
          0.60546875,
          0.609375,
          0.61328125,
          0.6171875,
          0.62109375,
          0.625,
          0.62890625,
          0.6328125,
          0.63671875,
          0.640625,
          0.64453125,
          0.6484375,
          0.65234375,
          0.65625,
          0.66015625,
          0.6640625,
          0.66796875,
          0.671875,
          0.67578125,
          0.6796875,
          0.68359375,
          0.6875,
          0.69140625,
          0.6953125,
          0.69921875,
          0.703125,
          0.70703125,
          0.7109375,
          0.71484375,
          0.71875,
          0.72265625,
          0.7265625,
          0.73046875,
          0.734375,
          0.73828125,
          0.7421875,
          0.74609375,
          0.75,
          0.75390625,
          0.7578125,
          0.76171875,
          0.765625,
          0.76953125,
          0.7734375,
          0.77734375,
          0.78125,
          0.78515625,
          0.7890625,
          0.79296875,
          0.796875,
          0.80078125,
          0.8046875,
          0.80859375,
          0.8125,
          0.81640625,
          0.8203125,
          0.82421875,
          0.828125,
          0.83203125,
          0.8359375,
          0.83984375,
          0.84375,
          0.84765625,
          0.8515625,
          0.85546875,
          0.859375,
          0.86328125,
          0.8671875,
          0.87109375,
          0.875,
          0.87890625,
          0.8828125,
          0.88671875,
          0.890625,
          0.89453125,
          0.8984375,
          0.90234375,
          0.90625,
          0.91015625,
          0.9140625,
          0.91796875,
          0.921875,
          0.92578125,
          0.9296875,
          0.93359375,
          0.9375,
          0.94140625,
          0.9453125,
          0.94921875,
          0.953125,
          0.95703125,
          0.9609375,
          0.96484375,
          0.96875,
          0.97265625,
          0.9765625,
          0.98046875,
          0.984375,
          0.98828125,
          0.9921875,
          0.99609375
        ]
      },
      "order": 4,
      "dofs": {
        "$type": "ref",
        "value": "139629284632304"
      }
    },
    "139629256777680": {
      "@module": "simsopt._core.optimizable",
      "@class": "DOFs",
      "@name": "139629256777680",
      "@version": "0.1.dev5270+gee055f063",
      "x": {
        "@module": "numpy",
        "@class": "array",
        "dtype": "float64",
        "data": [
          4166666.66665728
        ]
      },
      "names": [
        "x0"
      ],
      "free": {
        "@module": "numpy",
        "@class": "array",
        "dtype": "bool",
        "data": [
          false
        ]
      },
      "lower_bounds": {
        "@module": "numpy",
        "@class": "array",
        "dtype": "float64",
        "data": [
          -Infinity
        ]
      },
      "upper_bounds": {
        "@module": "numpy",
        "@class": "array",
        "dtype": "float64",
        "data": [
          Infinity
        ]
      }
    },
    "Current12": {
      "@module": "simsopt.field.coil",
      "@class": "Current",
      "@name": "Current12",
      "@version": "0.1.dev5270+gee055f063",
      "current": 4166666.66665728,
      "dofs": {
        "$type": "ref",
        "value": "139629256777680"
      }
    },
    "CurrentSum7": {
      "@module": "simsopt.field.coil",
      "@class": "CurrentSum",
      "@name": "CurrentSum7",
      "@version": "0.1.dev5270+gee055f063",
      "current_a": {
        "$type": "ref",
        "value": "ScaledCurrent33"
      },
      "current_b": {
        "$type": "ref",
        "value": "ScaledCurrent34"
      }
    },
    "CurrentSum8": {
      "@module": "simsopt.field.coil",
      "@class": "CurrentSum",
      "@name": "CurrentSum8",
      "@version": "0.1.dev5270+gee055f063",
      "current_a": {
        "$type": "ref",
        "value": "CurrentSum7"
      },
      "current_b": {
        "$type": "ref",
        "value": "ScaledCurrent35"
      }
    },
    "ScaledCurrent36": {
      "@module": "simsopt.field.coil",
      "@class": "ScaledCurrent",
      "@name": "ScaledCurrent36",
      "@version": "0.1.dev5270+gee055f063",
      "current_to_scale": {
        "$type": "ref",
        "value": "CurrentSum8"
      },
      "scale": -1.0
    },
    "CurrentSum9": {
      "@module": "simsopt.field.coil",
      "@class": "CurrentSum",
      "@name": "CurrentSum9",
      "@version": "0.1.dev5270+gee055f063",
      "current_a": {
        "$type": "ref",
        "value": "Current12"
      },
      "current_b": {
        "$type": "ref",
        "value": "ScaledCurrent36"
      }
    },
    "RegularizedCoil52": {
      "@module": "simsopt.field.coil",
      "@class": "RegularizedCoil",
      "@name": "RegularizedCoil52",
      "@version": "0.1.dev5270+gee055f063",
      "curve": {
        "$type": "ref",
        "value": "CurveXYZFourier4"
      },
      "current": {
        "$type": "ref",
        "value": "CurrentSum9"
      },
      "regularization": {
        "@module": "numpy",
        "@class": "array",
        "dtype": "float64",
        "data": 0.02426122638850534
      }
    },
    "RotatedCurve41": {
      "@module": "simsopt.geo.curve",
      "@class": "RotatedCurve",
      "@name": "RotatedCurve41",
      "@version": "0.1.dev5270+gee055f063",
      "curve": {
        "$type": "ref",
        "value": "CurveXYZFourier1"
      },
      "phi": 0.0,
      "flip": true
    },
    "ScaledCurrent37": {
      "@module": "simsopt.field.coil",
      "@class": "ScaledCurrent",
      "@name": "ScaledCurrent37",
      "@version": "0.1.dev5270+gee055f063",
      "current_to_scale": {
        "$type": "ref",
        "value": "ScaledCurrent33"
      },
      "scale": -1.0
    },
    "RegularizedCoil53": {
      "@module": "simsopt.field.coil",
      "@class": "RegularizedCoil",
      "@name": "RegularizedCoil53",
      "@version": "0.1.dev5270+gee055f063",
      "curve": {
        "$type": "ref",
        "value": "RotatedCurve41"
      },
      "current": {
        "$type": "ref",
        "value": "ScaledCurrent37"
      },
      "regularization": {
        "@module": "numpy",
        "@class": "array",
        "dtype": "float64",
        "data": 0.02426122638850534
      }
    },
    "RotatedCurve42": {
      "@module": "simsopt.geo.curve",
      "@class": "RotatedCurve",
      "@name": "RotatedCurve42",
      "@version": "0.1.dev5270+gee055f063",
      "curve": {
        "$type": "ref",
        "value": "CurveXYZFourier2"
      },
      "phi": 0.0,
      "flip": true
    },
    "ScaledCurrent38": {
      "@module": "simsopt.field.coil",
      "@class": "ScaledCurrent",
      "@name": "ScaledCurrent38",
      "@version": "0.1.dev5270+gee055f063",
      "current_to_scale": {
        "$type": "ref",
        "value": "ScaledCurrent34"
      },
      "scale": -1.0
    },
    "RegularizedCoil54": {
      "@module": "simsopt.field.coil",
      "@class": "RegularizedCoil",
      "@name": "RegularizedCoil54",
      "@version": "0.1.dev5270+gee055f063",
      "curve": {
        "$type": "ref",
        "value": "RotatedCurve42"
      },
      "current": {
        "$type": "ref",
        "value": "ScaledCurrent38"
      },
      "regularization": {
        "@module": "numpy",
        "@class": "array",
        "dtype": "float64",
        "data": 0.02426122638850534
      }
    },
    "RotatedCurve43": {
      "@module": "simsopt.geo.curve",
      "@class": "RotatedCurve",
      "@name": "RotatedCurve43",
      "@version": "0.1.dev5270+gee055f063",
      "curve": {
        "$type": "ref",
        "value": "CurveXYZFourier3"
      },
      "phi": 0.0,
      "flip": true
    },
    "ScaledCurrent39": {
      "@module": "simsopt.field.coil",
      "@class": "ScaledCurrent",
      "@name": "ScaledCurrent39",
      "@version": "0.1.dev5270+gee055f063",
      "current_to_scale": {
        "$type": "ref",
        "value": "ScaledCurrent35"
      },
      "scale": -1.0
    },
    "RegularizedCoil55": {
      "@module": "simsopt.field.coil",
      "@class": "RegularizedCoil",
      "@name": "RegularizedCoil55",
      "@version": "0.1.dev5270+gee055f063",
      "curve": {
        "$type": "ref",
        "value": "RotatedCurve43"
      },
      "current": {
        "$type": "ref",
        "value": "ScaledCurrent39"
      },
      "regularization": {
        "@module": "numpy",
        "@class": "array",
        "dtype": "float64",
        "data": 0.02426122638850534
      }
    },
    "RotatedCurve44": {
      "@module": "simsopt.geo.curve",
      "@class": "RotatedCurve",
      "@name": "RotatedCurve44",
      "@version": "0.1.dev5270+gee055f063",
      "curve": {
        "$type": "ref",
        "value": "CurveXYZFourier4"
      },
      "phi": 0.0,
      "flip": true
    },
    "ScaledCurrent40": {
      "@module": "simsopt.field.coil",
      "@class": "ScaledCurrent",
      "@name": "ScaledCurrent40",
      "@version": "0.1.dev5270+gee055f063",
      "current_to_scale": {
        "$type": "ref",
        "value": "CurrentSum9"
      },
      "scale": -1.0
    },
    "RegularizedCoil56": {
      "@module": "simsopt.field.coil",
      "@class": "RegularizedCoil",
      "@name": "RegularizedCoil56",
      "@version": "0.1.dev5270+gee055f063",
      "curve": {
        "$type": "ref",
        "value": "RotatedCurve44"
      },
      "current": {
        "$type": "ref",
        "value": "ScaledCurrent40"
      },
      "regularization": {
        "@module": "numpy",
        "@class": "array",
        "dtype": "float64",
        "data": 0.02426122638850534
      }
    },
    "RotatedCurve45": {
      "@module": "simsopt.geo.curve",
      "@class": "RotatedCurve",
      "@name": "RotatedCurve45",
      "@version": "0.1.dev5270+gee055f063",
      "curve": {
        "$type": "ref",
        "value": "CurveXYZFourier1"
      },
      "phi": 2.0943951023931953,
      "flip": false
    },
    "RegularizedCoil57": {
      "@module": "simsopt.field.coil",
      "@class": "RegularizedCoil",
      "@name": "RegularizedCoil57",
      "@version": "0.1.dev5270+gee055f063",
      "curve": {
        "$type": "ref",
        "value": "RotatedCurve45"
      },
      "current": {
        "$type": "ref",
        "value": "ScaledCurrent33"
      },
      "regularization": {
        "@module": "numpy",
        "@class": "array",
        "dtype": "float64",
        "data": 0.02426122638850534
      }
    },
    "RotatedCurve46": {
      "@module": "simsopt.geo.curve",
      "@class": "RotatedCurve",
      "@name": "RotatedCurve46",
      "@version": "0.1.dev5270+gee055f063",
      "curve": {
        "$type": "ref",
        "value": "CurveXYZFourier2"
      },
      "phi": 2.0943951023931953,
      "flip": false
    },
    "RegularizedCoil58": {
      "@module": "simsopt.field.coil",
      "@class": "RegularizedCoil",
      "@name": "RegularizedCoil58",
      "@version": "0.1.dev5270+gee055f063",
      "curve": {
        "$type": "ref",
        "value": "RotatedCurve46"
      },
      "current": {
        "$type": "ref",
        "value": "ScaledCurrent34"
      },
      "regularization": {
        "@module": "numpy",
        "@class": "array",
        "dtype": "float64",
        "data": 0.02426122638850534
      }
    },
    "RotatedCurve47": {
      "@module": "simsopt.geo.curve",
      "@class": "RotatedCurve",
      "@name": "RotatedCurve47",
      "@version": "0.1.dev5270+gee055f063",
      "curve": {
        "$type": "ref",
        "value": "CurveXYZFourier3"
      },
      "phi": 2.0943951023931953,
      "flip": false
    },
    "RegularizedCoil59": {
      "@module": "simsopt.field.coil",
      "@class": "RegularizedCoil",
      "@name": "RegularizedCoil59",
      "@version": "0.1.dev5270+gee055f063",
      "curve": {
        "$type": "ref",
        "value": "RotatedCurve47"
      },
      "current": {
        "$type": "ref",
        "value": "ScaledCurrent35"
      },
      "regularization": {
        "@module": "numpy",
        "@class": "array",
        "dtype": "float64",
        "data": 0.02426122638850534
      }
    },
    "RotatedCurve48": {
      "@module": "simsopt.geo.curve",
      "@class": "RotatedCurve",
      "@name": "RotatedCurve48",
      "@version": "0.1.dev5270+gee055f063",
      "curve": {
        "$type": "ref",
        "value": "CurveXYZFourier4"
      },
      "phi": 2.0943951023931953,
      "flip": false
    },
    "RegularizedCoil60": {
      "@module": "simsopt.field.coil",
      "@class": "RegularizedCoil",
      "@name": "RegularizedCoil60",
      "@version": "0.1.dev5270+gee055f063",
      "curve": {
        "$type": "ref",
        "value": "RotatedCurve48"
      },
      "current": {
        "$type": "ref",
        "value": "CurrentSum9"
      },
      "regularization": {
        "@module": "numpy",
        "@class": "array",
        "dtype": "float64",
        "data": 0.02426122638850534
      }
    },
    "RotatedCurve49": {
      "@module": "simsopt.geo.curve",
      "@class": "RotatedCurve",
      "@name": "RotatedCurve49",
      "@version": "0.1.dev5270+gee055f063",
      "curve": {
        "$type": "ref",
        "value": "CurveXYZFourier1"
      },
      "phi": 2.0943951023931953,
      "flip": true
    },
    "ScaledCurrent41": {
      "@module": "simsopt.field.coil",
      "@class": "ScaledCurrent",
      "@name": "ScaledCurrent41",
      "@version": "0.1.dev5270+gee055f063",
      "current_to_scale": {
        "$type": "ref",
        "value": "ScaledCurrent33"
      },
      "scale": -1.0
    },
    "RegularizedCoil61": {
      "@module": "simsopt.field.coil",
      "@class": "RegularizedCoil",
      "@name": "RegularizedCoil61",
      "@version": "0.1.dev5270+gee055f063",
      "curve": {
        "$type": "ref",
        "value": "RotatedCurve49"
      },
      "current": {
        "$type": "ref",
        "value": "ScaledCurrent41"
      },
      "regularization": {
        "@module": "numpy",
        "@class": "array",
        "dtype": "float64",
        "data": 0.02426122638850534
      }
    },
    "RotatedCurve50": {
      "@module": "simsopt.geo.curve",
      "@class": "RotatedCurve",
      "@name": "RotatedCurve50",
      "@version": "0.1.dev5270+gee055f063",
      "curve": {
        "$type": "ref",
        "value": "CurveXYZFourier2"
      },
      "phi": 2.0943951023931953,
      "flip": true
    },
    "ScaledCurrent42": {
      "@module": "simsopt.field.coil",
      "@class": "ScaledCurrent",
      "@name": "ScaledCurrent42",
      "@version": "0.1.dev5270+gee055f063",
      "current_to_scale": {
        "$type": "ref",
        "value": "ScaledCurrent34"
      },
      "scale": -1.0
    },
    "RegularizedCoil62": {
      "@module": "simsopt.field.coil",
      "@class": "RegularizedCoil",
      "@name": "RegularizedCoil62",
      "@version": "0.1.dev5270+gee055f063",
      "curve": {
        "$type": "ref",
        "value": "RotatedCurve50"
      },
      "current": {
        "$type": "ref",
        "value": "ScaledCurrent42"
      },
      "regularization": {
        "@module": "numpy",
        "@class": "array",
        "dtype": "float64",
        "data": 0.02426122638850534
      }
    },
    "RotatedCurve51": {
      "@module": "simsopt.geo.curve",
      "@class": "RotatedCurve",
      "@name": "RotatedCurve51",
      "@version": "0.1.dev5270+gee055f063",
      "curve": {
        "$type": "ref",
        "value": "CurveXYZFourier3"
      },
      "phi": 2.0943951023931953,
      "flip": true
    },
    "ScaledCurrent43": {
      "@module": "simsopt.field.coil",
      "@class": "ScaledCurrent",
      "@name": "ScaledCurrent43",
      "@version": "0.1.dev5270+gee055f063",
      "current_to_scale": {
        "$type": "ref",
        "value": "ScaledCurrent35"
      },
      "scale": -1.0
    },
    "RegularizedCoil63": {
      "@module": "simsopt.field.coil",
      "@class": "RegularizedCoil",
      "@name": "RegularizedCoil63",
      "@version": "0.1.dev5270+gee055f063",
      "curve": {
        "$type": "ref",
        "value": "RotatedCurve51"
      },
      "current": {
        "$type": "ref",
        "value": "ScaledCurrent43"
      },
      "regularization": {
        "@module": "numpy",
        "@class": "array",
        "dtype": "float64",
        "data": 0.02426122638850534
      }
    },
    "RotatedCurve52": {
      "@module": "simsopt.geo.curve",
      "@class": "RotatedCurve",
      "@name": "RotatedCurve52",
      "@version": "0.1.dev5270+gee055f063",
      "curve": {
        "$type": "ref",
        "value": "CurveXYZFourier4"
      },
      "phi": 2.0943951023931953,
      "flip": true
    },
    "ScaledCurrent44": {
      "@module": "simsopt.field.coil",
      "@class": "ScaledCurrent",
      "@name": "ScaledCurrent44",
      "@version": "0.1.dev5270+gee055f063",
      "current_to_scale": {
        "$type": "ref",
        "value": "CurrentSum9"
      },
      "scale": -1.0
    },
    "RegularizedCoil64": {
      "@module": "simsopt.field.coil",
      "@class": "RegularizedCoil",
      "@name": "RegularizedCoil64",
      "@version": "0.1.dev5270+gee055f063",
      "curve": {
        "$type": "ref",
        "value": "RotatedCurve52"
      },
      "current": {
        "$type": "ref",
        "value": "ScaledCurrent44"
      },
      "regularization": {
        "@module": "numpy",
        "@class": "array",
        "dtype": "float64",
        "data": 0.02426122638850534
      }
    },
    "RotatedCurve53": {
      "@module": "simsopt.geo.curve",
      "@class": "RotatedCurve",
      "@name": "RotatedCurve53",
      "@version": "0.1.dev5270+gee055f063",
      "curve": {
        "$type": "ref",
        "value": "CurveXYZFourier1"
      },
      "phi": 4.1887902047863905,
      "flip": false
    },
    "RegularizedCoil65": {
      "@module": "simsopt.field.coil",
      "@class": "RegularizedCoil",
      "@name": "RegularizedCoil65",
      "@version": "0.1.dev5270+gee055f063",
      "curve": {
        "$type": "ref",
        "value": "RotatedCurve53"
      },
      "current": {
        "$type": "ref",
        "value": "ScaledCurrent33"
      },
      "regularization": {
        "@module": "numpy",
        "@class": "array",
        "dtype": "float64",
        "data": 0.02426122638850534
      }
    },
    "RotatedCurve54": {
      "@module": "simsopt.geo.curve",
      "@class": "RotatedCurve",
      "@name": "RotatedCurve54",
      "@version": "0.1.dev5270+gee055f063",
      "curve": {
        "$type": "ref",
        "value": "CurveXYZFourier2"
      },
      "phi": 4.1887902047863905,
      "flip": false
    },
    "RegularizedCoil66": {
      "@module": "simsopt.field.coil",
      "@class": "RegularizedCoil",
      "@name": "RegularizedCoil66",
      "@version": "0.1.dev5270+gee055f063",
      "curve": {
        "$type": "ref",
        "value": "RotatedCurve54"
      },
      "current": {
        "$type": "ref",
        "value": "ScaledCurrent34"
      },
      "regularization": {
        "@module": "numpy",
        "@class": "array",
        "dtype": "float64",
        "data": 0.02426122638850534
      }
    },
    "RotatedCurve55": {
      "@module": "simsopt.geo.curve",
      "@class": "RotatedCurve",
      "@name": "RotatedCurve55",
      "@version": "0.1.dev5270+gee055f063",
      "curve": {
        "$type": "ref",
        "value": "CurveXYZFourier3"
      },
      "phi": 4.1887902047863905,
      "flip": false
    },
    "RegularizedCoil67": {
      "@module": "simsopt.field.coil",
      "@class": "RegularizedCoil",
      "@name": "RegularizedCoil67",
      "@version": "0.1.dev5270+gee055f063",
      "curve": {
        "$type": "ref",
        "value": "RotatedCurve55"
      },
      "current": {
        "$type": "ref",
        "value": "ScaledCurrent35"
      },
      "regularization": {
        "@module": "numpy",
        "@class": "array",
        "dtype": "float64",
        "data": 0.02426122638850534
      }
    },
    "RotatedCurve56": {
      "@module": "simsopt.geo.curve",
      "@class": "RotatedCurve",
      "@name": "RotatedCurve56",
      "@version": "0.1.dev5270+gee055f063",
      "curve": {
        "$type": "ref",
        "value": "CurveXYZFourier4"
      },
      "phi": 4.1887902047863905,
      "flip": false
    },
    "RegularizedCoil68": {
      "@module": "simsopt.field.coil",
      "@class": "RegularizedCoil",
      "@name": "RegularizedCoil68",
      "@version": "0.1.dev5270+gee055f063",
      "curve": {
        "$type": "ref",
        "value": "RotatedCurve56"
      },
      "current": {
        "$type": "ref",
        "value": "CurrentSum9"
      },
      "regularization": {
        "@module": "numpy",
        "@class": "array",
        "dtype": "float64",
        "data": 0.02426122638850534
      }
    },
    "RotatedCurve57": {
      "@module": "simsopt.geo.curve",
      "@class": "RotatedCurve",
      "@name": "RotatedCurve57",
      "@version": "0.1.dev5270+gee055f063",
      "curve": {
        "$type": "ref",
        "value": "CurveXYZFourier1"
      },
      "phi": 4.1887902047863905,
      "flip": true
    },
    "ScaledCurrent45": {
      "@module": "simsopt.field.coil",
      "@class": "ScaledCurrent",
      "@name": "ScaledCurrent45",
      "@version": "0.1.dev5270+gee055f063",
      "current_to_scale": {
        "$type": "ref",
        "value": "ScaledCurrent33"
      },
      "scale": -1.0
    },
    "RegularizedCoil69": {
      "@module": "simsopt.field.coil",
      "@class": "RegularizedCoil",
      "@name": "RegularizedCoil69",
      "@version": "0.1.dev5270+gee055f063",
      "curve": {
        "$type": "ref",
        "value": "RotatedCurve57"
      },
      "current": {
        "$type": "ref",
        "value": "ScaledCurrent45"
      },
      "regularization": {
        "@module": "numpy",
        "@class": "array",
        "dtype": "float64",
        "data": 0.02426122638850534
      }
    },
    "RotatedCurve58": {
      "@module": "simsopt.geo.curve",
      "@class": "RotatedCurve",
      "@name": "RotatedCurve58",
      "@version": "0.1.dev5270+gee055f063",
      "curve": {
        "$type": "ref",
        "value": "CurveXYZFourier2"
      },
      "phi": 4.1887902047863905,
      "flip": true
    },
    "ScaledCurrent46": {
      "@module": "simsopt.field.coil",
      "@class": "ScaledCurrent",
      "@name": "ScaledCurrent46",
      "@version": "0.1.dev5270+gee055f063",
      "current_to_scale": {
        "$type": "ref",
        "value": "ScaledCurrent34"
      },
      "scale": -1.0
    },
    "RegularizedCoil70": {
      "@module": "simsopt.field.coil",
      "@class": "RegularizedCoil",
      "@name": "RegularizedCoil70",
      "@version": "0.1.dev5270+gee055f063",
      "curve": {
        "$type": "ref",
        "value": "RotatedCurve58"
      },
      "current": {
        "$type": "ref",
        "value": "ScaledCurrent46"
      },
      "regularization": {
        "@module": "numpy",
        "@class": "array",
        "dtype": "float64",
        "data": 0.02426122638850534
      }
    },
    "RotatedCurve59": {
      "@module": "simsopt.geo.curve",
      "@class": "RotatedCurve",
      "@name": "RotatedCurve59",
      "@version": "0.1.dev5270+gee055f063",
      "curve": {
        "$type": "ref",
        "value": "CurveXYZFourier3"
      },
      "phi": 4.1887902047863905,
      "flip": true
    },
    "ScaledCurrent47": {
      "@module": "simsopt.field.coil",
      "@class": "ScaledCurrent",
      "@name": "ScaledCurrent47",
      "@version": "0.1.dev5270+gee055f063",
      "current_to_scale": {
        "$type": "ref",
        "value": "ScaledCurrent35"
      },
      "scale": -1.0
    },
    "RegularizedCoil71": {
      "@module": "simsopt.field.coil",
      "@class": "RegularizedCoil",
      "@name": "RegularizedCoil71",
      "@version": "0.1.dev5270+gee055f063",
      "curve": {
        "$type": "ref",
        "value": "RotatedCurve59"
      },
      "current": {
        "$type": "ref",
        "value": "ScaledCurrent47"
      },
      "regularization": {
        "@module": "numpy",
        "@class": "array",
        "dtype": "float64",
        "data": 0.02426122638850534
      }
    },
    "RotatedCurve60": {
      "@module": "simsopt.geo.curve",
      "@class": "RotatedCurve",
      "@name": "RotatedCurve60",
      "@version": "0.1.dev5270+gee055f063",
      "curve": {
        "$type": "ref",
        "value": "CurveXYZFourier4"
      },
      "phi": 4.1887902047863905,
      "flip": true
    },
    "ScaledCurrent48": {
      "@module": "simsopt.field.coil",
      "@class": "ScaledCurrent",
      "@name": "ScaledCurrent48",
      "@version": "0.1.dev5270+gee055f063",
      "current_to_scale": {
        "$type": "ref",
        "value": "CurrentSum9"
      },
      "scale": -1.0
    },
    "RegularizedCoil72": {
      "@module": "simsopt.field.coil",
      "@class": "RegularizedCoil",
      "@name": "RegularizedCoil72",
      "@version": "0.1.dev5270+gee055f063",
      "curve": {
        "$type": "ref",
        "value": "RotatedCurve60"
      },
      "current": {
        "$type": "ref",
        "value": "ScaledCurrent48"
      },
      "regularization": {
        "@module": "numpy",
        "@class": "array",
        "dtype": "float64",
        "data": 0.02426122638850534
      }
    },
    "BiotSavart5": {
      "@module": "simsopt.field.biotsavart",
      "@class": "BiotSavart",
      "@name": "BiotSavart5",
      "@version": "0.1.dev5270+gee055f063",
      "coils": [
        {
          "$type": "ref",
          "value": "RegularizedCoil49"
        },
        {
          "$type": "ref",
          "value": "RegularizedCoil50"
        },
        {
          "$type": "ref",
          "value": "RegularizedCoil51"
        },
        {
          "$type": "ref",
          "value": "RegularizedCoil52"
        },
        {
          "$type": "ref",
          "value": "RegularizedCoil53"
        },
        {
          "$type": "ref",
          "value": "RegularizedCoil54"
        },
        {
          "$type": "ref",
          "value": "RegularizedCoil55"
        },
        {
          "$type": "ref",
          "value": "RegularizedCoil56"
        },
        {
          "$type": "ref",
          "value": "RegularizedCoil57"
        },
        {
          "$type": "ref",
          "value": "RegularizedCoil58"
        },
        {
          "$type": "ref",
          "value": "RegularizedCoil59"
        },
        {
          "$type": "ref",
          "value": "RegularizedCoil60"
        },
        {
          "$type": "ref",
          "value": "RegularizedCoil61"
        },
        {
          "$type": "ref",
          "value": "RegularizedCoil62"
        },
        {
          "$type": "ref",
          "value": "RegularizedCoil63"
        },
        {
          "$type": "ref",
          "value": "RegularizedCoil64"
        },
        {
          "$type": "ref",
          "value": "RegularizedCoil65"
        },
        {
          "$type": "ref",
          "value": "RegularizedCoil66"
        },
        {
          "$type": "ref",
          "value": "RegularizedCoil67"
        },
        {
          "$type": "ref",
          "value": "RegularizedCoil68"
        },
        {
          "$type": "ref",
          "value": "RegularizedCoil69"
        },
        {
          "$type": "ref",
          "value": "RegularizedCoil70"
        },
        {
          "$type": "ref",
          "value": "RegularizedCoil71"
        },
        {
          "$type": "ref",
          "value": "RegularizedCoil72"
        }
      ],
      "points": {
        "@module": "numpy",
        "@class": "array",
        "dtype": "float64",
        "data": [
          [
            2.503474163861073,
            0.08195525838126223,
            -0.0980171403295606
          ],
          [
            2.636705688523805,
            0.08631680689887244,
            -0.4778913800851838
          ],
          [
            3.053606423245642,
            0.09996472383234323,
            -0.7924720998627787
          ],
          [
            3.6907070103797537,
            0.12082123754722875,
            -0.9938672367575329
          ],
          [
            4.451014660866177,
            0.1457111328952053,
            -1.0514162068286819
          ],
          [
            5.218779427124367,
            0.1708451489370066,
            -0.9563577010656059
          ],
          [
            5.877116083296452,
            0.19239685957069125,
            -0.7231635152632332
          ],
          [
            6.325798841316883,
            0.20708521221902415,
            -0.3873353502994161
          ],
          [
            6.496519818596377,
            0.21267403834154489,
            -1.3877787807814457e-17
          ],
          [
            6.363288293933645,
            0.2083124898239347,
            0.3798742397556231
          ],
          [
            5.946387559211809,
            0.1946645728904639,
            0.694454959533218
          ],
          [
            5.3092869720776985,
            0.17380805917557846,
            0.8958500964279721
          ],
          [
            4.5489793215912755,
            0.1489181638276019,
            0.9533990664991213
          ],
          [
            3.781214555333084,
            0.12378414778580052,
            0.8583405607360453
          ],
          [
            3.1228778991609984,
            0.10223243715211587,
            0.6251463749336732
          ],
          [
            2.6741951411405678,
            0.087544084503783,
            0.28931820996985647
          ],
          [
            2.5308141368954296,
            0.24926343597898126,
            -0.2902846772544623
          ],
          [
            2.6254149099711235,
            0.258580798877879,
            -0.6701589170100855
          ],
          [
            3.005367340784109,
            0.2960028469976158,
            -0.9701041419940533
          ],
          [
            3.6128271160204712,
            0.35583241274367267,
            -1.1444564107127926
          ],
          [
            4.35531399153705,
            0.42896098708757663,
            -1.1666721707611267
          ],
          [
            5.1197910711967305,
            0.5042554074976452,
            -1.0333692740580627
          ],
          [
            5.789873649623313,
            0.5702527810120664,
            -0.764841878232875
          ],
          [
            6.26354772856505,
            0.6169056057809503,
            -0.40197084509304326
          ],
          [
            6.468700723369279,
            0.6371114121421438,
            -1.3877787807814457e-16
          ],
          [
            6.3740999502935844,
            0.627794049243246,
            0.37987423975562284
          ],
          [
            5.9941475194806,
            0.5903720011235093,
            0.6798194647395912
          ],
          [
            5.386687744244238,
            0.5305424353774525,
            0.8541717334583303
          ],
          [
            4.644200868727658,
            0.4574138610335484,
            0.8763874935066647
          ],
          [
            3.8797237890679765,
            0.38211944062347974,
            0.7430845968036006
          ],
          [
            3.209641210641395,
            0.3161220671090586,
            0.47455720097841275
          ],
          [
            2.735967131699659,
            0.26946924234017483,
            0.11168616783858154
          ],
          [
            2.583109927403906,
            0.42647317502828097,
            -0.4713967368259976
          ],
          [
            2.6398902349929574,
            0.4358476417513918,
            -0.8587320871254135
          ],
          [
            2.979573106156622,
            0.49192951075395663,
            -1.1512162015655887
          ],
          [
            3.5504449029931267,
            0.5861808258637434,
            -1.304321025098106
          ],
          [
            4.265595569399839,
            0.7042526787455862,
            -1.2947377362388213
          ],
          [
            5.016149899273271,
            0.828169700122236,
            -1.1239253038438304
          ],
          [
            5.6878427996821355,
            0.939066646799694,
            -0.8178883723267156
          ],
          [
            6.178415115450488,
            1.0200604639296422,
            -0.42321829027926494
          ],
          [
            6.413181658551713,
            1.0588205770648267,
            5.551115123125783e-17
          ],
          [
            6.356401350962662,
            1.0494461103417156,
            0.3873353502994158
          ],
          [
            6.016718479798997,
            0.993364241339151,
            0.6798194647395912
          ],
          [
            5.445846682962493,
            0.8991129262293643,
            0.8329242882721084
          ],
          [
            4.730696016555781,
            0.7810410733475215,
            0.8233409994128238
          ],
          [
            3.980141686682347,
            0.6571240519708714,
            0.6525285670178328
          ],
          [
            3.308448786273484,
            0.5462271052934136,
            0.3464916355007181
          ],
          [
            2.8178764705051313,
            0.4652332881634654,
            -0.04817844654673209
          ],
          [
            2.655752342199963,
            0.6192345955841894,
            -0.6343932841636456
          ],
          [
            2.677387759488185,
            0.6242792673564334,
            -1.0363641292566885
          ],
          [
            2.9754300819013766,
            0.6937729901158461,
            -1.3288482436968638
          ],
          [
            3.5045050676125116,
            0.8171359745344728,
            -1.4673175724357541
          ],
          [
            4.184065846123757,
            0.9755873245228158,
            -1.4306914154004544
          ],
          [
            4.910655449140573,
            1.1450042584102142,
            -1.224545772982649
          ],
          [
            5.573657196154803,
            1.299594583780642,
            -0.8802644505255458
          ],
          [
            6.072135081309334,
            1.4158233249612404,
            -0.45026115845528036
          ],
          [
            6.330200365302669,
            1.475995709723426,
            5.551115123125783e-17
          ],
          [
            6.308564948014448,
            1.4709510379511823,
            0.4019708450930428
          ],
          [
            6.010522625601254,
            1.401457315191769,
            0.6944549595332183
          ],
          [
            5.4814476398901215,
            1.2780943307731427,
            0.8329242882721085
          ],
          [
            4.8018868613788745,
            1.1196429807847994,
            0.7962981312368087
          ],
          [
            4.075297258362058,
            0.9502260468974009,
            0.5901524888190026
          ],
          [
            3.412295511347829,
            0.7956357215269735,
            0.2458711663619001
          ],
          [
            2.9138176261932984,
            0.6794069803463749,
            -0.18413212570836518
          ],
          [
            2.7422146527289137,
            0.831841720644776,
            -0.7730104533627369
          ],
          [
            2.7330440170704913,
            0.8290598387312222,
            -1.1962287436420023
          ],
          [
            2.990008713384742,
            0.9070092271623182,
            -1.49617396862597
          ],
          [
            3.4739881960485954,
            1.0538227981623953,
            -1.6271821868210672
          ],
          [
            4.111300976111414,
            1.2471495164150268,
            -1.5693085845995456
          ],
          [
            4.804921960063371,
            1.4575571415773148,
            -1.331363893274121
          ],
          [
            5.449253640787661,
            1.653013020068173,
            -0.9495730351250914
          ],
          [
            5.946202360775236,
            1.8037607661993178,
            -0.4820602073628988
          ],
          [
            6.220112182259357,
            1.8868504021540051,
            -7.216449660063518e-16
          ],
          [
            6.22928281791778,
            1.889632284067559,
            0.42321829027926494
          ],
          [
            5.9723181216035295,
            1.8116828956364632,
            0.723163515263233
          ],
          [
            5.488338638939679,
            1.6648693246363866,
            0.8541717334583303
          ],
          [
            4.851025858876858,
            1.4715426063837547,
            0.796298131236809
          ],
          [
            4.1574048749249,
            1.2611349812214665,
            0.558353439911384
          ],
          [
            3.513073194200612,
            1.0656791027306087,
            0.1765625817623549
          ],
          [
            3.016124474213036,
            0.9149313565994637,
            -0.29095024599983704
          ],
          [
            2.8344877438011253,
            1.0668256445874464,
            -0.8819212643483549
          ],
          [
            2.800209106357444,
            1.0539240790165916,
            -1.3321824228036347
          ],
          [
            3.018456926935234,
            1.1360667421404305,
            -1.64676314258123
          ],
          [
            3.456004953272947,
            1.3007481581234541,
            -1.777771360776327
          ],
          [
            4.046240464743401,
            1.5228970742230006,
            -1.7052622637611785
          ],
          [
            4.699305455223457,
            1.768693331747853,
            -1.440274704259739
          ],
          [
            5.315776699961405,
            2.000716678638476,
            -1.0231506360878944
          ],
          [
            5.801802040271642,
            2.1836436636276484,
            -0.5173934173857138
          ],
          [
            6.0833885239226175,
            2.2896253114880176,
            -1.1102230246251565e-16
          ],
          [
            6.117667161366299,
            2.3025268770588725,
            0.45026115845528014
          ],
          [
            5.899419340788509,
            2.220384213935034,
            0.7648418782328749
          ],
          [
            5.461871314450796,
            2.05570279795201,
            0.8958500964279722
          ],
          [
            4.871635802980341,
            1.8335538818524635,
            0.8233409994128237
          ],
          [
            4.2185708125002845,
            1.5877576243276106,
            0.5583534399113839
          ],
          [
            3.602099567762338,
            1.3557342774369883,
            0.14122937173953948
          ],
          [
            3.1160742274521005,
            1.172807292447816,
            -0.3645278469626404
          ],
          [
            2.923613575784107,
            1.324672077367965,
            -0.9569403357322088
          ],
          [
            2.870898605102645,
            1.3007872348910396,
            -1.4390005430951076
          ],
          [
            3.054342149815125,
            1.3839044236559233,
            -1.7748287080589245
          ],
          [
            3.4460165931589435,
            1.5613698051323537,
            -1.9132980367978147
          ],
          [
            3.9862930516726776,
            1.8061658837182348,
            -1.833327829238873
          ],
          [
            4.592919332165902,
            2.081024675530844,
            -1.547092824551212
          ],
          [
            5.173542082514449,
            2.3441014211178635,
            -1.0981697074717482
          ],
          [
            5.639766752336092,
            2.555345070760307,
            -0.5549029530776411
          ],
          [
            5.920614861987643,
            2.6825956937285653,
            1.1102230246251565e-16
          ],
          [
            5.973329832669104,
            2.7064805362054902,
            0.48206020736289834
          ],
          [
            5.789886287956625,
            2.623363347440607,
            0.8178883723267157
          ],
          [
            5.398211844612805,
            2.445897965964176,
            0.956357701065606
          ],
          [
            4.857935386099072,
            2.2011018873782953,
            0.8763874935066645
          ],
          [
            4.251309105605847,
            1.926243095565686,
            0.5901524888190024
          ],
          [
            3.6706863552573004,
            1.6631663499786669,
            0.1412293717395393
          ],
          [
            3.204461685435657,
            1.4519227003362232,
            -0.4020373826545674
          ],
          [
            3.000281024891986,
            1.6036836187866204,
            -0.9951847266721968
          ],
          [
            2.9363337103756284,
            1.5695030670634795,
            -1.5125781440579105
          ],
          [
            3.0900986836460627,
            1.6516921575957024,
            -1.875449177197742
          ],
          [
            3.43816662140582,
            1.8377383463957198,
            -2.028554000730259
          ],
          [
            3.927547335374689,
            2.0993177877316294,
            -1.948583793171318
          ],
          [
            4.483737048098128,
            2.396607382883579,
            -1.6477132936900292
          ],
          [
            5.0220609176862965,
            2.6843474859265766,
            -1.1717473084345515
          ],
          [
            5.460564014912424,
            2.918732274542854,
            -0.5931473440176283
          ],
          [
            5.732488218264307,
            3.0640787893689834,
            -4.996003610813204e-16
          ],
          [
            5.796435532780665,
            3.0982593410921244,
            0.5173934173857138
          ],
          [
            5.642670559510231,
            3.0160702505599017,
            0.8802644505255451
          ],
          [
            5.294602621750475,
            2.830024061759885,
            1.0333692740580624
          ],
          [
            4.805221907781605,
            2.5684446204239753,
            0.9533990664991213
          ],
          [
            4.249032195058165,
            2.2711550252720247,
            0.6525285670178327
          ],
          [
            3.710708325469997,
            1.9834149222290274,
            0.1765625817623549
          ],
          [
            3.2722052282438705,
            1.74903013361275,
            -0.40203738265456673
          ],
          [
            3.0554440047378852,
            1.8999971778970137,
            -0.9951847266721969
          ],
          [
            2.9875331300216987,
            1.8577674822752999,
            -1.5500876797498373
          ],
          [
            3.1175500801677543,
            1.93861721736232,
            -1.944757761797288
          ],
          [
            3.4257009531229037,
            2.1302377438957496,
            -2.119110030516027
          ],
          [
            3.8650725718743435,
            2.4034565737552724,
            -2.0466009335008786
          ],
          [
            4.368774590380809,
            2.7166786168296353,
            -1.738269323475797
          ],
          [
            4.860122942394861,
            3.0222186564256592,
            -1.2410558930340971
          ],
          [
            5.264314295406261,
            3.273560991242204,
            -0.6306568797095564
          ],
          [
            5.519814179922763,
            3.432441029227391,
            -1.6653345369377348e-16
          ],
          [
            5.587725054638949,
            3.4746707248491053,
            0.554902953077641
          ],
          [
            5.457708104492894,
            3.393820989762085,
            0.9495730351250912
          ],
          [
            5.149557231537745,
            3.202200463228656,
            1.1239253038438302
          ],
          [
            4.710185612786304,
            2.928981633369133,
            1.0514162068286816
          ],
          [
            4.206483594279838,
            2.6157595902947692,
            0.7430845968036001
          ],
          [
            3.715135242265787,
            2.3102195506987457,
            0.24587116636190037
          ],
          [
            3.3109438892543874,
            2.058877215882201,
            -0.3645278469626403
          ],
          [
            3.08092033356469,
            2.2077562892805,
            -0.956940335732209
          ],
          [
            3.015916815484301,
            2.1611754269635277,
            -1.5500876797498377
          ],
          [
            3.128471150267335,
            2.241830722654187,
            -1.9800909718201034
          ],
          [
            3.401447960750659,
            2.4374431387256514,
            -2.181486108714857
          ],
          [
            3.7932890020791374,
            2.7182324580620074,
            -2.1236125064933358
          ],
          [
            4.244340027758395,
            3.041451052155814,
            -1.815280896468254
          ],
          [
            4.6859326079164925,
            3.3578918200401393,
            -1.303431971232927
          ],
          [
            5.050838275271069,
            3.619379523347301,
            -0.6659900897323701
          ],
          [
            5.283503449845499,
            3.786105029640714,
            -5.551115123125783e-17
          ],
          [
            5.348506967925888,
            3.8326858919576865,
            0.5931473440176278
          ],
          [
            5.235952633142855,
            3.752030596267027,
            1.0231506360878941
          ],
          [
            4.96297582265953,
            3.5564181801955628,
            1.224545772982648
          ],
          [
            4.571134781331051,
            3.2756288608592063,
            1.1666721707611267
          ],
          [
            4.120083755651794,
            2.9524102667653995,
            0.8583405607360449
          ],
          [
            3.6784911754936966,
            2.6359694988810745,
            0.3464916355007181
          ],
          [
            3.3135855081391217,
            2.374481795573914,
            -0.2909502459998373
          ],
          [
            3.0699311920171586,
            2.519427418591829,
            -0.8819212643483554
          ],
          [
            3.013880902060556,
            2.4734281344046485,
            -1.512578144057911
          ],
          [
            3.115151624201793,
            2.556538868197864,
            -1.9800909718201032
          ],
          [
            3.358325809016247,
            2.7561067641521357,
            -2.213285157622476
          ],
          [
            3.706382391245395,
            3.0417494191959085,
            -2.1766590005871764
          ],
          [
            4.106332911385621,
            3.369980328455883,
            -1.8757885011058881
          ],
          [
            4.49728852830607,
            3.69082931141783,
            -1.3564784653267683
          ],
          [
            4.8197297933520975,
            3.9554500189290676,
            -0.6977891386399897
          ],
          [
            5.024567946857791,
            4.123556347063695,
            5.551115123125783e-16
          ],
          [
            5.080618236814393,
            4.1695556312508755,
            0.6306568797095554
          ],
          [
            4.979347514673157,
            4.08644489745766,
            1.0981697074717476
          ],
          [
            4.736173329858703,
            3.886877001503389,
            1.3313638932741207
          ],
          [
            4.388116747629555,
            3.601234346459616,
            1.2947377362388208
          ],
          [
            3.9881662274893275,
            3.2730034371996406,
            0.9938672367575319
          ],
          [
            3.5972106105688795,
            2.9521544542376943,
            0.4745572009784136
          ],
          [
            3.274769345522852,
            2.687533746726457,
            -0.1841321257083655
          ],
          [
            3.0175451205142583,
            2.826239422589325,
            -0.773010453362737
          ],
          [
            2.975305257495164,
            2.786677473620359,
            -1.4390005430951076
          ],
          [
            3.0709234491839243,
            2.87623368308026,
            -1.9447577617972884
          ],
          [
            3.2898426926769924,
            3.081273929907819,
            -2.213285157622476
          ],
          [
            3.5987345176604313,
            3.3705826952180056,
            -2.2037018687631913
          ],
          [
            3.9505729438918795,
            3.7001153420828317,
            -1.91746686407553
          ],
          [
            4.291793760400876,
            4.019703512238012,
            -1.398156828296409
          ],
          [
            4.570449191048328,
            4.2806928038513945,
            -0.7248320068160046
          ],
          [
            4.744116472535931,
            4.443349963148663,
            -1.2212453270876722e-15
          ],
          [
            4.786356335555026,
            4.482911912117629,
            0.6659900897323705
          ],
          [
            4.690738143866266,
            4.393355702657728,
            1.1717473084345513
          ],
          [
            4.471818900373199,
            4.188315455830169,
            1.4402747042597388
          ],
          [
            4.162927075389759,
            3.899006690519983,
            1.4306914154004544
          ],
          [
            3.811088649158311,
            3.569474043655156,
            1.1444564107127928
          ],
          [
            3.469867832649314,
            3.249885873499976,
            0.6251463749336721
          ],
          [
            3.191212402001863,
            2.9888965818865945,
            -0.04817844654673076
          ],
          [
            2.920997052382026,
            3.1187168121717526,
            -0.6343932841636455
          ],
          [
            2.8959596933800147,
            3.0919846960306985,
            -1.332182422803635
          ],
          [
            2.990616260572194,
            3.1930484842478,
            -1.8754491771977428
          ],
          [
            3.1905561496674744,
            3.4065221312125264,
            -2.181486108714857
          ],
          [
            3.465340325010706,
            3.699906209317925,
            -2.2037018687631913
          ],
          [
            3.773135386830636,
            4.028535652205742,
            -1.9387143092617518
          ],
          [
            4.067082327134362,
            4.342379606229622,
            -1.4268653840264252
          ],
          [
            4.302430388896291,
            4.59365817439196,
            -0.7460794520022264
          ],
          [
            4.4433499631486635,
            4.744116472535932,
            5.551115123125783e-16
          ],
          [
            4.468387322150675,
            4.770848588676986,
            0.6977891386399893
          ],
          [
            4.373730754958495,
            4.669784800459884,
            1.2410558930340965
          ],
          [
            4.173790865863215,
            4.456311153495159,
            1.5470928245512114
          ],
          [
            3.899006690519983,
            4.162927075389759,
            1.5693085845995456
          ],
          [
            3.5912116287000524,
            3.8342976325019427,
            1.3043210250981057
          ],
          [
            3.297264688396327,
            3.520453678478062,
            0.7924720998627797
          ],
          [
            3.061916626634398,
            3.2691751103157243,
            0.11168616783858126
          ],
          [
            2.7798614218364666,
            3.3872709431537396,
            -0.47139673682599803
          ],
          [
            2.773781847743936,
            3.3798629606879174,
            -1.1962287436420023
          ],
          [
            2.870910519566025,
            3.498214589738811,
            -1.774828708058925
          ],
          [
            3.0564604774914237,
            3.7243078676436094,
            -2.1191100305160275
          ],
          [
            3.302183422440546,
            4.023722142381975,
            -2.1766590005871764
          ],
          [
            3.5706702635289322,
            4.3508743048221525,
            -1.9387143092617514
          ],
          [
            3.8210463130401493,
            4.655958403874361,
            -1.4415008788200514
          ],
          [
            4.015194087100657,
            4.892528151052147,
            -0.7607149467958544
          ],
          [
            4.123556347063696,
            5.024567946857791,
            -1.3877787807814457e-16
          ],
          [
            4.129635921156226,
            5.031975929323613,
            0.7248320068160048
          ],
          [
            4.032507249334138,
            4.91362430027272,
            1.3034319712329268
          ],
          [
            3.846957291408739,
            4.687531022367921,
            1.6477132936900292
          ],
          [
            3.6012343464596164,
            4.388116747629555,
            1.7052622637611785
          ],
          [
            3.33274750537123,
            4.060964585189377,
            1.4673175724357537
          ],
          [
            3.0823714558600126,
            3.755880486137169,
            0.9701041419940524
          ],
          [
            2.8882236817995053,
            3.519310738959383,
            0.2893182099698566
          ],
          [
            2.5960683418345067,
            3.6228091753225664,
            -0.2902846772544628
          ],
          [
            2.609008526581628,
            3.6408671822235377,
            -1.0363641292566887
          ],
          [
            2.7105648345085953,
            3.782588845802591,
            -1.6467631425812304
          ],
          [
            2.8852762383437516,
            4.026398327489895,
            -2.02855400073026
          ],
          [
            3.106544510616014,
            4.335177843837013,
            -2.1236125064933358
          ],
          [
            3.3406835626738145,
            4.661918512573384,
            -1.91746686407553
          ],
          [
            3.5520478463171434,
            4.9568770287954305,
            -1.441500878820051
          ],
          [
            3.7084590653833076,
            5.175148632213955,
            -0.7681760573396462
          ],
          [
            3.786105029640715,
            5.283503449845498,
            -1.1102230246251565e-15
          ],
          [
            3.7731648448935937,
            5.265445442944528,
            0.7460794520022259
          ],
          [
            3.6716085369666267,
            5.123723779365474,
            1.3564784653267679
          ],
          [
            3.4968971331314704,
            4.87991429767817,
            1.7382693234757964
          ],
          [
            3.2756288608592072,
            4.571134781331051,
            1.833327829238873
          ],
          [
            3.041489808801407,
            4.244394112594681,
            1.627182186821067
          ],
          [
            2.830125525158078,
            3.9494355963726346,
            1.151216201565588
          ],
          [
            2.6737143060919144,
            3.731163992954111,
            0.4778913800851855
          ],
          [
            2.3737625368901485,
            3.8173206762549867,
            -0.09801714032956077
          ],
          [
            2.4041522978227627,
            3.8661913871840143,
            -0.858732087125414
          ],
          [
            2.510502594894212,
            4.037216576783883,
            -1.49617396862597
          ],
          [
            2.6766225594432127,
            4.304359210285218,
            -1.9132980367978147
          ],
          [
            2.8772219327484074,
            4.6269492433914445,
            -2.046600933500879
          ],
          [
            3.081761278661927,
            4.95587526784807,
            -1.875788501105888
          ],
          [
            3.2591013359222267,
            5.241061278153411,
            -1.4268653840264252
          ],
          [
            3.3822436884030487,
            5.4390902894561,
            -0.7681760573396463
          ],
          [
            3.4324410292273924,
            5.519814179922762,
            6.522560269672795e-16
          ],
          [
            3.402051268294778,
            5.470943468993735,
            0.7607149467958529
          ],
          [
            3.2957009712233285,
            5.299918279393865,
            1.3981568282964083
          ],
          [
            3.129581006674328,
            5.03277564589253,
            1.8152808964682539
          ],
          [
            2.928981633369134,
            4.710185612786304,
            1.948583793171318
          ],
          [
            2.7244422874556133,
            4.381259588329678,
            1.7777713607763264
          ],
          [
            2.547102230195314,
            4.096073578024338,
            1.3288482436968645
          ],
          [
            2.423959877714492,
            3.898044566721648,
            0.6701589170100857
          ]
        ]
      }
    }
  }
}