{
  "metadata": {
    "method_name": "",
    "contact": "akaptano",
    "hardware": "CPU: Intel(R) Xeon(R) Platinum 8370C CPU @ 2.80GHz | RAM: 7.8GB",
    "notes": "",
    "run_date": "2025-11-29T21:30:44.264309"
  },
  "metrics": {
    "initial_B_field": 0.4999990493111468,
    "final_B_field": 0.4998732444096861,
    "target_B_field": 0.5,
    "optimization_time": 4.469682693481445,
    "final_normalized_squared_flux": 0.016148850201163707,
    "final_min_cs_separation": 0.14306580595092908,
    "final_min_cc_separation": 0.10034464144299349,
    "final_total_length": 19.034201387642632,
    "final_max_curvature": 2.490018833132222,
    "final_average_curvature": 1.5074488734942262,
    "final_mean_squared_curvature": 2.6244228611868454,
    "final_linking_number": 0,
    "final_max_max_coil_force": 200401.74055087683,
    "final_avg_max_coil_force": 89613.37416782642,
    "final_max_max_coil_torque": 52240.10054728577,
    "final_avg_max_coil_torque": 26557.88823010795,
    "avg_BdotN_over_B": 0.14653137097130503,
    "max_BdotN_over_B": 0.48022759492729844,
    "lagrange_multipliers": null,
    "output_directory": "."
  }
}