{
  "metadata": {
    "method_name": "",
    "contact": "akaptano",
    "hardware": "CPU: Intel(R) Xeon(R) Platinum 8370C CPU @ 2.80GHz | RAM: 7.8GB",
    "notes": "",
    "run_date": "2025-12-01T01:51:01.626099"
  },
  "metrics": {
    "initial_B_field": 0.9999344609744618,
    "final_B_field": 1.0184453123103188,
    "target_B_field": 1.0,
    "optimization_time": 3.969085693359375,
    "final_normalized_squared_flux": 0.009628668158454675,
    "final_min_cs_separation": 0.053436008288659825,
    "final_min_cc_separation": 0.0065078936534968285,
    "final_total_length": 13.128659430946989,
    "final_max_curvature": 6.545296678903755,
    "final_average_curvature": 2.160975084495701,
    "final_mean_squared_curvature": 7.444579584624895,
    "final_linking_number": 0,
    "final_max_max_coil_force": 5039841.643078018,
    "final_avg_max_coil_force": 2339499.0970423706,
    "final_max_max_coil_torque": 1839908.5346557617,
    "final_avg_max_coil_torque": 888203.0338781084,
    "avg_BdotN_over_B": 0.11381596463729866,
    "max_BdotN_over_B": 0.40402403594705727,
    "lagrange_multipliers": null,
    "output_directory": ".",
    "flux_threshold": 1e-08,
    "cc_threshold": 0.08,
    "cs_threshold": 0.13,
    "msc_threshold": 10.0,
    "curvature_threshold": 10.0,
    "force_threshold": 0.03077870113881193,
    "torque_threshold": 0.03077870113881193
  }
}