{
  "metadata": {
    "method_name": "",
    "contact": "akaptano",
    "hardware": "CPU: AMD EPYC 7763 64-Core Processor | RAM: 15.6GB",
    "notes": "",
    "run_date": "2026-01-27T01:03:26.119208"
  },
  "metrics": {
    "fourier_continuation": true,
    "fourier_orders": [
      4,
      8
    ],
    "final_order": 8,
    "continuation_results": [
      {
        "initial_B_field": 0.499999726517692,
        "final_B_field": 0.5194952761068432,
        "target_B_field": 0.5,
        "optimization_time": 326.27667474746704,
        "final_normalized_squared_flux": 0.0012020475463342555,
        "_cached_thresholds": {
          "length_threshold": 30.0,
          "flux_threshold": 1e-08,
          "cc_threshold": 0.112753336,
          "cs_threshold": 0.183224171,
          "msc_threshold": 7.095133752849672,
          "arclength_variation_threshold": 0.0,
          "curvature_threshold": 7.095133752849672,
          "force_threshold": 0.0076946752847029875,
          "torque_threshold": 0.0076946752847029875,
          "coil_width": 0.056376668,
          "R0": 7.095133752849672
        },
        "final_min_cs_separation": 0.1806908501503268,
        "final_min_cc_separation": 0.10985143991281973,
        "final_total_length": 25.648040053724205,
        "final_max_curvature": 3.299687602719116,
        "final_average_curvature": 1.7978868950934115,
        "final_arclength_variation": 0.018234486459455145,
        "final_mean_squared_curvature": 5.073587018505986,
        "final_linking_number": 0,
        "final_max_max_coil_force": 178229.49425168918,
        "final_avg_max_coil_force": 86978.60844828948,
        "final_max_max_coil_torque": 123994.69153131521,
        "final_avg_max_coil_torque": 44630.05917780494,
        "avg_BdotN_over_B": 0.017438454384758748,
        "max_BdotN_over_B": 0.08811899815667065,
        "lagrange_multipliers": null,
        "output_directory": "/home/runner/work/stellcoilbench/stellcoilbench/submissions/c09r00_B_axis_half_tesla_PM4Stell/akaptano/01-27-2026_01-03/order_4",
        "flux_threshold": 1e-08,
        "cc_threshold": 0.112753336,
        "cs_threshold": 0.183224171,
        "msc_threshold": 7.095133752849672,
        "arclength_variation_threshold": 0.0,
        "curvature_threshold": 7.095133752849672,
        "force_threshold": 0.0076946752847029875,
        "torque_threshold": 0.0076946752847029875,
        "fourier_order": 4,
        "continuation_step": 1
      },
      {
        "initial_B_field": 0.5194952761068432,
        "final_B_field": 0.5197563934030636,
        "target_B_field": 0.5,
        "optimization_time": 399.20788955688477,
        "final_normalized_squared_flux": 0.00010110274628535607,
        "_cached_thresholds": {
          "length_threshold": 30.0,
          "flux_threshold": 1e-08,
          "cc_threshold": 0.112753336,
          "cs_threshold": 0.183224171,
          "msc_threshold": 7.095133752849672,
          "arclength_variation_threshold": 0.0,
          "curvature_threshold": 7.095133752849672,
          "force_threshold": 1.0,
          "torque_threshold": 1.0,
          "coil_width": 0.056376668,
          "R0": 7.095133752849672
        },
        "final_min_cs_separation": 0.1828687275264461,
        "final_min_cc_separation": 0.11245046340822937,
        "final_total_length": 29.99881909433657,
        "final_max_curvature": 3.918276105960629,
        "final_average_curvature": 2.118097162634764,
        "final_arclength_variation": 0.004061369003139434,
        "final_mean_squared_curvature": 7.11133664404951,
        "final_linking_number": 0,
        "final_max_max_coil_force": 144360.76456557558,
        "final_avg_max_coil_force": 84463.36427083172,
        "final_max_max_coil_torque": 93831.53979961567,
        "final_avg_max_coil_torque": 43561.64665900741,
        "avg_BdotN_over_B": 0.005003132915233624,
        "max_BdotN_over_B": 0.02650230100907267,
        "lagrange_multipliers": null,
        "output_directory": "/home/runner/work/stellcoilbench/stellcoilbench/submissions/c09r00_B_axis_half_tesla_PM4Stell/akaptano/01-27-2026_01-03/order_8",
        "flux_threshold": 1e-08,
        "cc_threshold": 0.112753336,
        "cs_threshold": 0.183224171,
        "msc_threshold": 7.095133752849672,
        "arclength_variation_threshold": 0.0,
        "curvature_threshold": 7.095133752849672,
        "force_threshold": 1.0,
        "torque_threshold": 1.0,
        "fourier_order": 8,
        "continuation_step": 2
      }
    ],
    "initial_B_field": 0.5194952761068432,
    "final_B_field": 0.5197563934030636,
    "target_B_field": 0.5,
    "optimization_time": 399.20788955688477,
    "final_normalized_squared_flux": 0.00010110274628535607,
    "_cached_thresholds": {
      "length_threshold": 30.0,
      "flux_threshold": 1e-08,
      "cc_threshold": 0.112753336,
      "cs_threshold": 0.183224171,
      "msc_threshold": 7.095133752849672,
      "arclength_variation_threshold": 0.0,
      "curvature_threshold": 7.095133752849672,
      "force_threshold": 1.0,
      "torque_threshold": 1.0,
      "coil_width": 0.056376668,
      "R0": 7.095133752849672
    },
    "final_min_cs_separation": 0.1828687275264461,
    "final_min_cc_separation": 0.11245046340822937,
    "final_total_length": 29.99881909433657,
    "final_max_curvature": 3.918276105960629,
    "final_average_curvature": 2.118097162634764,
    "final_arclength_variation": 0.004061369003139434,
    "final_mean_squared_curvature": 7.11133664404951,
    "final_linking_number": 0,
    "final_max_max_coil_force": 144360.76456557558,
    "final_avg_max_coil_force": 84463.36427083172,
    "final_max_max_coil_torque": 93831.53979961567,
    "final_avg_max_coil_torque": 43561.64665900741,
    "avg_BdotN_over_B": 0.005003132915233624,
    "max_BdotN_over_B": 0.02650230100907267,
    "lagrange_multipliers": null,
    "output_directory": "/home/runner/work/stellcoilbench/stellcoilbench/submissions/c09r00_B_axis_half_tesla_PM4Stell/akaptano/01-27-2026_01-03/order_8",
    "flux_threshold": 1e-08,
    "cc_threshold": 0.112753336,
    "cs_threshold": 0.183224171,
    "msc_threshold": 7.095133752849672,
    "arclength_variation_threshold": 0.0,
    "curvature_threshold": 7.095133752849672,
    "force_threshold": 1.0,
    "torque_threshold": 1.0,
    "fourier_order": 8,
    "continuation_step": 2
  }
}