{
  "metadata": {
    "method_name": "",
    "contact": "akaptano",
    "hardware": "CPU: AMD EPYC 7763 64-Core Processor | RAM: 15.6GB",
    "notes": "",
    "run_date": "2026-01-25T03:10:45.652322"
  },
  "metrics": {
    "initial_B_field": 1.9999967763823685,
    "final_B_field": 2.051150344376304,
    "target_B_field": 2.0,
    "optimization_time": 19.857653856277466,
    "final_normalized_squared_flux": 0.4699213493253206,
    "_cached_thresholds": {
      "length_threshold": 24.23,
      "flux_threshold": 1e-08,
      "cc_threshold": 0.09692,
      "cs_threshold": 0.157495,
      "msc_threshold": 8.254230293025175,
      "arclength_variation_threshold": 0.0,
      "curvature_threshold": 8.254230293025175,
      "force_threshold": 0.12311480455524776,
      "torque_threshold": 0.12311480455524776,
      "coil_width": 0.04846,
      "R0": 8.254230293025175
    },
    "final_min_cs_separation": 0.17140279664834215,
    "final_min_cc_separation": 0.003416810914853077,
    "final_total_length": 11.823725759682622,
    "final_max_curvature": 3.0307366448285977,
    "final_average_curvature": 2.243575125114342,
    "final_arclength_variation": 0.1412540987648028,
    "final_mean_squared_curvature": 5.666137847086287,
    "final_linking_number": 8,
    "final_max_max_coil_force": 18021303.51383929,
    "final_avg_max_coil_force": 7960205.116795717,
    "final_max_max_coil_torque": 4142204.674784928,
    "final_avg_max_coil_torque": 1407608.5986652218,
    "avg_BdotN_over_B": 0.13585915349611843,
    "max_BdotN_over_B": 0.538409117159665,
    "lagrange_multipliers": null,
    "output_directory": "/home/runner/work/stellcoilbench/stellcoilbench/submissions/HSX_QHS_mn1824_ns101/akaptano/01-25-2026_03-10",
    "flux_threshold": 1e-08,
    "cc_threshold": 0.09692,
    "cs_threshold": 0.157495,
    "msc_threshold": 8.254230293025175,
    "arclength_variation_threshold": 0.0,
    "curvature_threshold": 8.254230293025175,
    "force_threshold": 0.12311480455524776,
    "torque_threshold": 0.12311480455524776
  }
}