{
  "metadata": {
    "method_name": "",
    "contact": "akaptano",
    "hardware": "CPU: AMD EPYC 7763 64-Core Processor | RAM: 15.6GB",
    "notes": "",
    "run_date": "2026-01-25T03:33:26.749644"
  },
  "metrics": {
    "initial_B_field": 0.14995405869326078,
    "final_B_field": 0.1523554640839478,
    "target_B_field": 0.15,
    "optimization_time": 278.7288672924042,
    "final_normalized_squared_flux": 4.9771565664921945e-06,
    "_cached_thresholds": {
      "length_threshold": 6.096,
      "flux_threshold": 1e-08,
      "cc_threshold": 0.024384,
      "cs_threshold": 0.039624,
      "msc_threshold": 32.808398950131235,
      "arclength_variation_threshold": 0.0,
      "curvature_threshold": 32.808398950131235,
      "force_threshold": 0.0006925207756232686,
      "torque_threshold": 0.0006925207756232686,
      "coil_width": 0.012192,
      "R0": 32.808398950131235
    },
    "final_min_cs_separation": 0.1172950868978948,
    "final_min_cc_separation": 0.02407950130030669,
    "final_total_length": 6.017633330549707,
    "final_max_curvature": 12.789664196494734,
    "final_average_curvature": 5.275299286373812,
    "final_arclength_variation": 0.02804600241183723,
    "final_mean_squared_curvature": 34.65693523391593,
    "final_linking_number": 0,
    "final_max_max_coil_force": 5159.371092921651,
    "final_avg_max_coil_force": 3458.640600879168,
    "final_max_max_coil_torque": 570.3575925194223,
    "final_avg_max_coil_torque": 371.83625958524146,
    "avg_BdotN_over_B": 0.02401041610680562,
    "max_BdotN_over_B": 0.07991729999419066,
    "lagrange_multipliers": null,
    "output_directory": "/home/runner/work/stellcoilbench/stellcoilbench/submissions/muse/akaptano/01-25-2026_03-33",
    "flux_threshold": 1e-08,
    "cc_threshold": 0.024384,
    "cs_threshold": 0.039624,
    "msc_threshold": 32.808398950131235,
    "arclength_variation_threshold": 0.0,
    "curvature_threshold": 32.808398950131235,
    "force_threshold": 0.0006925207756232686,
    "torque_threshold": 0.0006925207756232686
  }
}