{
  "metadata": {
    "method_name": "",
    "contact": "akaptano",
    "hardware": "CPU: AMD EPYC 7763 64-Core Processor | RAM: 15.6GB",
    "notes": "",
    "run_date": "2026-01-21T19:48:52.265590"
  },
  "metrics": {
    "initial_B_field": 2.4999411989153506,
    "final_B_field": 0.4936391440620404,
    "target_B_field": 2.5,
    "optimization_time": 4731.939353466034,
    "final_normalized_squared_flux": 0.003950563300538983,
    "final_min_cs_separation": 0.7034790109838948,
    "final_min_cc_separation": 0.2877275711975743,
    "final_total_length": 87.3450668002695,
    "final_max_curvature": 1.850294008590383,
    "final_average_curvature": 0.917971587157297,
    "final_arclength_variation": 0.016783813732358085,
    "final_mean_squared_curvature": 1.8902066722335706,
    "final_linking_number": 0,
    "final_max_max_coil_force": 238803.48072410456,
    "final_avg_max_coil_force": 219865.65327646848,
    "final_max_max_coil_torque": 879573.5982463587,
    "final_avg_max_coil_torque": 637119.6201288429,
    "avg_BdotN_over_B": 0.07679085316928291,
    "max_BdotN_over_B": 0.2823658277546664,
    "lagrange_multipliers": [
      -11587326546.847569,
      -113942558.66309254,
      -0.0,
      -0.30233257263183977,
      -206788573.21415502,
      -2542503599.48725,
      -1828424.3066012897,
      -0.0,
      -5246562389.21415
    ],
    "output_directory": ".",
    "flux_threshold": 1e-08,
    "cc_threshold": 0.44000000000000006,
    "cs_threshold": 0.7150000000000001,
    "msc_threshold": 1.8181818181818181,
    "arclength_variation_threshold": 0.0,
    "curvature_threshold": 1.8181818181818181,
    "force_threshold": 0.19236688211757466,
    "torque_threshold": 0.19236688211757466
  }
}