{
  "metadata": {
    "method_name": "",
    "contact": "akaptano",
    "hardware": "CPU: AMD EPYC 7763 64-Core Processor | RAM: 15.6GB",
    "notes": "",
    "run_date": "2026-01-23T21:35:35.926634"
  },
  "metrics": {
    "initial_B_field": 0.9999657163790154,
    "final_B_field": 1.0804628609455063,
    "target_B_field": 1.0,
    "optimization_time": 1157.7653572559357,
    "final_normalized_squared_flux": 0.0012882353557985837,
    "_cached_thresholds": {
      "length_threshold": 20.0,
      "flux_threshold": 1e-08,
      "cc_threshold": 0.08,
      "cs_threshold": 0.13,
      "msc_threshold": 10.0,
      "arclength_variation_threshold": 0.0,
      "curvature_threshold": 10.0,
      "force_threshold": 0.03077870113881195,
      "torque_threshold": 0.03077870113881195,
      "coil_width": 0.04,
      "R0": 10.0
    },
    "final_min_cs_separation": 0.2475022582089036,
    "final_min_cc_separation": 0.07701778516841709,
    "final_total_length": 17.200591942498487,
    "final_max_curvature": 9.356079004294052,
    "final_average_curvature": 2.7447043134816695,
    "final_arclength_variation": 3.286819221345045,
    "final_mean_squared_curvature": 10.80073881985475,
    "final_linking_number": 0,
    "final_max_max_coil_force": 593784.5971245806,
    "final_avg_max_coil_force": 488462.83474801027,
    "final_max_max_coil_torque": 386814.023481041,
    "final_avg_max_coil_torque": 225806.21666813927,
    "avg_BdotN_over_B": 0.012707159527195044,
    "max_BdotN_over_B": 0.06409058689434279,
    "lagrange_multipliers": null,
    "output_directory": "/home/runner/work/stellcoilbench/stellcoilbench/submissions/LandremanPaul2021_QA/akaptano/01-23-2026_21-35",
    "flux_threshold": 1e-08,
    "cc_threshold": 0.08,
    "cs_threshold": 0.13,
    "msc_threshold": 10.0,
    "arclength_variation_threshold": 0.0,
    "curvature_threshold": 10.0,
    "force_threshold": 0.03077870113881195,
    "torque_threshold": 0.03077870113881195
  }
}