{
  "metadata": {
    "method_name": "",
    "contact": "akaptano",
    "hardware": "CPU: AMD EPYC 7763 64-Core Processor | RAM: 15.6GB",
    "notes": "",
    "run_date": "2026-01-28T19:23:30.224693"
  },
  "metrics": {
    "fourier_continuation": true,
    "fourier_orders": [
      4,
      8,
      12,
      16
    ],
    "final_order": 16,
    "continuation_results": [
      {
        "initial_B_field": 0.9999187287104947,
        "final_B_field": 1.0962254571387389,
        "target_B_field": 1.0,
        "optimization_time": 943.7944438457489,
        "final_normalized_squared_flux": 2.962446385754157e-06,
        "_cached_thresholds": {
          "length_threshold": 20.0,
          "flux_threshold": 1e-08,
          "cc_threshold": 0.08,
          "cs_threshold": 0.13,
          "msc_threshold": 10.0,
          "arclength_variation_threshold": 0.0,
          "curvature_threshold": 10.0,
          "force_threshold": 0.03077870113881195,
          "torque_threshold": 0.03077870113881195,
          "coil_width": 0.04,
          "R0": 10.0
        },
        "final_min_cs_separation": 0.2832454816563015,
        "final_min_cc_separation": 0.07939382337382367,
        "final_total_length": 20.000864828495732,
        "final_max_curvature": 2.837882320838952,
        "final_average_curvature": 1.7516520681944048,
        "final_arclength_variation": 0.0006477527049860553,
        "final_mean_squared_curvature": 4.7665657962014825,
        "final_linking_number": 0,
        "final_max_max_coil_force": 709866.3272022326,
        "final_avg_max_coil_force": 440589.8799551954,
        "final_max_max_coil_torque": 453384.3520682233,
        "final_avg_max_coil_torque": 208376.47704436944,
        "avg_BdotN_over_B": 0.0007777358123132057,
        "max_BdotN_over_B": 0.0031405278039698475,
        "lagrange_multipliers": [
          -8685987.84302308,
          -70759.2703465962,
          -0.00011437481734488664,
          -17132.423348817814,
          -0.0,
          -0.0,
          -0.0,
          -2603356.1777914194
        ],
        "output_directory": "/home/runner/work/stellcoilbench/stellcoilbench/submissions/LandremanPaul2021_QA/akaptano/01-28-2026_19-23/order_4",
        "flux_threshold": 1e-08,
        "cc_threshold": 0.08,
        "cs_threshold": 0.13,
        "msc_threshold": 10.0,
        "arclength_variation_threshold": 0.0,
        "curvature_threshold": 10.0,
        "force_threshold": 0.03077870113881195,
        "torque_threshold": 0.03077870113881195,
        "fourier_order": 4,
        "continuation_step": 1
      },
      {
        "initial_B_field": 1.0962254571387389,
        "final_B_field": 1.0966805701432134,
        "target_B_field": 1.0,
        "optimization_time": 2379.725839138031,
        "final_normalized_squared_flux": 7.992189870368606e-07,
        "_cached_thresholds": {
          "length_threshold": 20.0,
          "flux_threshold": 1e-08,
          "cc_threshold": 0.08,
          "cs_threshold": 0.13,
          "msc_threshold": 10.0,
          "arclength_variation_threshold": 0.0,
          "curvature_threshold": 10.0,
          "force_threshold": 1.0,
          "torque_threshold": 1.0,
          "coil_width": 0.04,
          "R0": 10.0
        },
        "final_min_cs_separation": 0.31554506272249716,
        "final_min_cc_separation": 0.07975726550026063,
        "final_total_length": 20.000661976830653,
        "final_max_curvature": 3.7962051204440037,
        "final_average_curvature": 1.876933538095258,
        "final_arclength_variation": 0.00022820764853204796,
        "final_mean_squared_curvature": 4.575439043687307,
        "final_linking_number": 0,
        "final_max_max_coil_force": 563911.3816866936,
        "final_avg_max_coil_force": 422914.0587966938,
        "final_max_max_coil_torque": 258150.97939126866,
        "final_avg_max_coil_torque": 184261.0489164866,
        "avg_BdotN_over_B": 0.0003924264651138492,
        "max_BdotN_over_B": 0.0015924799945050035,
        "lagrange_multipliers": [
          -2343336.322101383,
          -12402.18492148943,
          -0.0,
          -2509.1168386330496,
          -0.0,
          -0.0,
          -0.0,
          -306702.92286581994
        ],
        "output_directory": "/home/runner/work/stellcoilbench/stellcoilbench/submissions/LandremanPaul2021_QA/akaptano/01-28-2026_19-23/order_8",
        "flux_threshold": 1e-08,
        "cc_threshold": 0.08,
        "cs_threshold": 0.13,
        "msc_threshold": 10.0,
        "arclength_variation_threshold": 0.0,
        "curvature_threshold": 10.0,
        "force_threshold": 1.0,
        "torque_threshold": 1.0,
        "fourier_order": 8,
        "continuation_step": 2
      },
      {
        "initial_B_field": 1.0966805701432134,
        "final_B_field": 1.096660144958641,
        "target_B_field": 1.0,
        "optimization_time": 1959.1499464511871,
        "final_normalized_squared_flux": 6.668959709986598e-07,
        "_cached_thresholds": {
          "length_threshold": 20.0,
          "flux_threshold": 1e-08,
          "cc_threshold": 0.08,
          "cs_threshold": 0.13,
          "msc_threshold": 10.0,
          "arclength_variation_threshold": 0.0,
          "curvature_threshold": 10.0,
          "force_threshold": 1.0,
          "torque_threshold": 1.0,
          "coil_width": 0.04,
          "R0": 10.0
        },
        "final_min_cs_separation": 0.3138894666310923,
        "final_min_cc_separation": 0.07989851907457556,
        "final_total_length": 20.000153007283867,
        "final_max_curvature": 4.563836579994471,
        "final_average_curvature": 1.931991747081767,
        "final_arclength_variation": 0.00015065020486931252,
        "final_mean_squared_curvature": 4.902922462640981,
        "final_linking_number": 0,
        "final_max_max_coil_force": 529868.4777035826,
        "final_avg_max_coil_force": 429170.3329646226,
        "final_max_max_coil_torque": 239693.45345597406,
        "final_avg_max_coil_torque": 172975.017497004,
        "avg_BdotN_over_B": 0.00035598163799567593,
        "max_BdotN_over_B": 0.0014013931682266344,
        "lagrange_multipliers": [
          -1955360.6406990977,
          -10011.453205913065,
          -0.0,
          -8579.749314795794,
          -0.0,
          -0.0,
          -0.0,
          -134544.32082901848
        ],
        "output_directory": "/home/runner/work/stellcoilbench/stellcoilbench/submissions/LandremanPaul2021_QA/akaptano/01-28-2026_19-23/order_12",
        "flux_threshold": 1e-08,
        "cc_threshold": 0.08,
        "cs_threshold": 0.13,
        "msc_threshold": 10.0,
        "arclength_variation_threshold": 0.0,
        "curvature_threshold": 10.0,
        "force_threshold": 1.0,
        "torque_threshold": 1.0,
        "fourier_order": 12,
        "continuation_step": 3
      },
      {
        "initial_B_field": 1.096660144958641,
        "final_B_field": 1.0966066416087608,
        "target_B_field": 1.0,
        "optimization_time": 1527.457624912262,
        "final_normalized_squared_flux": 6.368579745670616e-07,
        "_cached_thresholds": {
          "length_threshold": 20.0,
          "flux_threshold": 1e-08,
          "cc_threshold": 0.08,
          "cs_threshold": 0.13,
          "msc_threshold": 10.0,
          "arclength_variation_threshold": 0.0,
          "curvature_threshold": 10.0,
          "force_threshold": 1.0,
          "torque_threshold": 1.0,
          "coil_width": 0.04,
          "R0": 10.0
        },
        "final_min_cs_separation": 0.30939440614558544,
        "final_min_cc_separation": 0.07896615655897801,
        "final_total_length": 20.001001281580734,
        "final_max_curvature": 5.497816718897324,
        "final_average_curvature": 2.0764362185807124,
        "final_arclength_variation": 0.00010486706816471366,
        "final_mean_squared_curvature": 5.706225657382289,
        "final_linking_number": 0,
        "final_max_max_coil_force": 548928.0468628475,
        "final_avg_max_coil_force": 428243.2917935475,
        "final_max_max_coil_torque": 241529.54156421,
        "final_avg_max_coil_torque": 166372.54505697967,
        "avg_BdotN_over_B": 0.00034864757098076874,
        "max_BdotN_over_B": 0.0013467971504729805,
        "lagrange_multipliers": [
          -466825.6557749523,
          -386.1330071140023,
          -0.0,
          -358.461687310363,
          -0.0,
          -0.0,
          -0.0,
          -17528.460422378612
        ],
        "output_directory": "/home/runner/work/stellcoilbench/stellcoilbench/submissions/LandremanPaul2021_QA/akaptano/01-28-2026_19-23/order_16",
        "flux_threshold": 1e-08,
        "cc_threshold": 0.08,
        "cs_threshold": 0.13,
        "msc_threshold": 10.0,
        "arclength_variation_threshold": 0.0,
        "curvature_threshold": 10.0,
        "force_threshold": 1.0,
        "torque_threshold": 1.0,
        "fourier_order": 16,
        "continuation_step": 4
      }
    ],
    "initial_B_field": 1.096660144958641,
    "final_B_field": 1.0966066416087608,
    "target_B_field": 1.0,
    "optimization_time": 1527.457624912262,
    "final_normalized_squared_flux": 6.368579745670616e-07,
    "_cached_thresholds": {
      "length_threshold": 20.0,
      "flux_threshold": 1e-08,
      "cc_threshold": 0.08,
      "cs_threshold": 0.13,
      "msc_threshold": 10.0,
      "arclength_variation_threshold": 0.0,
      "curvature_threshold": 10.0,
      "force_threshold": 1.0,
      "torque_threshold": 1.0,
      "coil_width": 0.04,
      "R0": 10.0
    },
    "final_min_cs_separation": 0.30939440614558544,
    "final_min_cc_separation": 0.07896615655897801,
    "final_total_length": 20.001001281580734,
    "final_max_curvature": 5.497816718897324,
    "final_average_curvature": 2.0764362185807124,
    "final_arclength_variation": 0.00010486706816471366,
    "final_mean_squared_curvature": 5.706225657382289,
    "final_linking_number": 0,
    "final_max_max_coil_force": 548928.0468628475,
    "final_avg_max_coil_force": 428243.2917935475,
    "final_max_max_coil_torque": 241529.54156421,
    "final_avg_max_coil_torque": 166372.54505697967,
    "avg_BdotN_over_B": 0.00034864757098076874,
    "max_BdotN_over_B": 0.0013467971504729805,
    "lagrange_multipliers": [
      -466825.6557749523,
      -386.1330071140023,
      -0.0,
      -358.461687310363,
      -0.0,
      -0.0,
      -0.0,
      -17528.460422378612
    ],
    "output_directory": "/home/runner/work/stellcoilbench/stellcoilbench/submissions/LandremanPaul2021_QA/akaptano/01-28-2026_19-23/order_16",
    "flux_threshold": 1e-08,
    "cc_threshold": 0.08,
    "cs_threshold": 0.13,
    "msc_threshold": 10.0,
    "arclength_variation_threshold": 0.0,
    "curvature_threshold": 10.0,
    "force_threshold": 1.0,
    "torque_threshold": 1.0,
    "fourier_order": 16,
    "continuation_step": 4,
    "BdotN": 0.0002279716768241423,
    "BdotN_over_B": 0.0002409865551630569
  }
}