{
  "metadata": {
    "method_name": "",
    "contact": "akaptano",
    "hardware": "CPU: AMD EPYC 7763 64-Core Processor | RAM: 15.6GB",
    "notes": "",
    "run_date": "2026-01-28T19:23:20.781205"
  },
  "metrics": {
    "fourier_continuation": true,
    "fourier_orders": [
      4,
      8,
      16
    ],
    "final_order": 16,
    "continuation_results": [
      {
        "initial_B_field": 0.9999187287104947,
        "final_B_field": 1.0963079508638258,
        "target_B_field": 1.0,
        "optimization_time": 259.77028822898865,
        "final_normalized_squared_flux": 4.011479471985391e-06,
        "_cached_thresholds": {
          "length_threshold": 20.0,
          "flux_threshold": 1e-08,
          "cc_threshold": 0.08,
          "cs_threshold": 0.13,
          "msc_threshold": 10.0,
          "arclength_variation_threshold": 0.0,
          "curvature_threshold": 10.0,
          "force_threshold": 0.03077870113881195,
          "torque_threshold": 0.03077870113881195,
          "coil_width": 0.04,
          "R0": 10.0
        },
        "final_min_cs_separation": 0.29825522787463205,
        "final_min_cc_separation": 0.07996053586398452,
        "final_total_length": 19.999993299529,
        "final_max_curvature": 2.651207139180722,
        "final_average_curvature": 1.7144984937306418,
        "final_arclength_variation": 0.0006389909606980037,
        "final_mean_squared_curvature": 3.422847454960615,
        "final_linking_number": 0,
        "final_max_max_coil_force": 529912.0729104504,
        "final_avg_max_coil_force": 424135.2274592324,
        "final_max_max_coil_torque": 219394.2635888546,
        "final_avg_max_coil_torque": 162968.49299986128,
        "avg_BdotN_over_B": 0.0008876535658840216,
        "max_BdotN_over_B": 0.0034546470651233,
        "lagrange_multipliers": null,
        "output_directory": "/home/runner/work/stellcoilbench/stellcoilbench/submissions/LandremanPaul2021_QA/akaptano/01-28-2026_19-23/order_4",
        "flux_threshold": 1e-08,
        "cc_threshold": 0.08,
        "cs_threshold": 0.13,
        "msc_threshold": 10.0,
        "arclength_variation_threshold": 0.0,
        "curvature_threshold": 10.0,
        "force_threshold": 0.03077870113881195,
        "torque_threshold": 0.03077870113881195,
        "fourier_order": 4,
        "continuation_step": 1
      },
      {
        "initial_B_field": 1.0963079508638258,
        "final_B_field": 1.0964309525939573,
        "target_B_field": 1.0,
        "optimization_time": 274.1555984020233,
        "final_normalized_squared_flux": 1.2460796732782337e-06,
        "_cached_thresholds": {
          "length_threshold": 20.0,
          "flux_threshold": 1e-08,
          "cc_threshold": 0.08,
          "cs_threshold": 0.13,
          "msc_threshold": 10.0,
          "arclength_variation_threshold": 0.0,
          "curvature_threshold": 10.0,
          "force_threshold": 1.0,
          "torque_threshold": 1.0,
          "coil_width": 0.04,
          "R0": 10.0
        },
        "final_min_cs_separation": 0.31537513045108384,
        "final_min_cc_separation": 0.07998974150787527,
        "final_total_length": 19.999920400291472,
        "final_max_curvature": 3.339860435693744,
        "final_average_curvature": 1.7517404329660415,
        "final_arclength_variation": 0.00012952753039542517,
        "final_mean_squared_curvature": 3.866048615534741,
        "final_linking_number": 0,
        "final_max_max_coil_force": 553665.1018382477,
        "final_avg_max_coil_force": 437743.0124425843,
        "final_max_max_coil_torque": 240906.25171656933,
        "final_avg_max_coil_torque": 155917.3779571249,
        "avg_BdotN_over_B": 0.0004920169955785742,
        "max_BdotN_over_B": 0.0018174715954579564,
        "lagrange_multipliers": null,
        "output_directory": "/home/runner/work/stellcoilbench/stellcoilbench/submissions/LandremanPaul2021_QA/akaptano/01-28-2026_19-23/order_8",
        "flux_threshold": 1e-08,
        "cc_threshold": 0.08,
        "cs_threshold": 0.13,
        "msc_threshold": 10.0,
        "arclength_variation_threshold": 0.0,
        "curvature_threshold": 10.0,
        "force_threshold": 1.0,
        "torque_threshold": 1.0,
        "fourier_order": 8,
        "continuation_step": 2
      },
      {
        "initial_B_field": 1.0964309525939573,
        "final_B_field": 1.0965787300932541,
        "target_B_field": 1.0,
        "optimization_time": 293.54810762405396,
        "final_normalized_squared_flux": 7.14085720060876e-07,
        "_cached_thresholds": {
          "length_threshold": 20.0,
          "flux_threshold": 1e-08,
          "cc_threshold": 0.08,
          "cs_threshold": 0.13,
          "msc_threshold": 10.0,
          "arclength_variation_threshold": 0.0,
          "curvature_threshold": 10.0,
          "force_threshold": 1.0,
          "torque_threshold": 1.0,
          "coil_width": 0.04,
          "R0": 10.0
        },
        "final_min_cs_separation": 0.31315168127894866,
        "final_min_cc_separation": 0.07999832139333651,
        "final_total_length": 19.999994366632812,
        "final_max_curvature": 6.162518124092776,
        "final_average_curvature": 2.121045752640337,
        "final_arclength_variation": 3.191991596055059e-05,
        "final_mean_squared_curvature": 6.433938390081603,
        "final_linking_number": 0,
        "final_max_max_coil_force": 577136.6519054596,
        "final_avg_max_coil_force": 433946.2979478795,
        "final_max_max_coil_torque": 267947.90625476936,
        "final_avg_max_coil_torque": 170716.77883991244,
        "avg_BdotN_over_B": 0.0003487058805774636,
        "max_BdotN_over_B": 0.0014528933441155729,
        "lagrange_multipliers": null,
        "output_directory": "/home/runner/work/stellcoilbench/stellcoilbench/submissions/LandremanPaul2021_QA/akaptano/01-28-2026_19-23/order_16",
        "flux_threshold": 1e-08,
        "cc_threshold": 0.08,
        "cs_threshold": 0.13,
        "msc_threshold": 10.0,
        "arclength_variation_threshold": 0.0,
        "curvature_threshold": 10.0,
        "force_threshold": 1.0,
        "torque_threshold": 1.0,
        "fourier_order": 16,
        "continuation_step": 3
      }
    ],
    "initial_B_field": 1.0964309525939573,
    "final_B_field": 1.0965787300932541,
    "target_B_field": 1.0,
    "optimization_time": 293.54810762405396,
    "final_normalized_squared_flux": 7.14085720060876e-07,
    "_cached_thresholds": {
      "length_threshold": 20.0,
      "flux_threshold": 1e-08,
      "cc_threshold": 0.08,
      "cs_threshold": 0.13,
      "msc_threshold": 10.0,
      "arclength_variation_threshold": 0.0,
      "curvature_threshold": 10.0,
      "force_threshold": 1.0,
      "torque_threshold": 1.0,
      "coil_width": 0.04,
      "R0": 10.0
    },
    "final_min_cs_separation": 0.31315168127894866,
    "final_min_cc_separation": 0.07999832139333651,
    "final_total_length": 19.999994366632812,
    "final_max_curvature": 6.162518124092776,
    "final_average_curvature": 2.121045752640337,
    "final_arclength_variation": 3.191991596055059e-05,
    "final_mean_squared_curvature": 6.433938390081603,
    "final_linking_number": 0,
    "final_max_max_coil_force": 577136.6519054596,
    "final_avg_max_coil_force": 433946.2979478795,
    "final_max_max_coil_torque": 267947.90625476936,
    "final_avg_max_coil_torque": 170716.77883991244,
    "avg_BdotN_over_B": 0.0003487058805774636,
    "max_BdotN_over_B": 0.0014528933441155729,
    "lagrange_multipliers": null,
    "output_directory": "/home/runner/work/stellcoilbench/stellcoilbench/submissions/LandremanPaul2021_QA/akaptano/01-28-2026_19-23/order_16",
    "flux_threshold": 1e-08,
    "cc_threshold": 0.08,
    "cs_threshold": 0.13,
    "msc_threshold": 10.0,
    "arclength_variation_threshold": 0.0,
    "curvature_threshold": 10.0,
    "force_threshold": 1.0,
    "torque_threshold": 1.0,
    "fourier_order": 16,
    "continuation_step": 3,
    "BdotN": 0.0002343151754633773,
    "BdotN_over_B": 0.0002476892272924852
  }
}