{
  "metadata": {
    "method_name": "",
    "contact": "akaptano",
    "hardware": "CPU: AMD EPYC 7763 64-Core Processor | RAM: 15.6GB",
    "notes": "",
    "run_date": "2026-01-27T22:20:49.461892"
  },
  "metrics": {
    "fourier_continuation": true,
    "fourier_orders": [
      4,
      8,
      16
    ],
    "final_order": 16,
    "continuation_results": [
      {
        "initial_B_field": 0.9999187287104947,
        "final_B_field": 1.0963115726071213,
        "target_B_field": 1.0,
        "optimization_time": 263.7652883529663,
        "final_normalized_squared_flux": 4.0310415363982765e-06,
        "_cached_thresholds": {
          "length_threshold": 20.0,
          "flux_threshold": 1e-08,
          "cc_threshold": 0.08,
          "cs_threshold": 0.13,
          "msc_threshold": 10.0,
          "arclength_variation_threshold": 0.0,
          "curvature_threshold": 10.0,
          "force_threshold": 0.03077870113881195,
          "torque_threshold": 0.03077870113881195,
          "coil_width": 0.04,
          "R0": 10.0
        },
        "final_min_cs_separation": 0.29863619012721015,
        "final_min_cc_separation": 0.07997298876855123,
        "final_total_length": 19.999791914762955,
        "final_max_curvature": 2.6498998278913843,
        "final_average_curvature": 1.712457328837787,
        "final_arclength_variation": 0.0006331854670313566,
        "final_mean_squared_curvature": 3.422651725656038,
        "final_linking_number": 0,
        "final_max_max_coil_force": 531968.1806049081,
        "final_avg_max_coil_force": 428339.27186267497,
        "final_max_max_coil_torque": 220520.42585231594,
        "final_avg_max_coil_torque": 166583.53351679113,
        "avg_BdotN_over_B": 0.0008913834122628772,
        "max_BdotN_over_B": 0.003357511115566423,
        "lagrange_multipliers": null,
        "output_directory": "/home/runner/work/stellcoilbench/stellcoilbench/submissions/LandremanPaul2021_QA/akaptano/01-27-2026_22-20/order_4",
        "flux_threshold": 1e-08,
        "cc_threshold": 0.08,
        "cs_threshold": 0.13,
        "msc_threshold": 10.0,
        "arclength_variation_threshold": 0.0,
        "curvature_threshold": 10.0,
        "force_threshold": 0.03077870113881195,
        "torque_threshold": 0.03077870113881195,
        "fourier_order": 4,
        "continuation_step": 1
      },
      {
        "initial_B_field": 1.0963115726071213,
        "final_B_field": 1.0964437282375397,
        "target_B_field": 1.0,
        "optimization_time": 276.2791483402252,
        "final_normalized_squared_flux": 1.188203447342603e-06,
        "_cached_thresholds": {
          "length_threshold": 20.0,
          "flux_threshold": 1e-08,
          "cc_threshold": 0.08,
          "cs_threshold": 0.13,
          "msc_threshold": 10.0,
          "arclength_variation_threshold": 0.0,
          "curvature_threshold": 10.0,
          "force_threshold": 1.0,
          "torque_threshold": 1.0,
          "coil_width": 0.04,
          "R0": 10.0
        },
        "final_min_cs_separation": 0.31519116134640635,
        "final_min_cc_separation": 0.08000073999145278,
        "final_total_length": 19.99996487338534,
        "final_max_curvature": 3.378435703258467,
        "final_average_curvature": 1.7611829802211414,
        "final_arclength_variation": 0.00010482832968935606,
        "final_mean_squared_curvature": 3.937801041213934,
        "final_linking_number": 0,
        "final_max_max_coil_force": 557239.6976403045,
        "final_avg_max_coil_force": 434938.642325172,
        "final_max_max_coil_torque": 244122.65838189225,
        "final_avg_max_coil_torque": 159812.23605031226,
        "avg_BdotN_over_B": 0.0004809903226656751,
        "max_BdotN_over_B": 0.0018473019970406336,
        "lagrange_multipliers": null,
        "output_directory": "/home/runner/work/stellcoilbench/stellcoilbench/submissions/LandremanPaul2021_QA/akaptano/01-27-2026_22-20/order_8",
        "flux_threshold": 1e-08,
        "cc_threshold": 0.08,
        "cs_threshold": 0.13,
        "msc_threshold": 10.0,
        "arclength_variation_threshold": 0.0,
        "curvature_threshold": 10.0,
        "force_threshold": 1.0,
        "torque_threshold": 1.0,
        "fourier_order": 8,
        "continuation_step": 2
      },
      {
        "initial_B_field": 1.0964437282375397,
        "final_B_field": 1.0965887277558655,
        "target_B_field": 1.0,
        "optimization_time": 286.09576201438904,
        "final_normalized_squared_flux": 6.91756410729447e-07,
        "_cached_thresholds": {
          "length_threshold": 20.0,
          "flux_threshold": 1e-08,
          "cc_threshold": 0.08,
          "cs_threshold": 0.13,
          "msc_threshold": 10.0,
          "arclength_variation_threshold": 0.0,
          "curvature_threshold": 10.0,
          "force_threshold": 1.0,
          "torque_threshold": 1.0,
          "coil_width": 0.04,
          "R0": 10.0
        },
        "final_min_cs_separation": 0.3194369350257041,
        "final_min_cc_separation": 0.07999695824322234,
        "final_total_length": 20.000015295487053,
        "final_max_curvature": 5.836054178190165,
        "final_average_curvature": 2.0627362975083585,
        "final_arclength_variation": 3.831372584776808e-05,
        "final_mean_squared_curvature": 5.921972267291057,
        "final_linking_number": 0,
        "final_max_max_coil_force": 579467.577502108,
        "final_avg_max_coil_force": 437874.5125092331,
        "final_max_max_coil_torque": 269692.496885531,
        "final_avg_max_coil_torque": 174240.7573008019,
        "avg_BdotN_over_B": 0.00034603695245571557,
        "max_BdotN_over_B": 0.0014204476163913243,
        "lagrange_multipliers": null,
        "output_directory": "/home/runner/work/stellcoilbench/stellcoilbench/submissions/LandremanPaul2021_QA/akaptano/01-27-2026_22-20/order_16",
        "flux_threshold": 1e-08,
        "cc_threshold": 0.08,
        "cs_threshold": 0.13,
        "msc_threshold": 10.0,
        "arclength_variation_threshold": 0.0,
        "curvature_threshold": 10.0,
        "force_threshold": 1.0,
        "torque_threshold": 1.0,
        "fourier_order": 16,
        "continuation_step": 3
      }
    ],
    "initial_B_field": 1.0964437282375397,
    "final_B_field": 1.0965887277558655,
    "target_B_field": 1.0,
    "optimization_time": 286.09576201438904,
    "final_normalized_squared_flux": 6.91756410729447e-07,
    "_cached_thresholds": {
      "length_threshold": 20.0,
      "flux_threshold": 1e-08,
      "cc_threshold": 0.08,
      "cs_threshold": 0.13,
      "msc_threshold": 10.0,
      "arclength_variation_threshold": 0.0,
      "curvature_threshold": 10.0,
      "force_threshold": 1.0,
      "torque_threshold": 1.0,
      "coil_width": 0.04,
      "R0": 10.0
    },
    "final_min_cs_separation": 0.3194369350257041,
    "final_min_cc_separation": 0.07999695824322234,
    "final_total_length": 20.000015295487053,
    "final_max_curvature": 5.836054178190165,
    "final_average_curvature": 2.0627362975083585,
    "final_arclength_variation": 3.831372584776808e-05,
    "final_mean_squared_curvature": 5.921972267291057,
    "final_linking_number": 0,
    "final_max_max_coil_force": 579467.577502108,
    "final_avg_max_coil_force": 437874.5125092331,
    "final_max_max_coil_torque": 269692.496885531,
    "final_avg_max_coil_torque": 174240.7573008019,
    "avg_BdotN_over_B": 0.00034603695245571557,
    "max_BdotN_over_B": 0.0014204476163913243,
    "lagrange_multipliers": null,
    "output_directory": "/home/runner/work/stellcoilbench/stellcoilbench/submissions/LandremanPaul2021_QA/akaptano/01-27-2026_22-20/order_16",
    "flux_threshold": 1e-08,
    "cc_threshold": 0.08,
    "cs_threshold": 0.13,
    "msc_threshold": 10.0,
    "arclength_variation_threshold": 0.0,
    "curvature_threshold": 10.0,
    "force_threshold": 1.0,
    "torque_threshold": 1.0,
    "fourier_order": 16,
    "continuation_step": 3
  }
}