{
  "metadata": {
    "method_name": "",
    "contact": "akaptano",
    "hardware": "CPU: AMD EPYC 7763 64-Core Processor | RAM: 15.6GB",
    "notes": "",
    "run_date": "2026-01-27T22:20:05.686416"
  },
  "metrics": {
    "initial_B_field": 0.9999187287104947,
    "final_B_field": 1.0962391557431626,
    "target_B_field": 1.0,
    "optimization_time": 539.5783264636993,
    "final_normalized_squared_flux": 1.4525791029228948e-06,
    "_cached_thresholds": {
      "length_threshold": 24.0,
      "flux_threshold": 1e-08,
      "cc_threshold": 0.08,
      "cs_threshold": 0.13,
      "msc_threshold": 10.0,
      "arclength_variation_threshold": 0.0,
      "curvature_threshold": 10.0,
      "force_threshold": 0.03077870113881195,
      "torque_threshold": 0.03077870113881195,
      "coil_width": 0.04,
      "R0": 10.0
    },
    "final_min_cs_separation": 0.29585668642543395,
    "final_min_cc_separation": 0.07997257657233577,
    "final_total_length": 23.073777742737974,
    "final_max_curvature": 4.8654792146601045,
    "final_average_curvature": 2.1027250809998286,
    "final_arclength_variation": 0.0002057292025371043,
    "final_mean_squared_curvature": 7.736244324583765,
    "final_linking_number": 0,
    "final_max_max_coil_force": 557477.3411406182,
    "final_avg_max_coil_force": 492479.84711129067,
    "final_max_max_coil_torque": 275481.7454819146,
    "final_avg_max_coil_torque": 258128.75825454347,
    "avg_BdotN_over_B": 0.00048005678621366413,
    "max_BdotN_over_B": 0.0018623874963931758,
    "lagrange_multipliers": null,
    "output_directory": "/home/runner/work/stellcoilbench/stellcoilbench/submissions/LandremanPaul2021_QA/akaptano/01-27-2026_22-20",
    "flux_threshold": 1e-08,
    "cc_threshold": 0.08,
    "cs_threshold": 0.13,
    "msc_threshold": 10.0,
    "arclength_variation_threshold": 0.0,
    "curvature_threshold": 10.0,
    "force_threshold": 0.03077870113881195,
    "torque_threshold": 0.03077870113881195
  }
}