{
  "@module": "simsopt._core.json",
  "@class": "SIMSON",
  "@version": "0.1.dev5270+gee055f063",
  "graph": [
    {
      "$type": "ref",
      "value": "RegularizedCoil33"
    },
    {
      "$type": "ref",
      "value": "RegularizedCoil34"
    },
    {
      "$type": "ref",
      "value": "RegularizedCoil35"
    },
    {
      "$type": "ref",
      "value": "RegularizedCoil36"
    },
    {
      "$type": "ref",
      "value": "RegularizedCoil37"
    },
    {
      "$type": "ref",
      "value": "RegularizedCoil38"
    },
    {
      "$type": "ref",
      "value": "RegularizedCoil39"
    },
    {
      "$type": "ref",
      "value": "RegularizedCoil40"
    },
    {
      "$type": "ref",
      "value": "RegularizedCoil41"
    },
    {
      "$type": "ref",
      "value": "RegularizedCoil42"
    },
    {
      "$type": "ref",
      "value": "RegularizedCoil43"
    },
    {
      "$type": "ref",
      "value": "RegularizedCoil44"
    },
    {
      "$type": "ref",
      "value": "RegularizedCoil45"
    },
    {
      "$type": "ref",
      "value": "RegularizedCoil46"
    },
    {
      "$type": "ref",
      "value": "RegularizedCoil47"
    },
    {
      "$type": "ref",
      "value": "RegularizedCoil48"
    }
  ],
  "simsopt_objs": {
    "140140488540912": {
      "@module": "simsopt._core.optimizable",
      "@class": "DOFs",
      "@name": "140140488540912",
      "@version": "0.1.dev5270+gee055f063",
      "x": {
        "@module": "numpy",
        "@class": "array",
        "dtype": "float64",
        "data": [
          1.8365929709158069,
          -0.091216831047833,
          0.4033696013474578,
          -0.008786840358580073,
          0.14145465602929452,
          -0.03303660378296108,
          0.1508537570171485,
          -0.10815171195249243,
          0.010715431278418185,
          -0.011210436957644988,
          -0.0645167006228709,
          0.027947211391887935,
          -0.014913054673055011,
          0.004865389083195499,
          0.002236941850869811,
          -0.00305820183748112,
          -0.0007200027713031007,
          0.38254896742815353,
          -0.32931986084680204,
          -0.1525902123174864,
          -0.009403771111716844,
          -0.13904085096224206,
          0.03052290673830463,
          -0.03936140555488014,
          0.03514104677439894,
          0.0069119503666021705,
          -0.013042777269216443,
          0.01874490552749914,
          -0.013136610556715942,
          -0.00443271650962232,
          -0.005987488773654532,
          0.002525875761309369,
          0.000204811343033237,
          -7.655047097102817e-05,
          0.28391109589763025,
          -0.38612287193228356,
          0.25285313887145533,
          -0.251191177976806,
          -0.15911516843508186,
          -0.012007556426377323,
          -0.12954135083504756,
          0.011897403568622879,
          -0.043266003975728065,
          -0.0016195237505390553,
          -0.03028830267607685,
          0.014407305436140043,
          -0.016094961185341757,
          0.00931141982332565,
          0.010289172772138257,
          -0.0046664370004065,
          0.006897782894712358
        ]
      },
      "names": [
        "xc(0)",
        "xs(1)",
        "xc(1)",
        "xs(2)",
        "xc(2)",
        "xs(3)",
        "xc(3)",
        "xs(4)",
        "xc(4)",
        "xs(5)",
        "xc(5)",
        "xs(6)",
        "xc(6)",
        "xs(7)",
        "xc(7)",
        "xs(8)",
        "xc(8)",
        "yc(0)",
        "ys(1)",
        "yc(1)",
        "ys(2)",
        "yc(2)",
        "ys(3)",
        "yc(3)",
        "ys(4)",
        "yc(4)",
        "ys(5)",
        "yc(5)",
        "ys(6)",
        "yc(6)",
        "ys(7)",
        "yc(7)",
        "ys(8)",
        "yc(8)",
        "zc(0)",
        "zs(1)",
        "zc(1)",
        "zs(2)",
        "zc(2)",
        "zs(3)",
        "zc(3)",
        "zs(4)",
        "zc(4)",
        "zs(5)",
        "zc(5)",
        "zs(6)",
        "zc(6)",
        "zs(7)",
        "zc(7)",
        "zs(8)",
        "zc(8)"
      ],
      "free": {
        "@module": "numpy",
        "@class": "array",
        "dtype": "bool",
        "data": [
          true,
          true,
          true,
          true,
          true,
          true,
          true,
          true,
          true,
          true,
          true,
          true,
          true,
          true,
          true,
          true,
          true,
          true,
          true,
          true,
          true,
          true,
          true,
          true,
          true,
          true,
          true,
          true,
          true,
          true,
          true,
          true,
          true,
          true,
          true,
          true,
          true,
          true,
          true,
          true,
          true,
          true,
          true,
          true,
          true,
          true,
          true,
          true,
          true,
          true,
          true
        ]
      },
      "lower_bounds": {
        "@module": "numpy",
        "@class": "array",
        "dtype": "float64",
        "data": [
          -Infinity,
          -Infinity,
          -Infinity,
          -Infinity,
          -Infinity,
          -Infinity,
          -Infinity,
          -Infinity,
          -Infinity,
          -Infinity,
          -Infinity,
          -Infinity,
          -Infinity,
          -Infinity,
          -Infinity,
          -Infinity,
          -Infinity,
          -Infinity,
          -Infinity,
          -Infinity,
          -Infinity,
          -Infinity,
          -Infinity,
          -Infinity,
          -Infinity,
          -Infinity,
          -Infinity,
          -Infinity,
          -Infinity,
          -Infinity,
          -Infinity,
          -Infinity,
          -Infinity,
          -Infinity,
          -Infinity,
          -Infinity,
          -Infinity,
          -Infinity,
          -Infinity,
          -Infinity,
          -Infinity,
          -Infinity,
          -Infinity,
          -Infinity,
          -Infinity,
          -Infinity,
          -Infinity,
          -Infinity,
          -Infinity,
          -Infinity,
          -Infinity
        ]
      },
      "upper_bounds": {
        "@module": "numpy",
        "@class": "array",
        "dtype": "float64",
        "data": [
          Infinity,
          Infinity,
          Infinity,
          Infinity,
          Infinity,
          Infinity,
          Infinity,
          Infinity,
          Infinity,
          Infinity,
          Infinity,
          Infinity,
          Infinity,
          Infinity,
          Infinity,
          Infinity,
          Infinity,
          Infinity,
          Infinity,
          Infinity,
          Infinity,
          Infinity,
          Infinity,
          Infinity,
          Infinity,
          Infinity,
          Infinity,
          Infinity,
          Infinity,
          Infinity,
          Infinity,
          Infinity,
          Infinity,
          Infinity,
          Infinity,
          Infinity,
          Infinity,
          Infinity,
          Infinity,
          Infinity,
          Infinity,
          Infinity,
          Infinity,
          Infinity,
          Infinity,
          Infinity,
          Infinity,
          Infinity,
          Infinity,
          Infinity,
          Infinity
        ]
      }
    },
    "CurveXYZFourier1": {
      "@module": "simsopt.geo.curvexyzfourier",
      "@class": "CurveXYZFourier",
      "@name": "CurveXYZFourier1",
      "@version": "0.1.dev5270+gee055f063",
      "quadpoints": {
        "@module": "numpy",
        "@class": "array",
        "dtype": "float64",
        "data": [
          0.0,
          0.00390625,
          0.0078125,
          0.01171875,
          0.015625,
          0.01953125,
          0.0234375,
          0.02734375,
          0.03125,
          0.03515625,
          0.0390625,
          0.04296875,
          0.046875,
          0.05078125,
          0.0546875,
          0.05859375,
          0.0625,
          0.06640625,
          0.0703125,
          0.07421875,
          0.078125,
          0.08203125,
          0.0859375,
          0.08984375,
          0.09375,
          0.09765625,
          0.1015625,
          0.10546875,
          0.109375,
          0.11328125,
          0.1171875,
          0.12109375,
          0.125,
          0.12890625,
          0.1328125,
          0.13671875,
          0.140625,
          0.14453125,
          0.1484375,
          0.15234375,
          0.15625,
          0.16015625,
          0.1640625,
          0.16796875,
          0.171875,
          0.17578125,
          0.1796875,
          0.18359375,
          0.1875,
          0.19140625,
          0.1953125,
          0.19921875,
          0.203125,
          0.20703125,
          0.2109375,
          0.21484375,
          0.21875,
          0.22265625,
          0.2265625,
          0.23046875,
          0.234375,
          0.23828125,
          0.2421875,
          0.24609375,
          0.25,
          0.25390625,
          0.2578125,
          0.26171875,
          0.265625,
          0.26953125,
          0.2734375,
          0.27734375,
          0.28125,
          0.28515625,
          0.2890625,
          0.29296875,
          0.296875,
          0.30078125,
          0.3046875,
          0.30859375,
          0.3125,
          0.31640625,
          0.3203125,
          0.32421875,
          0.328125,
          0.33203125,
          0.3359375,
          0.33984375,
          0.34375,
          0.34765625,
          0.3515625,
          0.35546875,
          0.359375,
          0.36328125,
          0.3671875,
          0.37109375,
          0.375,
          0.37890625,
          0.3828125,
          0.38671875,
          0.390625,
          0.39453125,
          0.3984375,
          0.40234375,
          0.40625,
          0.41015625,
          0.4140625,
          0.41796875,
          0.421875,
          0.42578125,
          0.4296875,
          0.43359375,
          0.4375,
          0.44140625,
          0.4453125,
          0.44921875,
          0.453125,
          0.45703125,
          0.4609375,
          0.46484375,
          0.46875,
          0.47265625,
          0.4765625,
          0.48046875,
          0.484375,
          0.48828125,
          0.4921875,
          0.49609375,
          0.5,
          0.50390625,
          0.5078125,
          0.51171875,
          0.515625,
          0.51953125,
          0.5234375,
          0.52734375,
          0.53125,
          0.53515625,
          0.5390625,
          0.54296875,
          0.546875,
          0.55078125,
          0.5546875,
          0.55859375,
          0.5625,
          0.56640625,
          0.5703125,
          0.57421875,
          0.578125,
          0.58203125,
          0.5859375,
          0.58984375,
          0.59375,
          0.59765625,
          0.6015625,
          0.60546875,
          0.609375,
          0.61328125,
          0.6171875,
          0.62109375,
          0.625,
          0.62890625,
          0.6328125,
          0.63671875,
          0.640625,
          0.64453125,
          0.6484375,
          0.65234375,
          0.65625,
          0.66015625,
          0.6640625,
          0.66796875,
          0.671875,
          0.67578125,
          0.6796875,
          0.68359375,
          0.6875,
          0.69140625,
          0.6953125,
          0.69921875,
          0.703125,
          0.70703125,
          0.7109375,
          0.71484375,
          0.71875,
          0.72265625,
          0.7265625,
          0.73046875,
          0.734375,
          0.73828125,
          0.7421875,
          0.74609375,
          0.75,
          0.75390625,
          0.7578125,
          0.76171875,
          0.765625,
          0.76953125,
          0.7734375,
          0.77734375,
          0.78125,
          0.78515625,
          0.7890625,
          0.79296875,
          0.796875,
          0.80078125,
          0.8046875,
          0.80859375,
          0.8125,
          0.81640625,
          0.8203125,
          0.82421875,
          0.828125,
          0.83203125,
          0.8359375,
          0.83984375,
          0.84375,
          0.84765625,
          0.8515625,
          0.85546875,
          0.859375,
          0.86328125,
          0.8671875,
          0.87109375,
          0.875,
          0.87890625,
          0.8828125,
          0.88671875,
          0.890625,
          0.89453125,
          0.8984375,
          0.90234375,
          0.90625,
          0.91015625,
          0.9140625,
          0.91796875,
          0.921875,
          0.92578125,
          0.9296875,
          0.93359375,
          0.9375,
          0.94140625,
          0.9453125,
          0.94921875,
          0.953125,
          0.95703125,
          0.9609375,
          0.96484375,
          0.96875,
          0.97265625,
          0.9765625,
          0.98046875,
          0.984375,
          0.98828125,
          0.9921875,
          0.99609375
        ]
      },
      "order": 8,
      "dofs": {
        "$type": "ref",
        "value": "140140488540912"
      }
    },
    "140140437564176": {
      "@module": "simsopt._core.optimizable",
      "@class": "DOFs",
      "@name": "140140437564176",
      "@version": "0.1.dev5270+gee055f063",
      "x": {
        "@module": "numpy",
        "@class": "array",
        "dtype": "float64",
        "data": [
          0.0317964608036465
        ]
      },
      "names": [
        "x0"
      ],
      "free": {
        "@module": "numpy",
        "@class": "array",
        "dtype": "bool",
        "data": [
          true
        ]
      },
      "lower_bounds": {
        "@module": "numpy",
        "@class": "array",
        "dtype": "float64",
        "data": [
          -Infinity
        ]
      },
      "upper_bounds": {
        "@module": "numpy",
        "@class": "array",
        "dtype": "float64",
        "data": [
          Infinity
        ]
      }
    },
    "Current9": {
      "@module": "simsopt.field.coil",
      "@class": "Current",
      "@name": "Current9",
      "@version": "0.1.dev5270+gee055f063",
      "current": 0.0317964608036465,
      "dofs": {
        "$type": "ref",
        "value": "140140437564176"
      }
    },
    "ScaledCurrent25": {
      "@module": "simsopt.field.coil",
      "@class": "ScaledCurrent",
      "@name": "ScaledCurrent25",
      "@version": "0.1.dev5270+gee055f063",
      "current_to_scale": {
        "$type": "ref",
        "value": "Current9"
      },
      "scale": 10000000.0
    },
    "RegularizedCoil33": {
      "@module": "simsopt.field.coil",
      "@class": "RegularizedCoil",
      "@name": "RegularizedCoil33",
      "@version": "0.1.dev5270+gee055f063",
      "curve": {
        "$type": "ref",
        "value": "CurveXYZFourier1"
      },
      "current": {
        "$type": "ref",
        "value": "ScaledCurrent25"
      },
      "regularization": {
        "@module": "numpy",
        "@class": "array",
        "dtype": "float64",
        "data": 0.0009704490555402135
      }
    },
    "140140488541680": {
      "@module": "simsopt._core.optimizable",
      "@class": "DOFs",
      "@name": "140140488541680",
      "@version": "0.1.dev5270+gee055f063",
      "x": {
        "@module": "numpy",
        "@class": "array",
        "dtype": "float64",
        "data": [
          1.226719412853621,
          0.07004347775012139,
          0.30750069726461154,
          -0.09281259422932618,
          0.10532936507089695,
          -0.06766670424278713,
          -0.030590400457891936,
          0.024940085936651885,
          -0.05884260647313327,
          0.039250704659308897,
          0.009929734192580338,
          -0.004011445449749819,
          0.019065221220882906,
          -0.007368559569221895,
          -0.0021810883413979757,
          0.003407724835290356,
          -0.004604235149999983,
          0.8942966224402896,
          -0.21993967507572584,
          -0.07350485184931882,
          0.061875500444668184,
          -0.01706745333891667,
          -0.035408084618514975,
          0.06292673191772612,
          -0.02920170815626221,
          -0.019537713527651532,
          0.014386377203203259,
          -0.014281030819523716,
          0.006790952448054753,
          0.004282210577928988,
          -0.0012057344373287587,
          4.02254233553163e-05,
          6.97690707086239e-05,
          0.0009866334709934443,
          0.25220020445581937,
          -0.3803350364056203,
          0.16586117619623883,
          -0.11699216152423313,
          -0.1932031857948184,
          0.0570814315851363,
          -0.0411334207757865,
          0.005950523939651945,
          0.002775105638124562,
          0.012193005949955751,
          -0.007521711253505015,
          0.01351446344496441,
          0.009161258291972679,
          -0.0021125641473628215,
          0.0095106703698576,
          -0.0024426340837927713,
          -0.00036737177248176477
        ]
      },
      "names": [
        "xc(0)",
        "xs(1)",
        "xc(1)",
        "xs(2)",
        "xc(2)",
        "xs(3)",
        "xc(3)",
        "xs(4)",
        "xc(4)",
        "xs(5)",
        "xc(5)",
        "xs(6)",
        "xc(6)",
        "xs(7)",
        "xc(7)",
        "xs(8)",
        "xc(8)",
        "yc(0)",
        "ys(1)",
        "yc(1)",
        "ys(2)",
        "yc(2)",
        "ys(3)",
        "yc(3)",
        "ys(4)",
        "yc(4)",
        "ys(5)",
        "yc(5)",
        "ys(6)",
        "yc(6)",
        "ys(7)",
        "yc(7)",
        "ys(8)",
        "yc(8)",
        "zc(0)",
        "zs(1)",
        "zc(1)",
        "zs(2)",
        "zc(2)",
        "zs(3)",
        "zc(3)",
        "zs(4)",
        "zc(4)",
        "zs(5)",
        "zc(5)",
        "zs(6)",
        "zc(6)",
        "zs(7)",
        "zc(7)",
        "zs(8)",
        "zc(8)"
      ],
      "free": {
        "@module": "numpy",
        "@class": "array",
        "dtype": "bool",
        "data": [
          true,
          true,
          true,
          true,
          true,
          true,
          true,
          true,
          true,
          true,
          true,
          true,
          true,
          true,
          true,
          true,
          true,
          true,
          true,
          true,
          true,
          true,
          true,
          true,
          true,
          true,
          true,
          true,
          true,
          true,
          true,
          true,
          true,
          true,
          true,
          true,
          true,
          true,
          true,
          true,
          true,
          true,
          true,
          true,
          true,
          true,
          true,
          true,
          true,
          true,
          true
        ]
      },
      "lower_bounds": {
        "@module": "numpy",
        "@class": "array",
        "dtype": "float64",
        "data": [
          -Infinity,
          -Infinity,
          -Infinity,
          -Infinity,
          -Infinity,
          -Infinity,
          -Infinity,
          -Infinity,
          -Infinity,
          -Infinity,
          -Infinity,
          -Infinity,
          -Infinity,
          -Infinity,
          -Infinity,
          -Infinity,
          -Infinity,
          -Infinity,
          -Infinity,
          -Infinity,
          -Infinity,
          -Infinity,
          -Infinity,
          -Infinity,
          -Infinity,
          -Infinity,
          -Infinity,
          -Infinity,
          -Infinity,
          -Infinity,
          -Infinity,
          -Infinity,
          -Infinity,
          -Infinity,
          -Infinity,
          -Infinity,
          -Infinity,
          -Infinity,
          -Infinity,
          -Infinity,
          -Infinity,
          -Infinity,
          -Infinity,
          -Infinity,
          -Infinity,
          -Infinity,
          -Infinity,
          -Infinity,
          -Infinity,
          -Infinity,
          -Infinity
        ]
      },
      "upper_bounds": {
        "@module": "numpy",
        "@class": "array",
        "dtype": "float64",
        "data": [
          Infinity,
          Infinity,
          Infinity,
          Infinity,
          Infinity,
          Infinity,
          Infinity,
          Infinity,
          Infinity,
          Infinity,
          Infinity,
          Infinity,
          Infinity,
          Infinity,
          Infinity,
          Infinity,
          Infinity,
          Infinity,
          Infinity,
          Infinity,
          Infinity,
          Infinity,
          Infinity,
          Infinity,
          Infinity,
          Infinity,
          Infinity,
          Infinity,
          Infinity,
          Infinity,
          Infinity,
          Infinity,
          Infinity,
          Infinity,
          Infinity,
          Infinity,
          Infinity,
          Infinity,
          Infinity,
          Infinity,
          Infinity,
          Infinity,
          Infinity,
          Infinity,
          Infinity,
          Infinity,
          Infinity,
          Infinity,
          Infinity,
          Infinity,
          Infinity
        ]
      }
    },
    "CurveXYZFourier2": {
      "@module": "simsopt.geo.curvexyzfourier",
      "@class": "CurveXYZFourier",
      "@name": "CurveXYZFourier2",
      "@version": "0.1.dev5270+gee055f063",
      "quadpoints": {
        "@module": "numpy",
        "@class": "array",
        "dtype": "float64",
        "data": [
          0.0,
          0.00390625,
          0.0078125,
          0.01171875,
          0.015625,
          0.01953125,
          0.0234375,
          0.02734375,
          0.03125,
          0.03515625,
          0.0390625,
          0.04296875,
          0.046875,
          0.05078125,
          0.0546875,
          0.05859375,
          0.0625,
          0.06640625,
          0.0703125,
          0.07421875,
          0.078125,
          0.08203125,
          0.0859375,
          0.08984375,
          0.09375,
          0.09765625,
          0.1015625,
          0.10546875,
          0.109375,
          0.11328125,
          0.1171875,
          0.12109375,
          0.125,
          0.12890625,
          0.1328125,
          0.13671875,
          0.140625,
          0.14453125,
          0.1484375,
          0.15234375,
          0.15625,
          0.16015625,
          0.1640625,
          0.16796875,
          0.171875,
          0.17578125,
          0.1796875,
          0.18359375,
          0.1875,
          0.19140625,
          0.1953125,
          0.19921875,
          0.203125,
          0.20703125,
          0.2109375,
          0.21484375,
          0.21875,
          0.22265625,
          0.2265625,
          0.23046875,
          0.234375,
          0.23828125,
          0.2421875,
          0.24609375,
          0.25,
          0.25390625,
          0.2578125,
          0.26171875,
          0.265625,
          0.26953125,
          0.2734375,
          0.27734375,
          0.28125,
          0.28515625,
          0.2890625,
          0.29296875,
          0.296875,
          0.30078125,
          0.3046875,
          0.30859375,
          0.3125,
          0.31640625,
          0.3203125,
          0.32421875,
          0.328125,
          0.33203125,
          0.3359375,
          0.33984375,
          0.34375,
          0.34765625,
          0.3515625,
          0.35546875,
          0.359375,
          0.36328125,
          0.3671875,
          0.37109375,
          0.375,
          0.37890625,
          0.3828125,
          0.38671875,
          0.390625,
          0.39453125,
          0.3984375,
          0.40234375,
          0.40625,
          0.41015625,
          0.4140625,
          0.41796875,
          0.421875,
          0.42578125,
          0.4296875,
          0.43359375,
          0.4375,
          0.44140625,
          0.4453125,
          0.44921875,
          0.453125,
          0.45703125,
          0.4609375,
          0.46484375,
          0.46875,
          0.47265625,
          0.4765625,
          0.48046875,
          0.484375,
          0.48828125,
          0.4921875,
          0.49609375,
          0.5,
          0.50390625,
          0.5078125,
          0.51171875,
          0.515625,
          0.51953125,
          0.5234375,
          0.52734375,
          0.53125,
          0.53515625,
          0.5390625,
          0.54296875,
          0.546875,
          0.55078125,
          0.5546875,
          0.55859375,
          0.5625,
          0.56640625,
          0.5703125,
          0.57421875,
          0.578125,
          0.58203125,
          0.5859375,
          0.58984375,
          0.59375,
          0.59765625,
          0.6015625,
          0.60546875,
          0.609375,
          0.61328125,
          0.6171875,
          0.62109375,
          0.625,
          0.62890625,
          0.6328125,
          0.63671875,
          0.640625,
          0.64453125,
          0.6484375,
          0.65234375,
          0.65625,
          0.66015625,
          0.6640625,
          0.66796875,
          0.671875,
          0.67578125,
          0.6796875,
          0.68359375,
          0.6875,
          0.69140625,
          0.6953125,
          0.69921875,
          0.703125,
          0.70703125,
          0.7109375,
          0.71484375,
          0.71875,
          0.72265625,
          0.7265625,
          0.73046875,
          0.734375,
          0.73828125,
          0.7421875,
          0.74609375,
          0.75,
          0.75390625,
          0.7578125,
          0.76171875,
          0.765625,
          0.76953125,
          0.7734375,
          0.77734375,
          0.78125,
          0.78515625,
          0.7890625,
          0.79296875,
          0.796875,
          0.80078125,
          0.8046875,
          0.80859375,
          0.8125,
          0.81640625,
          0.8203125,
          0.82421875,
          0.828125,
          0.83203125,
          0.8359375,
          0.83984375,
          0.84375,
          0.84765625,
          0.8515625,
          0.85546875,
          0.859375,
          0.86328125,
          0.8671875,
          0.87109375,
          0.875,
          0.87890625,
          0.8828125,
          0.88671875,
          0.890625,
          0.89453125,
          0.8984375,
          0.90234375,
          0.90625,
          0.91015625,
          0.9140625,
          0.91796875,
          0.921875,
          0.92578125,
          0.9296875,
          0.93359375,
          0.9375,
          0.94140625,
          0.9453125,
          0.94921875,
          0.953125,
          0.95703125,
          0.9609375,
          0.96484375,
          0.96875,
          0.97265625,
          0.9765625,
          0.98046875,
          0.984375,
          0.98828125,
          0.9921875,
          0.99609375
        ]
      },
      "order": 8,
      "dofs": {
        "$type": "ref",
        "value": "140140488541680"
      }
    },
    "140140437635728": {
      "@module": "simsopt._core.optimizable",
      "@class": "DOFs",
      "@name": "140140437635728",
      "@version": "0.1.dev5270+gee055f063",
      "x": {
        "@module": "numpy",
        "@class": "array",
        "dtype": "float64",
        "data": [
          0.03729762546148038
        ]
      },
      "names": [
        "x0"
      ],
      "free": {
        "@module": "numpy",
        "@class": "array",
        "dtype": "bool",
        "data": [
          true
        ]
      },
      "lower_bounds": {
        "@module": "numpy",
        "@class": "array",
        "dtype": "float64",
        "data": [
          -Infinity
        ]
      },
      "upper_bounds": {
        "@module": "numpy",
        "@class": "array",
        "dtype": "float64",
        "data": [
          Infinity
        ]
      }
    },
    "Current10": {
      "@module": "simsopt.field.coil",
      "@class": "Current",
      "@name": "Current10",
      "@version": "0.1.dev5270+gee055f063",
      "current": 0.03729762546148038,
      "dofs": {
        "$type": "ref",
        "value": "140140437635728"
      }
    },
    "ScaledCurrent26": {
      "@module": "simsopt.field.coil",
      "@class": "ScaledCurrent",
      "@name": "ScaledCurrent26",
      "@version": "0.1.dev5270+gee055f063",
      "current_to_scale": {
        "$type": "ref",
        "value": "Current10"
      },
      "scale": 10000000.0
    },
    "RegularizedCoil34": {
      "@module": "simsopt.field.coil",
      "@class": "RegularizedCoil",
      "@name": "RegularizedCoil34",
      "@version": "0.1.dev5270+gee055f063",
      "curve": {
        "$type": "ref",
        "value": "CurveXYZFourier2"
      },
      "current": {
        "$type": "ref",
        "value": "ScaledCurrent26"
      },
      "regularization": {
        "@module": "numpy",
        "@class": "array",
        "dtype": "float64",
        "data": 0.0009704490555402135
      }
    },
    "140140488542448": {
      "@module": "simsopt._core.optimizable",
      "@class": "DOFs",
      "@name": "140140488542448",
      "@version": "0.1.dev5270+gee055f063",
      "x": {
        "@module": "numpy",
        "@class": "array",
        "dtype": "float64",
        "data": [
          0.6242167447440937,
          0.17301161320524583,
          0.0017212222223140163,
          -0.06451653349654657,
          -0.07692697633820278,
          0.04656869630144379,
          0.01311201459591274,
          0.01215675794673148,
          0.040537734396149744,
          -0.03290369172647463,
          -0.0032885379832301763,
          -0.0014233102446812474,
          -0.017839829788542674,
          0.015967054040513236,
          -0.0036121036338949614,
          -0.0015162210652363963,
          0.011524083196675243,
          0.8753223590173251,
          -0.05971984233327956,
          0.3506348861027938,
          -0.052002161845483896,
          -0.06935688991403473,
          -0.0024740972319704816,
          -0.04810323473061202,
          0.02910778927557678,
          0.012060089642920834,
          -0.0035542601779032018,
          0.012466305164239683,
          -0.006392046716620992,
          -0.0005036217668313237,
          0.00028236748981485513,
          -0.0017125053601218952,
          -0.0008786604703898575,
          -0.004635439395164313,
          0.18270656658513215,
          -0.3713336403719287,
          -0.032411734310554385,
          0.020298358575375156,
          -0.15356617999851707,
          0.0890120786295396,
          0.0065805479002967624,
          -0.016808620252531836,
          0.04520224415450901,
          -0.02308018831108979,
          -0.012160375983973102,
          0.009047899245129474,
          -0.012314043372401521,
          0.0007002108771109155,
          0.004017743691660542,
          0.0012710799222620116,
          -0.004170127909705774
        ]
      },
      "names": [
        "xc(0)",
        "xs(1)",
        "xc(1)",
        "xs(2)",
        "xc(2)",
        "xs(3)",
        "xc(3)",
        "xs(4)",
        "xc(4)",
        "xs(5)",
        "xc(5)",
        "xs(6)",
        "xc(6)",
        "xs(7)",
        "xc(7)",
        "xs(8)",
        "xc(8)",
        "yc(0)",
        "ys(1)",
        "yc(1)",
        "ys(2)",
        "yc(2)",
        "ys(3)",
        "yc(3)",
        "ys(4)",
        "yc(4)",
        "ys(5)",
        "yc(5)",
        "ys(6)",
        "yc(6)",
        "ys(7)",
        "yc(7)",
        "ys(8)",
        "yc(8)",
        "zc(0)",
        "zs(1)",
        "zc(1)",
        "zs(2)",
        "zc(2)",
        "zs(3)",
        "zc(3)",
        "zs(4)",
        "zc(4)",
        "zs(5)",
        "zc(5)",
        "zs(6)",
        "zc(6)",
        "zs(7)",
        "zc(7)",
        "zs(8)",
        "zc(8)"
      ],
      "free": {
        "@module": "numpy",
        "@class": "array",
        "dtype": "bool",
        "data": [
          true,
          true,
          true,
          true,
          true,
          true,
          true,
          true,
          true,
          true,
          true,
          true,
          true,
          true,
          true,
          true,
          true,
          true,
          true,
          true,
          true,
          true,
          true,
          true,
          true,
          true,
          true,
          true,
          true,
          true,
          true,
          true,
          true,
          true,
          true,
          true,
          true,
          true,
          true,
          true,
          true,
          true,
          true,
          true,
          true,
          true,
          true,
          true,
          true,
          true,
          true
        ]
      },
      "lower_bounds": {
        "@module": "numpy",
        "@class": "array",
        "dtype": "float64",
        "data": [
          -Infinity,
          -Infinity,
          -Infinity,
          -Infinity,
          -Infinity,
          -Infinity,
          -Infinity,
          -Infinity,
          -Infinity,
          -Infinity,
          -Infinity,
          -Infinity,
          -Infinity,
          -Infinity,
          -Infinity,
          -Infinity,
          -Infinity,
          -Infinity,
          -Infinity,
          -Infinity,
          -Infinity,
          -Infinity,
          -Infinity,
          -Infinity,
          -Infinity,
          -Infinity,
          -Infinity,
          -Infinity,
          -Infinity,
          -Infinity,
          -Infinity,
          -Infinity,
          -Infinity,
          -Infinity,
          -Infinity,
          -Infinity,
          -Infinity,
          -Infinity,
          -Infinity,
          -Infinity,
          -Infinity,
          -Infinity,
          -Infinity,
          -Infinity,
          -Infinity,
          -Infinity,
          -Infinity,
          -Infinity,
          -Infinity,
          -Infinity,
          -Infinity
        ]
      },
      "upper_bounds": {
        "@module": "numpy",
        "@class": "array",
        "dtype": "float64",
        "data": [
          Infinity,
          Infinity,
          Infinity,
          Infinity,
          Infinity,
          Infinity,
          Infinity,
          Infinity,
          Infinity,
          Infinity,
          Infinity,
          Infinity,
          Infinity,
          Infinity,
          Infinity,
          Infinity,
          Infinity,
          Infinity,
          Infinity,
          Infinity,
          Infinity,
          Infinity,
          Infinity,
          Infinity,
          Infinity,
          Infinity,
          Infinity,
          Infinity,
          Infinity,
          Infinity,
          Infinity,
          Infinity,
          Infinity,
          Infinity,
          Infinity,
          Infinity,
          Infinity,
          Infinity,
          Infinity,
          Infinity,
          Infinity,
          Infinity,
          Infinity,
          Infinity,
          Infinity,
          Infinity,
          Infinity,
          Infinity,
          Infinity,
          Infinity,
          Infinity
        ]
      }
    },
    "CurveXYZFourier3": {
      "@module": "simsopt.geo.curvexyzfourier",
      "@class": "CurveXYZFourier",
      "@name": "CurveXYZFourier3",
      "@version": "0.1.dev5270+gee055f063",
      "quadpoints": {
        "@module": "numpy",
        "@class": "array",
        "dtype": "float64",
        "data": [
          0.0,
          0.00390625,
          0.0078125,
          0.01171875,
          0.015625,
          0.01953125,
          0.0234375,
          0.02734375,
          0.03125,
          0.03515625,
          0.0390625,
          0.04296875,
          0.046875,
          0.05078125,
          0.0546875,
          0.05859375,
          0.0625,
          0.06640625,
          0.0703125,
          0.07421875,
          0.078125,
          0.08203125,
          0.0859375,
          0.08984375,
          0.09375,
          0.09765625,
          0.1015625,
          0.10546875,
          0.109375,
          0.11328125,
          0.1171875,
          0.12109375,
          0.125,
          0.12890625,
          0.1328125,
          0.13671875,
          0.140625,
          0.14453125,
          0.1484375,
          0.15234375,
          0.15625,
          0.16015625,
          0.1640625,
          0.16796875,
          0.171875,
          0.17578125,
          0.1796875,
          0.18359375,
          0.1875,
          0.19140625,
          0.1953125,
          0.19921875,
          0.203125,
          0.20703125,
          0.2109375,
          0.21484375,
          0.21875,
          0.22265625,
          0.2265625,
          0.23046875,
          0.234375,
          0.23828125,
          0.2421875,
          0.24609375,
          0.25,
          0.25390625,
          0.2578125,
          0.26171875,
          0.265625,
          0.26953125,
          0.2734375,
          0.27734375,
          0.28125,
          0.28515625,
          0.2890625,
          0.29296875,
          0.296875,
          0.30078125,
          0.3046875,
          0.30859375,
          0.3125,
          0.31640625,
          0.3203125,
          0.32421875,
          0.328125,
          0.33203125,
          0.3359375,
          0.33984375,
          0.34375,
          0.34765625,
          0.3515625,
          0.35546875,
          0.359375,
          0.36328125,
          0.3671875,
          0.37109375,
          0.375,
          0.37890625,
          0.3828125,
          0.38671875,
          0.390625,
          0.39453125,
          0.3984375,
          0.40234375,
          0.40625,
          0.41015625,
          0.4140625,
          0.41796875,
          0.421875,
          0.42578125,
          0.4296875,
          0.43359375,
          0.4375,
          0.44140625,
          0.4453125,
          0.44921875,
          0.453125,
          0.45703125,
          0.4609375,
          0.46484375,
          0.46875,
          0.47265625,
          0.4765625,
          0.48046875,
          0.484375,
          0.48828125,
          0.4921875,
          0.49609375,
          0.5,
          0.50390625,
          0.5078125,
          0.51171875,
          0.515625,
          0.51953125,
          0.5234375,
          0.52734375,
          0.53125,
          0.53515625,
          0.5390625,
          0.54296875,
          0.546875,
          0.55078125,
          0.5546875,
          0.55859375,
          0.5625,
          0.56640625,
          0.5703125,
          0.57421875,
          0.578125,
          0.58203125,
          0.5859375,
          0.58984375,
          0.59375,
          0.59765625,
          0.6015625,
          0.60546875,
          0.609375,
          0.61328125,
          0.6171875,
          0.62109375,
          0.625,
          0.62890625,
          0.6328125,
          0.63671875,
          0.640625,
          0.64453125,
          0.6484375,
          0.65234375,
          0.65625,
          0.66015625,
          0.6640625,
          0.66796875,
          0.671875,
          0.67578125,
          0.6796875,
          0.68359375,
          0.6875,
          0.69140625,
          0.6953125,
          0.69921875,
          0.703125,
          0.70703125,
          0.7109375,
          0.71484375,
          0.71875,
          0.72265625,
          0.7265625,
          0.73046875,
          0.734375,
          0.73828125,
          0.7421875,
          0.74609375,
          0.75,
          0.75390625,
          0.7578125,
          0.76171875,
          0.765625,
          0.76953125,
          0.7734375,
          0.77734375,
          0.78125,
          0.78515625,
          0.7890625,
          0.79296875,
          0.796875,
          0.80078125,
          0.8046875,
          0.80859375,
          0.8125,
          0.81640625,
          0.8203125,
          0.82421875,
          0.828125,
          0.83203125,
          0.8359375,
          0.83984375,
          0.84375,
          0.84765625,
          0.8515625,
          0.85546875,
          0.859375,
          0.86328125,
          0.8671875,
          0.87109375,
          0.875,
          0.87890625,
          0.8828125,
          0.88671875,
          0.890625,
          0.89453125,
          0.8984375,
          0.90234375,
          0.90625,
          0.91015625,
          0.9140625,
          0.91796875,
          0.921875,
          0.92578125,
          0.9296875,
          0.93359375,
          0.9375,
          0.94140625,
          0.9453125,
          0.94921875,
          0.953125,
          0.95703125,
          0.9609375,
          0.96484375,
          0.96875,
          0.97265625,
          0.9765625,
          0.98046875,
          0.984375,
          0.98828125,
          0.9921875,
          0.99609375
        ]
      },
      "order": 8,
      "dofs": {
        "$type": "ref",
        "value": "140140488542448"
      }
    },
    "140140437636880": {
      "@module": "simsopt._core.optimizable",
      "@class": "DOFs",
      "@name": "140140437636880",
      "@version": "0.1.dev5270+gee055f063",
      "x": {
        "@module": "numpy",
        "@class": "array",
        "dtype": "float64",
        "data": [
          0.0303903664695642
        ]
      },
      "names": [
        "x0"
      ],
      "free": {
        "@module": "numpy",
        "@class": "array",
        "dtype": "bool",
        "data": [
          true
        ]
      },
      "lower_bounds": {
        "@module": "numpy",
        "@class": "array",
        "dtype": "float64",
        "data": [
          -Infinity
        ]
      },
      "upper_bounds": {
        "@module": "numpy",
        "@class": "array",
        "dtype": "float64",
        "data": [
          Infinity
        ]
      }
    },
    "Current11": {
      "@module": "simsopt.field.coil",
      "@class": "Current",
      "@name": "Current11",
      "@version": "0.1.dev5270+gee055f063",
      "current": 0.0303903664695642,
      "dofs": {
        "$type": "ref",
        "value": "140140437636880"
      }
    },
    "ScaledCurrent27": {
      "@module": "simsopt.field.coil",
      "@class": "ScaledCurrent",
      "@name": "ScaledCurrent27",
      "@version": "0.1.dev5270+gee055f063",
      "current_to_scale": {
        "$type": "ref",
        "value": "Current11"
      },
      "scale": 10000000.0
    },
    "RegularizedCoil35": {
      "@module": "simsopt.field.coil",
      "@class": "RegularizedCoil",
      "@name": "RegularizedCoil35",
      "@version": "0.1.dev5270+gee055f063",
      "curve": {
        "$type": "ref",
        "value": "CurveXYZFourier3"
      },
      "current": {
        "$type": "ref",
        "value": "ScaledCurrent27"
      },
      "regularization": {
        "@module": "numpy",
        "@class": "array",
        "dtype": "float64",
        "data": 0.0009704490555402135
      }
    },
    "140140488543216": {
      "@module": "simsopt._core.optimizable",
      "@class": "DOFs",
      "@name": "140140488543216",
      "@version": "0.1.dev5270+gee055f063",
      "x": {
        "@module": "numpy",
        "@class": "array",
        "dtype": "float64",
        "data": [
          0.516974880003738,
          0.06734359682739677,
          0.013391922362944418,
          0.04238732857124636,
          0.049348364289760915,
          0.03005076951933134,
          0.034928316053563446,
          0.023636235104597912,
          0.020998851524216187,
          0.017495636208621837,
          0.015270040343977578,
          0.009347491256127487,
          0.009874278584880164,
          0.004455099512632439,
          0.0031510496092139106,
          0.0016780931784897456,
          0.0006926888864333259,
          1.484231723138618,
          -0.006110816245695922,
          0.34502217135732993,
          -0.01486830169783633,
          0.2042399641281789,
          -0.014577317788374351,
          0.1401656844124702,
          -0.0035296475719378273,
          0.09209138510302932,
          0.008934080950672009,
          0.05840371528189409,
          0.008516344331980012,
          0.03559276403161881,
          0.0012280088571324217,
          0.019371251545444466,
          -0.0008900209593247271,
          0.005484495419658866,
          0.012417991332683018,
          -0.3102251512299122,
          -0.01631881544580352,
          -0.18786095568838518,
          -0.04867755762606349,
          -0.09713361004073037,
          -0.03124802790890853,
          -0.06628690565494975,
          -0.0027058390669093663,
          -0.05471315113506751,
          0.005546753033107763,
          -0.03358523034257852,
          0.005824031757393785,
          -0.020497965498603412,
          0.006303433286863901,
          -0.0100156108852181,
          0.0020558467735730924
        ]
      },
      "names": [
        "xc(0)",
        "xs(1)",
        "xc(1)",
        "xs(2)",
        "xc(2)",
        "xs(3)",
        "xc(3)",
        "xs(4)",
        "xc(4)",
        "xs(5)",
        "xc(5)",
        "xs(6)",
        "xc(6)",
        "xs(7)",
        "xc(7)",
        "xs(8)",
        "xc(8)",
        "yc(0)",
        "ys(1)",
        "yc(1)",
        "ys(2)",
        "yc(2)",
        "ys(3)",
        "yc(3)",
        "ys(4)",
        "yc(4)",
        "ys(5)",
        "yc(5)",
        "ys(6)",
        "yc(6)",
        "ys(7)",
        "yc(7)",
        "ys(8)",
        "yc(8)",
        "zc(0)",
        "zs(1)",
        "zc(1)",
        "zs(2)",
        "zc(2)",
        "zs(3)",
        "zc(3)",
        "zs(4)",
        "zc(4)",
        "zs(5)",
        "zc(5)",
        "zs(6)",
        "zc(6)",
        "zs(7)",
        "zc(7)",
        "zs(8)",
        "zc(8)"
      ],
      "free": {
        "@module": "numpy",
        "@class": "array",
        "dtype": "bool",
        "data": [
          true,
          true,
          true,
          true,
          true,
          true,
          true,
          true,
          true,
          true,
          true,
          true,
          true,
          true,
          true,
          true,
          true,
          true,
          true,
          true,
          true,
          true,
          true,
          true,
          true,
          true,
          true,
          true,
          true,
          true,
          true,
          true,
          true,
          true,
          true,
          true,
          true,
          true,
          true,
          true,
          true,
          true,
          true,
          true,
          true,
          true,
          true,
          true,
          true,
          true,
          true
        ]
      },
      "lower_bounds": {
        "@module": "numpy",
        "@class": "array",
        "dtype": "float64",
        "data": [
          -Infinity,
          -Infinity,
          -Infinity,
          -Infinity,
          -Infinity,
          -Infinity,
          -Infinity,
          -Infinity,
          -Infinity,
          -Infinity,
          -Infinity,
          -Infinity,
          -Infinity,
          -Infinity,
          -Infinity,
          -Infinity,
          -Infinity,
          -Infinity,
          -Infinity,
          -Infinity,
          -Infinity,
          -Infinity,
          -Infinity,
          -Infinity,
          -Infinity,
          -Infinity,
          -Infinity,
          -Infinity,
          -Infinity,
          -Infinity,
          -Infinity,
          -Infinity,
          -Infinity,
          -Infinity,
          -Infinity,
          -Infinity,
          -Infinity,
          -Infinity,
          -Infinity,
          -Infinity,
          -Infinity,
          -Infinity,
          -Infinity,
          -Infinity,
          -Infinity,
          -Infinity,
          -Infinity,
          -Infinity,
          -Infinity,
          -Infinity,
          -Infinity
        ]
      },
      "upper_bounds": {
        "@module": "numpy",
        "@class": "array",
        "dtype": "float64",
        "data": [
          Infinity,
          Infinity,
          Infinity,
          Infinity,
          Infinity,
          Infinity,
          Infinity,
          Infinity,
          Infinity,
          Infinity,
          Infinity,
          Infinity,
          Infinity,
          Infinity,
          Infinity,
          Infinity,
          Infinity,
          Infinity,
          Infinity,
          Infinity,
          Infinity,
          Infinity,
          Infinity,
          Infinity,
          Infinity,
          Infinity,
          Infinity,
          Infinity,
          Infinity,
          Infinity,
          Infinity,
          Infinity,
          Infinity,
          Infinity,
          Infinity,
          Infinity,
          Infinity,
          Infinity,
          Infinity,
          Infinity,
          Infinity,
          Infinity,
          Infinity,
          Infinity,
          Infinity,
          Infinity,
          Infinity,
          Infinity,
          Infinity,
          Infinity,
          Infinity
        ]
      }
    },
    "CurveXYZFourier4": {
      "@module": "simsopt.geo.curvexyzfourier",
      "@class": "CurveXYZFourier",
      "@name": "CurveXYZFourier4",
      "@version": "0.1.dev5270+gee055f063",
      "quadpoints": {
        "@module": "numpy",
        "@class": "array",
        "dtype": "float64",
        "data": [
          0.0,
          0.00390625,
          0.0078125,
          0.01171875,
          0.015625,
          0.01953125,
          0.0234375,
          0.02734375,
          0.03125,
          0.03515625,
          0.0390625,
          0.04296875,
          0.046875,
          0.05078125,
          0.0546875,
          0.05859375,
          0.0625,
          0.06640625,
          0.0703125,
          0.07421875,
          0.078125,
          0.08203125,
          0.0859375,
          0.08984375,
          0.09375,
          0.09765625,
          0.1015625,
          0.10546875,
          0.109375,
          0.11328125,
          0.1171875,
          0.12109375,
          0.125,
          0.12890625,
          0.1328125,
          0.13671875,
          0.140625,
          0.14453125,
          0.1484375,
          0.15234375,
          0.15625,
          0.16015625,
          0.1640625,
          0.16796875,
          0.171875,
          0.17578125,
          0.1796875,
          0.18359375,
          0.1875,
          0.19140625,
          0.1953125,
          0.19921875,
          0.203125,
          0.20703125,
          0.2109375,
          0.21484375,
          0.21875,
          0.22265625,
          0.2265625,
          0.23046875,
          0.234375,
          0.23828125,
          0.2421875,
          0.24609375,
          0.25,
          0.25390625,
          0.2578125,
          0.26171875,
          0.265625,
          0.26953125,
          0.2734375,
          0.27734375,
          0.28125,
          0.28515625,
          0.2890625,
          0.29296875,
          0.296875,
          0.30078125,
          0.3046875,
          0.30859375,
          0.3125,
          0.31640625,
          0.3203125,
          0.32421875,
          0.328125,
          0.33203125,
          0.3359375,
          0.33984375,
          0.34375,
          0.34765625,
          0.3515625,
          0.35546875,
          0.359375,
          0.36328125,
          0.3671875,
          0.37109375,
          0.375,
          0.37890625,
          0.3828125,
          0.38671875,
          0.390625,
          0.39453125,
          0.3984375,
          0.40234375,
          0.40625,
          0.41015625,
          0.4140625,
          0.41796875,
          0.421875,
          0.42578125,
          0.4296875,
          0.43359375,
          0.4375,
          0.44140625,
          0.4453125,
          0.44921875,
          0.453125,
          0.45703125,
          0.4609375,
          0.46484375,
          0.46875,
          0.47265625,
          0.4765625,
          0.48046875,
          0.484375,
          0.48828125,
          0.4921875,
          0.49609375,
          0.5,
          0.50390625,
          0.5078125,
          0.51171875,
          0.515625,
          0.51953125,
          0.5234375,
          0.52734375,
          0.53125,
          0.53515625,
          0.5390625,
          0.54296875,
          0.546875,
          0.55078125,
          0.5546875,
          0.55859375,
          0.5625,
          0.56640625,
          0.5703125,
          0.57421875,
          0.578125,
          0.58203125,
          0.5859375,
          0.58984375,
          0.59375,
          0.59765625,
          0.6015625,
          0.60546875,
          0.609375,
          0.61328125,
          0.6171875,
          0.62109375,
          0.625,
          0.62890625,
          0.6328125,
          0.63671875,
          0.640625,
          0.64453125,
          0.6484375,
          0.65234375,
          0.65625,
          0.66015625,
          0.6640625,
          0.66796875,
          0.671875,
          0.67578125,
          0.6796875,
          0.68359375,
          0.6875,
          0.69140625,
          0.6953125,
          0.69921875,
          0.703125,
          0.70703125,
          0.7109375,
          0.71484375,
          0.71875,
          0.72265625,
          0.7265625,
          0.73046875,
          0.734375,
          0.73828125,
          0.7421875,
          0.74609375,
          0.75,
          0.75390625,
          0.7578125,
          0.76171875,
          0.765625,
          0.76953125,
          0.7734375,
          0.77734375,
          0.78125,
          0.78515625,
          0.7890625,
          0.79296875,
          0.796875,
          0.80078125,
          0.8046875,
          0.80859375,
          0.8125,
          0.81640625,
          0.8203125,
          0.82421875,
          0.828125,
          0.83203125,
          0.8359375,
          0.83984375,
          0.84375,
          0.84765625,
          0.8515625,
          0.85546875,
          0.859375,
          0.86328125,
          0.8671875,
          0.87109375,
          0.875,
          0.87890625,
          0.8828125,
          0.88671875,
          0.890625,
          0.89453125,
          0.8984375,
          0.90234375,
          0.90625,
          0.91015625,
          0.9140625,
          0.91796875,
          0.921875,
          0.92578125,
          0.9296875,
          0.93359375,
          0.9375,
          0.94140625,
          0.9453125,
          0.94921875,
          0.953125,
          0.95703125,
          0.9609375,
          0.96484375,
          0.96875,
          0.97265625,
          0.9765625,
          0.98046875,
          0.984375,
          0.98828125,
          0.9921875,
          0.99609375
        ]
      },
      "order": 8,
      "dofs": {
        "$type": "ref",
        "value": "140140488543216"
      }
    },
    "140140437638032": {
      "@module": "simsopt._core.optimizable",
      "@class": "DOFs",
      "@name": "140140437638032",
      "@version": "0.1.dev5270+gee055f063",
      "x": {
        "@module": "numpy",
        "@class": "array",
        "dtype": "float64",
        "data": [
          1249984.3233504083
        ]
      },
      "names": [
        "x0"
      ],
      "free": {
        "@module": "numpy",
        "@class": "array",
        "dtype": "bool",
        "data": [
          false
        ]
      },
      "lower_bounds": {
        "@module": "numpy",
        "@class": "array",
        "dtype": "float64",
        "data": [
          -Infinity
        ]
      },
      "upper_bounds": {
        "@module": "numpy",
        "@class": "array",
        "dtype": "float64",
        "data": [
          Infinity
        ]
      }
    },
    "Current12": {
      "@module": "simsopt.field.coil",
      "@class": "Current",
      "@name": "Current12",
      "@version": "0.1.dev5270+gee055f063",
      "current": 1249984.3233504083,
      "dofs": {
        "$type": "ref",
        "value": "140140437638032"
      }
    },
    "CurrentSum7": {
      "@module": "simsopt.field.coil",
      "@class": "CurrentSum",
      "@name": "CurrentSum7",
      "@version": "0.1.dev5270+gee055f063",
      "current_a": {
        "$type": "ref",
        "value": "ScaledCurrent25"
      },
      "current_b": {
        "$type": "ref",
        "value": "ScaledCurrent26"
      }
    },
    "CurrentSum8": {
      "@module": "simsopt.field.coil",
      "@class": "CurrentSum",
      "@name": "CurrentSum8",
      "@version": "0.1.dev5270+gee055f063",
      "current_a": {
        "$type": "ref",
        "value": "CurrentSum7"
      },
      "current_b": {
        "$type": "ref",
        "value": "ScaledCurrent27"
      }
    },
    "ScaledCurrent28": {
      "@module": "simsopt.field.coil",
      "@class": "ScaledCurrent",
      "@name": "ScaledCurrent28",
      "@version": "0.1.dev5270+gee055f063",
      "current_to_scale": {
        "$type": "ref",
        "value": "CurrentSum8"
      },
      "scale": -1.0
    },
    "CurrentSum9": {
      "@module": "simsopt.field.coil",
      "@class": "CurrentSum",
      "@name": "CurrentSum9",
      "@version": "0.1.dev5270+gee055f063",
      "current_a": {
        "$type": "ref",
        "value": "Current12"
      },
      "current_b": {
        "$type": "ref",
        "value": "ScaledCurrent28"
      }
    },
    "RegularizedCoil36": {
      "@module": "simsopt.field.coil",
      "@class": "RegularizedCoil",
      "@name": "RegularizedCoil36",
      "@version": "0.1.dev5270+gee055f063",
      "curve": {
        "$type": "ref",
        "value": "CurveXYZFourier4"
      },
      "current": {
        "$type": "ref",
        "value": "CurrentSum9"
      },
      "regularization": {
        "@module": "numpy",
        "@class": "array",
        "dtype": "float64",
        "data": 0.0009704490555402135
      }
    },
    "RotatedCurve25": {
      "@module": "simsopt.geo.curve",
      "@class": "RotatedCurve",
      "@name": "RotatedCurve25",
      "@version": "0.1.dev5270+gee055f063",
      "curve": {
        "$type": "ref",
        "value": "CurveXYZFourier1"
      },
      "phi": 0.0,
      "flip": true
    },
    "ScaledCurrent29": {
      "@module": "simsopt.field.coil",
      "@class": "ScaledCurrent",
      "@name": "ScaledCurrent29",
      "@version": "0.1.dev5270+gee055f063",
      "current_to_scale": {
        "$type": "ref",
        "value": "ScaledCurrent25"
      },
      "scale": -1.0
    },
    "RegularizedCoil37": {
      "@module": "simsopt.field.coil",
      "@class": "RegularizedCoil",
      "@name": "RegularizedCoil37",
      "@version": "0.1.dev5270+gee055f063",
      "curve": {
        "$type": "ref",
        "value": "RotatedCurve25"
      },
      "current": {
        "$type": "ref",
        "value": "ScaledCurrent29"
      },
      "regularization": {
        "@module": "numpy",
        "@class": "array",
        "dtype": "float64",
        "data": 0.0009704490555402135
      }
    },
    "RotatedCurve26": {
      "@module": "simsopt.geo.curve",
      "@class": "RotatedCurve",
      "@name": "RotatedCurve26",
      "@version": "0.1.dev5270+gee055f063",
      "curve": {
        "$type": "ref",
        "value": "CurveXYZFourier2"
      },
      "phi": 0.0,
      "flip": true
    },
    "ScaledCurrent30": {
      "@module": "simsopt.field.coil",
      "@class": "ScaledCurrent",
      "@name": "ScaledCurrent30",
      "@version": "0.1.dev5270+gee055f063",
      "current_to_scale": {
        "$type": "ref",
        "value": "ScaledCurrent26"
      },
      "scale": -1.0
    },
    "RegularizedCoil38": {
      "@module": "simsopt.field.coil",
      "@class": "RegularizedCoil",
      "@name": "RegularizedCoil38",
      "@version": "0.1.dev5270+gee055f063",
      "curve": {
        "$type": "ref",
        "value": "RotatedCurve26"
      },
      "current": {
        "$type": "ref",
        "value": "ScaledCurrent30"
      },
      "regularization": {
        "@module": "numpy",
        "@class": "array",
        "dtype": "float64",
        "data": 0.0009704490555402135
      }
    },
    "RotatedCurve27": {
      "@module": "simsopt.geo.curve",
      "@class": "RotatedCurve",
      "@name": "RotatedCurve27",
      "@version": "0.1.dev5270+gee055f063",
      "curve": {
        "$type": "ref",
        "value": "CurveXYZFourier3"
      },
      "phi": 0.0,
      "flip": true
    },
    "ScaledCurrent31": {
      "@module": "simsopt.field.coil",
      "@class": "ScaledCurrent",
      "@name": "ScaledCurrent31",
      "@version": "0.1.dev5270+gee055f063",
      "current_to_scale": {
        "$type": "ref",
        "value": "ScaledCurrent27"
      },
      "scale": -1.0
    },
    "RegularizedCoil39": {
      "@module": "simsopt.field.coil",
      "@class": "RegularizedCoil",
      "@name": "RegularizedCoil39",
      "@version": "0.1.dev5270+gee055f063",
      "curve": {
        "$type": "ref",
        "value": "RotatedCurve27"
      },
      "current": {
        "$type": "ref",
        "value": "ScaledCurrent31"
      },
      "regularization": {
        "@module": "numpy",
        "@class": "array",
        "dtype": "float64",
        "data": 0.0009704490555402135
      }
    },
    "RotatedCurve28": {
      "@module": "simsopt.geo.curve",
      "@class": "RotatedCurve",
      "@name": "RotatedCurve28",
      "@version": "0.1.dev5270+gee055f063",
      "curve": {
        "$type": "ref",
        "value": "CurveXYZFourier4"
      },
      "phi": 0.0,
      "flip": true
    },
    "ScaledCurrent32": {
      "@module": "simsopt.field.coil",
      "@class": "ScaledCurrent",
      "@name": "ScaledCurrent32",
      "@version": "0.1.dev5270+gee055f063",
      "current_to_scale": {
        "$type": "ref",
        "value": "CurrentSum9"
      },
      "scale": -1.0
    },
    "RegularizedCoil40": {
      "@module": "simsopt.field.coil",
      "@class": "RegularizedCoil",
      "@name": "RegularizedCoil40",
      "@version": "0.1.dev5270+gee055f063",
      "curve": {
        "$type": "ref",
        "value": "RotatedCurve28"
      },
      "current": {
        "$type": "ref",
        "value": "ScaledCurrent32"
      },
      "regularization": {
        "@module": "numpy",
        "@class": "array",
        "dtype": "float64",
        "data": 0.0009704490555402135
      }
    },
    "RotatedCurve29": {
      "@module": "simsopt.geo.curve",
      "@class": "RotatedCurve",
      "@name": "RotatedCurve29",
      "@version": "0.1.dev5270+gee055f063",
      "curve": {
        "$type": "ref",
        "value": "CurveXYZFourier1"
      },
      "phi": 3.141592653589793,
      "flip": false
    },
    "RegularizedCoil41": {
      "@module": "simsopt.field.coil",
      "@class": "RegularizedCoil",
      "@name": "RegularizedCoil41",
      "@version": "0.1.dev5270+gee055f063",
      "curve": {
        "$type": "ref",
        "value": "RotatedCurve29"
      },
      "current": {
        "$type": "ref",
        "value": "ScaledCurrent25"
      },
      "regularization": {
        "@module": "numpy",
        "@class": "array",
        "dtype": "float64",
        "data": 0.0009704490555402135
      }
    },
    "RotatedCurve30": {
      "@module": "simsopt.geo.curve",
      "@class": "RotatedCurve",
      "@name": "RotatedCurve30",
      "@version": "0.1.dev5270+gee055f063",
      "curve": {
        "$type": "ref",
        "value": "CurveXYZFourier2"
      },
      "phi": 3.141592653589793,
      "flip": false
    },
    "RegularizedCoil42": {
      "@module": "simsopt.field.coil",
      "@class": "RegularizedCoil",
      "@name": "RegularizedCoil42",
      "@version": "0.1.dev5270+gee055f063",
      "curve": {
        "$type": "ref",
        "value": "RotatedCurve30"
      },
      "current": {
        "$type": "ref",
        "value": "ScaledCurrent26"
      },
      "regularization": {
        "@module": "numpy",
        "@class": "array",
        "dtype": "float64",
        "data": 0.0009704490555402135
      }
    },
    "RotatedCurve31": {
      "@module": "simsopt.geo.curve",
      "@class": "RotatedCurve",
      "@name": "RotatedCurve31",
      "@version": "0.1.dev5270+gee055f063",
      "curve": {
        "$type": "ref",
        "value": "CurveXYZFourier3"
      },
      "phi": 3.141592653589793,
      "flip": false
    },
    "RegularizedCoil43": {
      "@module": "simsopt.field.coil",
      "@class": "RegularizedCoil",
      "@name": "RegularizedCoil43",
      "@version": "0.1.dev5270+gee055f063",
      "curve": {
        "$type": "ref",
        "value": "RotatedCurve31"
      },
      "current": {
        "$type": "ref",
        "value": "ScaledCurrent27"
      },
      "regularization": {
        "@module": "numpy",
        "@class": "array",
        "dtype": "float64",
        "data": 0.0009704490555402135
      }
    },
    "RotatedCurve32": {
      "@module": "simsopt.geo.curve",
      "@class": "RotatedCurve",
      "@name": "RotatedCurve32",
      "@version": "0.1.dev5270+gee055f063",
      "curve": {
        "$type": "ref",
        "value": "CurveXYZFourier4"
      },
      "phi": 3.141592653589793,
      "flip": false
    },
    "RegularizedCoil44": {
      "@module": "simsopt.field.coil",
      "@class": "RegularizedCoil",
      "@name": "RegularizedCoil44",
      "@version": "0.1.dev5270+gee055f063",
      "curve": {
        "$type": "ref",
        "value": "RotatedCurve32"
      },
      "current": {
        "$type": "ref",
        "value": "CurrentSum9"
      },
      "regularization": {
        "@module": "numpy",
        "@class": "array",
        "dtype": "float64",
        "data": 0.0009704490555402135
      }
    },
    "RotatedCurve33": {
      "@module": "simsopt.geo.curve",
      "@class": "RotatedCurve",
      "@name": "RotatedCurve33",
      "@version": "0.1.dev5270+gee055f063",
      "curve": {
        "$type": "ref",
        "value": "CurveXYZFourier1"
      },
      "phi": 3.141592653589793,
      "flip": true
    },
    "ScaledCurrent33": {
      "@module": "simsopt.field.coil",
      "@class": "ScaledCurrent",
      "@name": "ScaledCurrent33",
      "@version": "0.1.dev5270+gee055f063",
      "current_to_scale": {
        "$type": "ref",
        "value": "ScaledCurrent25"
      },
      "scale": -1.0
    },
    "RegularizedCoil45": {
      "@module": "simsopt.field.coil",
      "@class": "RegularizedCoil",
      "@name": "RegularizedCoil45",
      "@version": "0.1.dev5270+gee055f063",
      "curve": {
        "$type": "ref",
        "value": "RotatedCurve33"
      },
      "current": {
        "$type": "ref",
        "value": "ScaledCurrent33"
      },
      "regularization": {
        "@module": "numpy",
        "@class": "array",
        "dtype": "float64",
        "data": 0.0009704490555402135
      }
    },
    "RotatedCurve34": {
      "@module": "simsopt.geo.curve",
      "@class": "RotatedCurve",
      "@name": "RotatedCurve34",
      "@version": "0.1.dev5270+gee055f063",
      "curve": {
        "$type": "ref",
        "value": "CurveXYZFourier2"
      },
      "phi": 3.141592653589793,
      "flip": true
    },
    "ScaledCurrent34": {
      "@module": "simsopt.field.coil",
      "@class": "ScaledCurrent",
      "@name": "ScaledCurrent34",
      "@version": "0.1.dev5270+gee055f063",
      "current_to_scale": {
        "$type": "ref",
        "value": "ScaledCurrent26"
      },
      "scale": -1.0
    },
    "RegularizedCoil46": {
      "@module": "simsopt.field.coil",
      "@class": "RegularizedCoil",
      "@name": "RegularizedCoil46",
      "@version": "0.1.dev5270+gee055f063",
      "curve": {
        "$type": "ref",
        "value": "RotatedCurve34"
      },
      "current": {
        "$type": "ref",
        "value": "ScaledCurrent34"
      },
      "regularization": {
        "@module": "numpy",
        "@class": "array",
        "dtype": "float64",
        "data": 0.0009704490555402135
      }
    },
    "RotatedCurve35": {
      "@module": "simsopt.geo.curve",
      "@class": "RotatedCurve",
      "@name": "RotatedCurve35",
      "@version": "0.1.dev5270+gee055f063",
      "curve": {
        "$type": "ref",
        "value": "CurveXYZFourier3"
      },
      "phi": 3.141592653589793,
      "flip": true
    },
    "ScaledCurrent35": {
      "@module": "simsopt.field.coil",
      "@class": "ScaledCurrent",
      "@name": "ScaledCurrent35",
      "@version": "0.1.dev5270+gee055f063",
      "current_to_scale": {
        "$type": "ref",
        "value": "ScaledCurrent27"
      },
      "scale": -1.0
    },
    "RegularizedCoil47": {
      "@module": "simsopt.field.coil",
      "@class": "RegularizedCoil",
      "@name": "RegularizedCoil47",
      "@version": "0.1.dev5270+gee055f063",
      "curve": {
        "$type": "ref",
        "value": "RotatedCurve35"
      },
      "current": {
        "$type": "ref",
        "value": "ScaledCurrent35"
      },
      "regularization": {
        "@module": "numpy",
        "@class": "array",
        "dtype": "float64",
        "data": 0.0009704490555402135
      }
    },
    "RotatedCurve36": {
      "@module": "simsopt.geo.curve",
      "@class": "RotatedCurve",
      "@name": "RotatedCurve36",
      "@version": "0.1.dev5270+gee055f063",
      "curve": {
        "$type": "ref",
        "value": "CurveXYZFourier4"
      },
      "phi": 3.141592653589793,
      "flip": true
    },
    "ScaledCurrent36": {
      "@module": "simsopt.field.coil",
      "@class": "ScaledCurrent",
      "@name": "ScaledCurrent36",
      "@version": "0.1.dev5270+gee055f063",
      "current_to_scale": {
        "$type": "ref",
        "value": "CurrentSum9"
      },
      "scale": -1.0
    },
    "RegularizedCoil48": {
      "@module": "simsopt.field.coil",
      "@class": "RegularizedCoil",
      "@name": "RegularizedCoil48",
      "@version": "0.1.dev5270+gee055f063",
      "curve": {
        "$type": "ref",
        "value": "RotatedCurve36"
      },
      "current": {
        "$type": "ref",
        "value": "ScaledCurrent36"
      },
      "regularization": {
        "@module": "numpy",
        "@class": "array",
        "dtype": "float64",
        "data": 0.0009704490555402135
      }
    }
  }
}