{
  "metadata": {
    "method_name": "",
    "contact": "akaptano",
    "hardware": "CPU: Intel(R) Xeon(R) Platinum 8370C CPU @ 2.80GHz | RAM: 7.8GB",
    "notes": "",
    "run_date": "2025-12-01T01:22:43.584953"
  },
  "metrics": {
    "initial_B_field": 0.9998258195958676,
    "final_B_field": 0.37506166157021564,
    "target_B_field": 1.0,
    "optimization_time": 1693.1377732753754,
    "final_normalized_squared_flux": 5.533868939475081e-05,
    "final_min_cs_separation": 0.000191055440996815,
    "final_min_cc_separation": 0.0889038747516361,
    "final_total_length": 15.26802994393165,
    "final_max_curvature": 11.301294122848464,
    "final_average_curvature": 3.36871490580372,
    "final_mean_squared_curvature": 22.377061068795392,
    "final_linking_number": 0,
    "final_max_max_coil_force": 71212.59873940227,
    "final_avg_max_coil_force": 65564.6699307941,
    "final_max_max_coil_torque": 41572.70870741832,
    "final_avg_max_coil_torque": 30207.27348468203,
    "avg_BdotN_over_B": 0.017194449237965162,
    "max_BdotN_over_B": 0.9993829415235562,
    "lagrange_multipliers": [
      -10415954.738729239,
      -0.0,
      -5.693148398976006e-07,
      -189934089.75229555,
      -268880.867315759,
      -8109493.769611796,
      -0.0,
      -2699325521.306302
    ],
    "output_directory": ".",
    "flux_threshold": 1e-08,
    "cc_threshold": 0.08,
    "cs_threshold": 0.13,
    "msc_threshold": 10.0,
    "curvature_threshold": 10.0,
    "force_threshold": 0.03077870113881194,
    "torque_threshold": 0.03077870113881194
  }
}