{
  "metadata": {
    "method_name": "",
    "contact": "akaptano",
    "hardware": "CPU: AMD EPYC 7763 64-Core Processor | RAM: 15.6GB",
    "notes": "",
    "run_date": "2026-01-25T03:11:26.480011"
  },
  "metrics": {
    "initial_B_field": 0.9999393542736246,
    "final_B_field": 1.0826441926602923,
    "target_B_field": 1.0,
    "optimization_time": 1303.862646818161,
    "final_normalized_squared_flux": 0.0014539699186426431,
    "_cached_thresholds": {
      "length_threshold": 20.0,
      "flux_threshold": 1e-08,
      "cc_threshold": 0.08,
      "cs_threshold": 0.13,
      "msc_threshold": 10.0,
      "arclength_variation_threshold": 0.0,
      "curvature_threshold": 10.0,
      "force_threshold": 0.03077870113881194,
      "torque_threshold": 0.03077870113881194,
      "coil_width": 0.04,
      "R0": 10.0
    },
    "final_min_cs_separation": 0.216671681690569,
    "final_min_cc_separation": 0.07784753721974551,
    "final_total_length": 16.203510907118606,
    "final_max_curvature": 9.995016180169202,
    "final_average_curvature": 2.8884140138873553,
    "final_arclength_variation": 4.728925431405751,
    "final_mean_squared_curvature": 12.329861666829744,
    "final_linking_number": 0,
    "final_max_max_coil_force": 599625.2538719141,
    "final_avg_max_coil_force": 477441.0899800372,
    "final_max_max_coil_torque": 389541.87433018116,
    "final_avg_max_coil_torque": 218119.34859622433,
    "avg_BdotN_over_B": 0.014761079028161593,
    "max_BdotN_over_B": 0.0878291272587033,
    "lagrange_multipliers": null,
    "output_directory": "/home/runner/work/stellcoilbench/stellcoilbench/submissions/LandremanPaul2021_QA/akaptano/01-25-2026_03-11",
    "flux_threshold": 1e-08,
    "cc_threshold": 0.08,
    "cs_threshold": 0.13,
    "msc_threshold": 10.0,
    "arclength_variation_threshold": 0.0,
    "curvature_threshold": 10.0,
    "force_threshold": 0.03077870113881194,
    "torque_threshold": 0.03077870113881194
  }
}