{
  "metadata": {
    "method_name": "",
    "contact": "akaptano",
    "hardware": "CPU: AMD EPYC 7763 64-Core Processor | RAM: 7.8GB",
    "notes": "",
    "run_date": "2025-11-30T23:52:18.486340"
  },
  "metrics": {
    "initial_B_field": 2.4999411989153506,
    "final_B_field": 2.5669003742732617,
    "target_B_field": 2.5,
    "optimization_time": 6.09026026725769,
    "final_normalized_squared_flux": 0.003223920272769165,
    "final_min_cs_separation": 0.4826571761765426,
    "final_min_cc_separation": 0.2220750674114797,
    "final_total_length": 38.60435308208271,
    "final_max_curvature": 1.7836459484228122,
    "final_average_curvature": 0.860054032204665,
    "final_mean_squared_curvature": 1.0451761424866162,
    "final_linking_number": 0,
    "final_max_max_coil_force": 4297347.249772399,
    "final_avg_max_coil_force": 3204758.9640963916,
    "final_max_max_coil_torque": 3465887.90310664,
    "final_avg_max_coil_torque": 2174587.80528724,
    "avg_BdotN_over_B": 0.06793241515081583,
    "max_BdotN_over_B": 0.2661988253129506,
    "lagrange_multipliers": null,
    "output_directory": ".",
    "flux_threshold": 1e-08,
    "cc_threshold": 0.44000000000000006,
    "cs_threshold": 0.7150000000000001,
    "msc_threshold": 1.8181818181818181,
    "curvature_threshold": 1.8181818181818181,
    "force_threshold": 0.19236688211757466,
    "torque_threshold": 0.19236688211757466
  }
}