{
  "metadata": {
    "method_name": "",
    "contact": "akaptano",
    "hardware": "CPU: Intel(R) Xeon(R) Platinum 8370C CPU @ 2.80GHz | RAM: 15.6GB",
    "notes": "",
    "run_date": "2026-01-27T01:03:46.885260"
  },
  "metrics": {
    "fourier_continuation": true,
    "fourier_orders": [
      4,
      8,
      12,
      16
    ],
    "final_order": 16,
    "continuation_results": [
      {
        "initial_B_field": 0.9999187287104947,
        "final_B_field": 1.0962236854007399,
        "target_B_field": 1.0,
        "optimization_time": 1294.8742768764496,
        "final_normalized_squared_flux": 2.962111562573002e-06,
        "_cached_thresholds": {
          "length_threshold": 20.0,
          "flux_threshold": 1e-08,
          "cc_threshold": 0.08,
          "cs_threshold": 0.13,
          "msc_threshold": 10.0,
          "arclength_variation_threshold": 0.0,
          "curvature_threshold": 10.0,
          "force_threshold": 0.03077870113881195,
          "torque_threshold": 0.03077870113881195,
          "coil_width": 0.04,
          "R0": 10.0
        },
        "final_min_cs_separation": 0.28345292289269447,
        "final_min_cc_separation": 0.07907961594854333,
        "final_total_length": 20.00137427943357,
        "final_max_curvature": 2.828567451627541,
        "final_average_curvature": 1.751140613970318,
        "final_arclength_variation": 0.0006465771419597425,
        "final_mean_squared_curvature": 4.744070378409013,
        "final_linking_number": 0,
        "final_max_max_coil_force": 708604.9479972905,
        "final_avg_max_coil_force": 441319.6441071967,
        "final_max_max_coil_torque": 453130.4184140623,
        "final_avg_max_coil_torque": 208662.57345557987,
        "avg_BdotN_over_B": 0.0007772618730951214,
        "max_BdotN_over_B": 0.0031432053274251387,
        "lagrange_multipliers": [
          -8685006.228464048,
          -80174.10651892323,
          -0.00011437481734488664,
          -10814.860615531008,
          -0.0,
          -0.0,
          -0.0,
          -2591828.5260291384
        ],
        "output_directory": "/home/runner/work/stellcoilbench/stellcoilbench/submissions/LandremanPaul2021_QA/akaptano/01-27-2026_01-03/order_4",
        "flux_threshold": 1e-08,
        "cc_threshold": 0.08,
        "cs_threshold": 0.13,
        "msc_threshold": 10.0,
        "arclength_variation_threshold": 0.0,
        "curvature_threshold": 10.0,
        "force_threshold": 0.03077870113881195,
        "torque_threshold": 0.03077870113881195,
        "fourier_order": 4,
        "continuation_step": 1
      },
      {
        "initial_B_field": 1.0962236854007399,
        "final_B_field": 1.0966737224739935,
        "target_B_field": 1.0,
        "optimization_time": 2293.4615802764893,
        "final_normalized_squared_flux": 7.984568235680552e-07,
        "_cached_thresholds": {
          "length_threshold": 20.0,
          "flux_threshold": 1e-08,
          "cc_threshold": 0.08,
          "cs_threshold": 0.13,
          "msc_threshold": 10.0,
          "arclength_variation_threshold": 0.0,
          "curvature_threshold": 10.0,
          "force_threshold": 1.0,
          "torque_threshold": 1.0,
          "coil_width": 0.04,
          "R0": 10.0
        },
        "final_min_cs_separation": 0.3155939392078955,
        "final_min_cc_separation": 0.07939806299185487,
        "final_total_length": 20.000262612548134,
        "final_max_curvature": 3.7969393570423216,
        "final_average_curvature": 1.876956134682874,
        "final_arclength_variation": 0.0002283733140066668,
        "final_mean_squared_curvature": 4.578071377679388,
        "final_linking_number": 0,
        "final_max_max_coil_force": 563451.7255211372,
        "final_avg_max_coil_force": 423137.6223006814,
        "final_max_max_coil_torque": 258001.7704684783,
        "final_avg_max_coil_torque": 184726.03218361546,
        "avg_BdotN_over_B": 0.0003922474491179878,
        "max_BdotN_over_B": 0.001590820765645893,
        "lagrange_multipliers": [
          -2341102.080275869,
          -4704.297871147826,
          -0.0,
          -6318.428531731407,
          -0.0,
          -0.0,
          -0.0,
          -307088.1880922945
        ],
        "output_directory": "/home/runner/work/stellcoilbench/stellcoilbench/submissions/LandremanPaul2021_QA/akaptano/01-27-2026_01-03/order_8",
        "flux_threshold": 1e-08,
        "cc_threshold": 0.08,
        "cs_threshold": 0.13,
        "msc_threshold": 10.0,
        "arclength_variation_threshold": 0.0,
        "curvature_threshold": 10.0,
        "force_threshold": 1.0,
        "torque_threshold": 1.0,
        "fourier_order": 8,
        "continuation_step": 2
      },
      {
        "initial_B_field": 1.0966737224739935,
        "final_B_field": 1.0966561598706681,
        "target_B_field": 1.0,
        "optimization_time": 2367.3461565971375,
        "final_normalized_squared_flux": 6.654786594724249e-07,
        "_cached_thresholds": {
          "length_threshold": 20.0,
          "flux_threshold": 1e-08,
          "cc_threshold": 0.08,
          "cs_threshold": 0.13,
          "msc_threshold": 10.0,
          "arclength_variation_threshold": 0.0,
          "curvature_threshold": 10.0,
          "force_threshold": 1.0,
          "torque_threshold": 1.0,
          "coil_width": 0.04,
          "R0": 10.0
        },
        "final_min_cs_separation": 0.314066082761985,
        "final_min_cc_separation": 0.07915233205368756,
        "final_total_length": 20.000970105871307,
        "final_max_curvature": 4.557843972098177,
        "final_average_curvature": 1.930387966168214,
        "final_arclength_variation": 0.0001500232559814161,
        "final_mean_squared_curvature": 4.89464190781865,
        "final_linking_number": 0,
        "final_max_max_coil_force": 531319.1232315181,
        "final_avg_max_coil_force": 428650.6687478783,
        "final_max_max_coil_torque": 239516.39866687937,
        "final_avg_max_coil_torque": 172690.12388494273,
        "avg_BdotN_over_B": 0.00035561827493243634,
        "max_BdotN_over_B": 0.0014000161970531921,
        "lagrange_multipliers": [
          -1951205.38284508,
          -1519.7622727132616,
          -0.0,
          -1347.3456231972114,
          -0.0,
          -0.0,
          -0.0,
          -133825.5126737311
        ],
        "output_directory": "/home/runner/work/stellcoilbench/stellcoilbench/submissions/LandremanPaul2021_QA/akaptano/01-27-2026_01-03/order_12",
        "flux_threshold": 1e-08,
        "cc_threshold": 0.08,
        "cs_threshold": 0.13,
        "msc_threshold": 10.0,
        "arclength_variation_threshold": 0.0,
        "curvature_threshold": 10.0,
        "force_threshold": 1.0,
        "torque_threshold": 1.0,
        "fourier_order": 12,
        "continuation_step": 3
      },
      {
        "initial_B_field": 1.0966561598706681,
        "final_B_field": 1.0966124533135726,
        "target_B_field": 1.0,
        "optimization_time": 1697.8530304431915,
        "final_normalized_squared_flux": 6.382000562350405e-07,
        "_cached_thresholds": {
          "length_threshold": 20.0,
          "flux_threshold": 1e-08,
          "cc_threshold": 0.08,
          "cs_threshold": 0.13,
          "msc_threshold": 10.0,
          "arclength_variation_threshold": 0.0,
          "curvature_threshold": 10.0,
          "force_threshold": 1.0,
          "torque_threshold": 1.0,
          "coil_width": 0.04,
          "R0": 10.0
        },
        "final_min_cs_separation": 0.30812941574722513,
        "final_min_cc_separation": 0.07989795265165875,
        "final_total_length": 20.00009494913107,
        "final_max_curvature": 5.497421923684429,
        "final_average_curvature": 2.075335355126419,
        "final_arclength_variation": 0.00010621783398311814,
        "final_mean_squared_curvature": 5.704353373366152,
        "final_linking_number": 0,
        "final_max_max_coil_force": 541805.9957625617,
        "final_avg_max_coil_force": 427978.2973996722,
        "final_max_max_coil_torque": 240623.1772817403,
        "final_avg_max_coil_torque": 167418.99164838565,
        "avg_BdotN_over_B": 0.000349065079520058,
        "max_BdotN_over_B": 0.0013612680852857374,
        "lagrange_multipliers": [
          -467813.16997805855,
          -3777.224590690032,
          -0.0,
          -3251.486937220334,
          -0.0,
          -0.0,
          -0.0,
          -18318.04520812885
        ],
        "output_directory": "/home/runner/work/stellcoilbench/stellcoilbench/submissions/LandremanPaul2021_QA/akaptano/01-27-2026_01-03/order_16",
        "flux_threshold": 1e-08,
        "cc_threshold": 0.08,
        "cs_threshold": 0.13,
        "msc_threshold": 10.0,
        "arclength_variation_threshold": 0.0,
        "curvature_threshold": 10.0,
        "force_threshold": 1.0,
        "torque_threshold": 1.0,
        "fourier_order": 16,
        "continuation_step": 4
      }
    ],
    "initial_B_field": 1.0966561598706681,
    "final_B_field": 1.0966124533135726,
    "target_B_field": 1.0,
    "optimization_time": 1697.8530304431915,
    "final_normalized_squared_flux": 6.382000562350405e-07,
    "_cached_thresholds": {
      "length_threshold": 20.0,
      "flux_threshold": 1e-08,
      "cc_threshold": 0.08,
      "cs_threshold": 0.13,
      "msc_threshold": 10.0,
      "arclength_variation_threshold": 0.0,
      "curvature_threshold": 10.0,
      "force_threshold": 1.0,
      "torque_threshold": 1.0,
      "coil_width": 0.04,
      "R0": 10.0
    },
    "final_min_cs_separation": 0.30812941574722513,
    "final_min_cc_separation": 0.07989795265165875,
    "final_total_length": 20.00009494913107,
    "final_max_curvature": 5.497421923684429,
    "final_average_curvature": 2.075335355126419,
    "final_arclength_variation": 0.00010621783398311814,
    "final_mean_squared_curvature": 5.704353373366152,
    "final_linking_number": 0,
    "final_max_max_coil_force": 541805.9957625617,
    "final_avg_max_coil_force": 427978.2973996722,
    "final_max_max_coil_torque": 240623.1772817403,
    "final_avg_max_coil_torque": 167418.99164838565,
    "avg_BdotN_over_B": 0.000349065079520058,
    "max_BdotN_over_B": 0.0013612680852857374,
    "lagrange_multipliers": [
      -467813.16997805855,
      -3777.224590690032,
      -0.0,
      -3251.486937220334,
      -0.0,
      -0.0,
      -0.0,
      -18318.04520812885
    ],
    "output_directory": "/home/runner/work/stellcoilbench/stellcoilbench/submissions/LandremanPaul2021_QA/akaptano/01-27-2026_01-03/order_16",
    "flux_threshold": 1e-08,
    "cc_threshold": 0.08,
    "cs_threshold": 0.13,
    "msc_threshold": 10.0,
    "arclength_variation_threshold": 0.0,
    "curvature_threshold": 10.0,
    "force_threshold": 1.0,
    "torque_threshold": 1.0,
    "fourier_order": 16,
    "continuation_step": 4
  }
}