{
  "metadata": {
    "method_name": "",
    "contact": "akaptano",
    "hardware": "CPU: Intel(R) Xeon(R) Platinum 8370C CPU @ 2.80GHz | RAM: 15.6GB",
    "notes": "",
    "run_date": "2026-01-27T01:03:31.995135"
  },
  "metrics": {
    "fourier_continuation": true,
    "fourier_orders": [
      4,
      8,
      16
    ],
    "final_order": 16,
    "continuation_results": [
      {
        "initial_B_field": 0.9999187287104947,
        "final_B_field": 1.096281777697502,
        "target_B_field": 1.0,
        "optimization_time": 238.07748866081238,
        "final_normalized_squared_flux": 3.998136939398165e-06,
        "_cached_thresholds": {
          "length_threshold": 20.0,
          "flux_threshold": 1e-08,
          "cc_threshold": 0.08,
          "cs_threshold": 0.13,
          "msc_threshold": 10.0,
          "arclength_variation_threshold": 0.0,
          "curvature_threshold": 10.0,
          "force_threshold": 0.03077870113881195,
          "torque_threshold": 0.03077870113881195,
          "coil_width": 0.04,
          "R0": 10.0
        },
        "final_min_cs_separation": 0.2991227563590971,
        "final_min_cc_separation": 0.0799754043626554,
        "final_total_length": 19.999975721332262,
        "final_max_curvature": 2.6532138689992726,
        "final_average_curvature": 1.7138537125924618,
        "final_arclength_variation": 0.000635653431870679,
        "final_mean_squared_curvature": 3.4131183478467886,
        "final_linking_number": 0,
        "final_max_max_coil_force": 532287.8979820911,
        "final_avg_max_coil_force": 427684.45255414466,
        "final_max_max_coil_torque": 220172.56448390658,
        "final_avg_max_coil_torque": 164435.87975918167,
        "avg_BdotN_over_B": 0.0008888848431105044,
        "max_BdotN_over_B": 0.0034875374324967972,
        "lagrange_multipliers": null,
        "output_directory": "/home/runner/work/stellcoilbench/stellcoilbench/submissions/LandremanPaul2021_QA/akaptano/01-27-2026_01-03/order_4",
        "flux_threshold": 1e-08,
        "cc_threshold": 0.08,
        "cs_threshold": 0.13,
        "msc_threshold": 10.0,
        "arclength_variation_threshold": 0.0,
        "curvature_threshold": 10.0,
        "force_threshold": 0.03077870113881195,
        "torque_threshold": 0.03077870113881195,
        "fourier_order": 4,
        "continuation_step": 1
      },
      {
        "initial_B_field": 1.096281777697502,
        "final_B_field": 1.0965610229487117,
        "target_B_field": 1.0,
        "optimization_time": 260.676372051239,
        "final_normalized_squared_flux": 1.1773499936320927e-06,
        "_cached_thresholds": {
          "length_threshold": 20.0,
          "flux_threshold": 1e-08,
          "cc_threshold": 0.08,
          "cs_threshold": 0.13,
          "msc_threshold": 10.0,
          "arclength_variation_threshold": 0.0,
          "curvature_threshold": 10.0,
          "force_threshold": 1.0,
          "torque_threshold": 1.0,
          "coil_width": 0.04,
          "R0": 10.0
        },
        "final_min_cs_separation": 0.3136606084224726,
        "final_min_cc_separation": 0.07999680654400544,
        "final_total_length": 19.99995787216163,
        "final_max_curvature": 3.347984252942972,
        "final_average_curvature": 1.7713135953543278,
        "final_arclength_variation": 0.00011180343814337073,
        "final_mean_squared_curvature": 3.9324656989728886,
        "final_linking_number": 0,
        "final_max_max_coil_force": 550237.3471611128,
        "final_avg_max_coil_force": 432897.9231791311,
        "final_max_max_coil_torque": 244817.9074963276,
        "final_avg_max_coil_torque": 159180.57122157337,
        "avg_BdotN_over_B": 0.0004768720693166861,
        "max_BdotN_over_B": 0.0019829226814541746,
        "lagrange_multipliers": null,
        "output_directory": "/home/runner/work/stellcoilbench/stellcoilbench/submissions/LandremanPaul2021_QA/akaptano/01-27-2026_01-03/order_8",
        "flux_threshold": 1e-08,
        "cc_threshold": 0.08,
        "cs_threshold": 0.13,
        "msc_threshold": 10.0,
        "arclength_variation_threshold": 0.0,
        "curvature_threshold": 10.0,
        "force_threshold": 1.0,
        "torque_threshold": 1.0,
        "fourier_order": 8,
        "continuation_step": 2
      },
      {
        "initial_B_field": 1.0965610229487117,
        "final_B_field": 1.096618887288337,
        "target_B_field": 1.0,
        "optimization_time": 277.81195402145386,
        "final_normalized_squared_flux": 6.839955119579261e-07,
        "_cached_thresholds": {
          "length_threshold": 20.0,
          "flux_threshold": 1e-08,
          "cc_threshold": 0.08,
          "cs_threshold": 0.13,
          "msc_threshold": 10.0,
          "arclength_variation_threshold": 0.0,
          "curvature_threshold": 10.0,
          "force_threshold": 1.0,
          "torque_threshold": 1.0,
          "coil_width": 0.04,
          "R0": 10.0
        },
        "final_min_cs_separation": 0.31757977378478774,
        "final_min_cc_separation": 0.08003992238723578,
        "final_total_length": 19.999996810959757,
        "final_max_curvature": 5.921886351382896,
        "final_average_curvature": 2.068169515652628,
        "final_arclength_variation": 3.742159991883976e-05,
        "final_mean_squared_curvature": 5.98402908309324,
        "final_linking_number": 0,
        "final_max_max_coil_force": 579617.924498173,
        "final_avg_max_coil_force": 437762.7692796029,
        "final_max_max_coil_torque": 268248.4137823555,
        "final_avg_max_coil_torque": 171567.4611498907,
        "avg_BdotN_over_B": 0.00034565212878622767,
        "max_BdotN_over_B": 0.0014379490808479074,
        "lagrange_multipliers": null,
        "output_directory": "/home/runner/work/stellcoilbench/stellcoilbench/submissions/LandremanPaul2021_QA/akaptano/01-27-2026_01-03/order_16",
        "flux_threshold": 1e-08,
        "cc_threshold": 0.08,
        "cs_threshold": 0.13,
        "msc_threshold": 10.0,
        "arclength_variation_threshold": 0.0,
        "curvature_threshold": 10.0,
        "force_threshold": 1.0,
        "torque_threshold": 1.0,
        "fourier_order": 16,
        "continuation_step": 3
      }
    ],
    "initial_B_field": 1.0965610229487117,
    "final_B_field": 1.096618887288337,
    "target_B_field": 1.0,
    "optimization_time": 277.81195402145386,
    "final_normalized_squared_flux": 6.839955119579261e-07,
    "_cached_thresholds": {
      "length_threshold": 20.0,
      "flux_threshold": 1e-08,
      "cc_threshold": 0.08,
      "cs_threshold": 0.13,
      "msc_threshold": 10.0,
      "arclength_variation_threshold": 0.0,
      "curvature_threshold": 10.0,
      "force_threshold": 1.0,
      "torque_threshold": 1.0,
      "coil_width": 0.04,
      "R0": 10.0
    },
    "final_min_cs_separation": 0.31757977378478774,
    "final_min_cc_separation": 0.08003992238723578,
    "final_total_length": 19.999996810959757,
    "final_max_curvature": 5.921886351382896,
    "final_average_curvature": 2.068169515652628,
    "final_arclength_variation": 3.742159991883976e-05,
    "final_mean_squared_curvature": 5.98402908309324,
    "final_linking_number": 0,
    "final_max_max_coil_force": 579617.924498173,
    "final_avg_max_coil_force": 437762.7692796029,
    "final_max_max_coil_torque": 268248.4137823555,
    "final_avg_max_coil_torque": 171567.4611498907,
    "avg_BdotN_over_B": 0.00034565212878622767,
    "max_BdotN_over_B": 0.0014379490808479074,
    "lagrange_multipliers": null,
    "output_directory": "/home/runner/work/stellcoilbench/stellcoilbench/submissions/LandremanPaul2021_QA/akaptano/01-27-2026_01-03/order_16",
    "flux_threshold": 1e-08,
    "cc_threshold": 0.08,
    "cs_threshold": 0.13,
    "msc_threshold": 10.0,
    "arclength_variation_threshold": 0.0,
    "curvature_threshold": 10.0,
    "force_threshold": 1.0,
    "torque_threshold": 1.0,
    "fourier_order": 16,
    "continuation_step": 3
  }
}