{
  "metadata": {
    "method_name": "",
    "contact": "akaptano",
    "hardware": "CPU: AMD EPYC 7763 64-Core Processor | RAM: 15.6GB",
    "notes": "",
    "run_date": "2026-01-27T01:03:37.837326"
  },
  "metrics": {
    "initial_B_field": 0.9999187287104947,
    "final_B_field": 1.0961771480669125,
    "target_B_field": 1.0,
    "optimization_time": 583.1362481117249,
    "final_normalized_squared_flux": 1.4595064667579394e-06,
    "_cached_thresholds": {
      "length_threshold": 24.0,
      "flux_threshold": 1e-08,
      "cc_threshold": 0.08,
      "cs_threshold": 0.13,
      "msc_threshold": 10.0,
      "arclength_variation_threshold": 0.0,
      "curvature_threshold": 10.0,
      "force_threshold": 0.03077870113881195,
      "torque_threshold": 0.03077870113881195,
      "coil_width": 0.04,
      "R0": 10.0
    },
    "final_min_cs_separation": 0.29894753531806334,
    "final_min_cc_separation": 0.07998309975858221,
    "final_total_length": 23.414189485487114,
    "final_max_curvature": 4.813183454400896,
    "final_average_curvature": 2.095142846690396,
    "final_arclength_variation": 0.00021999535590918554,
    "final_mean_squared_curvature": 7.4645831260017745,
    "final_linking_number": 0,
    "final_max_max_coil_force": 541668.6348983657,
    "final_avg_max_coil_force": 480350.8230510867,
    "final_max_max_coil_torque": 290670.71936339734,
    "final_avg_max_coil_torque": 250610.71821564372,
    "avg_BdotN_over_B": 0.0004877173209799433,
    "max_BdotN_over_B": 0.0018901722287243444,
    "lagrange_multipliers": null,
    "output_directory": "/home/runner/work/stellcoilbench/stellcoilbench/submissions/LandremanPaul2021_QA/akaptano/01-27-2026_01-03",
    "flux_threshold": 1e-08,
    "cc_threshold": 0.08,
    "cs_threshold": 0.13,
    "msc_threshold": 10.0,
    "arclength_variation_threshold": 0.0,
    "curvature_threshold": 10.0,
    "force_threshold": 0.03077870113881195,
    "torque_threshold": 0.03077870113881195
  }
}