{
  "metadata": {
    "method_name": "",
    "contact": "akaptano",
    "hardware": "CPU: Intel(R) Xeon(R) Platinum 8370C CPU @ 2.80GHz | RAM: 7.8GB",
    "notes": "",
    "run_date": "2025-12-01T01:52:52.520679"
  },
  "metrics": {
    "initial_B_field": 2.4999411989153506,
    "final_B_field": 2.5669003742732706,
    "target_B_field": 2.5,
    "optimization_time": 6.337603569030762,
    "final_normalized_squared_flux": 0.003223920272768895,
    "final_min_cs_separation": 0.4826571761765294,
    "final_min_cc_separation": 0.22207506741143349,
    "final_total_length": 38.60435308208308,
    "final_max_curvature": 1.7836459484229357,
    "final_average_curvature": 0.8600540322046917,
    "final_mean_squared_curvature": 1.045176142486689,
    "final_linking_number": 0,
    "final_max_max_coil_force": 4297347.249772869,
    "final_avg_max_coil_force": 3204758.9640965387,
    "final_max_max_coil_torque": 3465887.903106808,
    "final_avg_max_coil_torque": 2174587.805287347,
    "avg_BdotN_over_B": 0.06793241515081272,
    "max_BdotN_over_B": 0.26619882531294925,
    "lagrange_multipliers": null,
    "output_directory": ".",
    "flux_threshold": 1e-08,
    "cc_threshold": 0.44000000000000006,
    "cs_threshold": 0.7150000000000001,
    "msc_threshold": 1.8181818181818181,
    "curvature_threshold": 1.8181818181818181,
    "force_threshold": 0.19236688211757466,
    "torque_threshold": 0.19236688211757466
  }
}