{
  "metadata": {
    "method_name": "",
    "contact": "akaptano",
    "hardware": "CPU: AMD EPYC 7763 64-Core Processor | RAM: 15.6GB",
    "notes": "",
    "run_date": "2026-01-27T22:20:09.910812"
  },
  "metrics": {
    "initial_B_field": 0.14995261497219797,
    "final_B_field": 0.15305949553564818,
    "target_B_field": 0.15,
    "optimization_time": 388.3699803352356,
    "final_normalized_squared_flux": 1.1115086286842246e-06,
    "_cached_thresholds": {
      "length_threshold": 6.096,
      "flux_threshold": 1e-08,
      "cc_threshold": 0.024384,
      "cs_threshold": 0.039624,
      "msc_threshold": 32.808398950131235,
      "arclength_variation_threshold": 0.0,
      "curvature_threshold": 32.808398950131235,
      "force_threshold": 0.0006925207756232686,
      "torque_threshold": 0.0006925207756232686,
      "coil_width": 0.012192,
      "R0": 32.808398950131235
    },
    "final_min_cs_separation": 0.1062761585962098,
    "final_min_cc_separation": 0.024414282164259813,
    "final_total_length": 6.0960117197734975,
    "final_max_curvature": 9.995607318793956,
    "final_average_curvature": 5.3860937538954285,
    "final_arclength_variation": 1.3126370736718281e-05,
    "final_mean_squared_curvature": 32.818146829486324,
    "final_linking_number": 0,
    "final_max_max_coil_force": 5305.004360612351,
    "final_avg_max_coil_force": 3336.623116535339,
    "final_max_max_coil_torque": 996.9738194358366,
    "final_avg_max_coil_torque": 500.24346427826697,
    "avg_BdotN_over_B": 0.011191647771705128,
    "max_BdotN_over_B": 0.05445667545146794,
    "lagrange_multipliers": null,
    "output_directory": "/home/runner/work/stellcoilbench/stellcoilbench/submissions/muse/akaptano/01-27-2026_22-20",
    "flux_threshold": 1e-08,
    "cc_threshold": 0.024384,
    "cs_threshold": 0.039624,
    "msc_threshold": 32.808398950131235,
    "arclength_variation_threshold": 0.0,
    "curvature_threshold": 32.808398950131235,
    "force_threshold": 0.0006925207756232686,
    "torque_threshold": 0.0006925207756232686
  }
}