{
  "metadata": {
    "method_name": "",
    "contact": "akaptano",
    "hardware": "CPU: Intel(R) Xeon(R) Platinum 8370C CPU @ 2.80GHz | RAM: 7.8GB",
    "notes": "",
    "run_date": "2025-12-01T01:53:26.227919"
  },
  "metrics": {
    "initial_B_field": 0.9998258195958676,
    "final_B_field": 0.4481193203220243,
    "target_B_field": 1.0,
    "optimization_time": 4822.779403448105,
    "final_normalized_squared_flux": 9.594843772875388e-06,
    "final_min_cs_separation": 0.00046088989118385845,
    "final_min_cc_separation": 0.09612172902475925,
    "final_total_length": 18.04458991396096,
    "final_max_curvature": 10.337145912949222,
    "final_average_curvature": 3.241426271143152,
    "final_mean_squared_curvature": 25.71664251332293,
    "final_linking_number": 0,
    "final_max_max_coil_force": 56098.815228463616,
    "final_avg_max_coil_force": 53601.135286618315,
    "final_max_max_coil_torque": 37808.35079552664,
    "final_avg_max_coil_torque": 28287.8085964696,
    "avg_BdotN_over_B": 0.022221279830705095,
    "max_BdotN_over_B": 0.9992883900578101,
    "lagrange_multipliers": [
      -1562461.7133905196,
      -0.0,
      -6.046540805211186e-07,
      -4968980.061257236,
      -21432.67237811937,
      -15913.96527578068,
      -0.0,
      -250129514.67938814
    ],
    "output_directory": ".",
    "flux_threshold": 1e-08,
    "cc_threshold": 0.08,
    "cs_threshold": 0.13,
    "msc_threshold": 10.0,
    "curvature_threshold": 10.0,
    "force_threshold": 0.03077870113881194,
    "torque_threshold": 0.03077870113881194
  }
}