{
  "@module": "simsopt._core.json",
  "@class": "SIMSON",
  "@version": "0.1.dev5271+g32ace0e13",
  "graph": [
    {
      "$type": "ref",
      "value": "RegularizedCoil481"
    },
    {
      "$type": "ref",
      "value": "RegularizedCoil482"
    },
    {
      "$type": "ref",
      "value": "RegularizedCoil483"
    },
    {
      "$type": "ref",
      "value": "RegularizedCoil484"
    },
    {
      "$type": "ref",
      "value": "RegularizedCoil485"
    },
    {
      "$type": "ref",
      "value": "RegularizedCoil486"
    },
    {
      "$type": "ref",
      "value": "RegularizedCoil487"
    },
    {
      "$type": "ref",
      "value": "RegularizedCoil488"
    },
    {
      "$type": "ref",
      "value": "RegularizedCoil489"
    },
    {
      "$type": "ref",
      "value": "RegularizedCoil490"
    },
    {
      "$type": "ref",
      "value": "RegularizedCoil491"
    },
    {
      "$type": "ref",
      "value": "RegularizedCoil492"
    },
    {
      "$type": "ref",
      "value": "RegularizedCoil493"
    },
    {
      "$type": "ref",
      "value": "RegularizedCoil494"
    },
    {
      "$type": "ref",
      "value": "RegularizedCoil495"
    },
    {
      "$type": "ref",
      "value": "RegularizedCoil496"
    },
    {
      "$type": "ref",
      "value": "RegularizedCoil497"
    },
    {
      "$type": "ref",
      "value": "RegularizedCoil498"
    },
    {
      "$type": "ref",
      "value": "RegularizedCoil499"
    },
    {
      "$type": "ref",
      "value": "RegularizedCoil500"
    },
    {
      "$type": "ref",
      "value": "RegularizedCoil501"
    },
    {
      "$type": "ref",
      "value": "RegularizedCoil502"
    },
    {
      "$type": "ref",
      "value": "RegularizedCoil503"
    },
    {
      "$type": "ref",
      "value": "RegularizedCoil504"
    },
    {
      "$type": "ref",
      "value": "RegularizedCoil505"
    },
    {
      "$type": "ref",
      "value": "RegularizedCoil506"
    },
    {
      "$type": "ref",
      "value": "RegularizedCoil507"
    },
    {
      "$type": "ref",
      "value": "RegularizedCoil508"
    },
    {
      "$type": "ref",
      "value": "RegularizedCoil509"
    },
    {
      "$type": "ref",
      "value": "RegularizedCoil510"
    },
    {
      "$type": "ref",
      "value": "RegularizedCoil511"
    },
    {
      "$type": "ref",
      "value": "RegularizedCoil512"
    },
    {
      "$type": "ref",
      "value": "RegularizedCoil513"
    },
    {
      "$type": "ref",
      "value": "RegularizedCoil514"
    },
    {
      "$type": "ref",
      "value": "RegularizedCoil515"
    },
    {
      "$type": "ref",
      "value": "RegularizedCoil516"
    },
    {
      "$type": "ref",
      "value": "RegularizedCoil517"
    },
    {
      "$type": "ref",
      "value": "RegularizedCoil518"
    },
    {
      "$type": "ref",
      "value": "RegularizedCoil519"
    },
    {
      "$type": "ref",
      "value": "RegularizedCoil520"
    }
  ],
  "simsopt_objs": {
    "139704007539216": {
      "@module": "simsopt._core.optimizable",
      "@class": "DOFs",
      "@name": "139704007539216",
      "@version": "0.1.dev5271+g32ace0e13",
      "x": {
        "@module": "numpy",
        "@class": "array",
        "dtype": "float64",
        "data": [
          5.847427447080008,
          0.036915382783854825,
          1.0493003418293159,
          -0.042021893475967693,
          0.2595656365212427,
          0.05106967372973247,
          -0.17239680650841444,
          -0.029769091993374058,
          0.0550926747153248,
          0.018930339532853432,
          -0.010722868445417644,
          -0.0032351004920517026,
          -0.0004269413313362902,
          -0.0009842716849458128,
          0.00013287320642860995,
          0.0035204026071502382,
          0.0018407684040457292,
          0.37957346091739586,
          0.2664223710729043,
          0.15323165332134112,
          -0.12301242732086366,
          -0.044103125244084954,
          0.0914867419854089,
          0.023524221579748074,
          -0.05798006445666377,
          -0.04478362857871882,
          -0.0004542863371534422,
          0.01241242401763515,
          0.00520223330192478,
          0.0012814428195605607,
          0.009618479144047131,
          -0.00010534480294200966,
          -0.007807540299053145,
          -0.0017043031835636954,
          0.0944271627680714,
          -1.4926932592467734,
          -0.01679229060094523,
          -0.11441487744024906,
          -0.01540285685505824,
          0.10123785183131989,
          0.022529181231782894,
          -0.02871190698552163,
          -0.013029644620570498,
          0.00312316155437216,
          0.001996534245828178,
          0.005737105489310129,
          -0.00010937981714619997,
          -0.006416250721097333,
          -0.005124488571282656,
          0.00296556980294398,
          0.012040179897362295
        ]
      },
      "names": [
        "xc(0)",
        "xs(1)",
        "xc(1)",
        "xs(2)",
        "xc(2)",
        "xs(3)",
        "xc(3)",
        "xs(4)",
        "xc(4)",
        "xs(5)",
        "xc(5)",
        "xs(6)",
        "xc(6)",
        "xs(7)",
        "xc(7)",
        "xs(8)",
        "xc(8)",
        "yc(0)",
        "ys(1)",
        "yc(1)",
        "ys(2)",
        "yc(2)",
        "ys(3)",
        "yc(3)",
        "ys(4)",
        "yc(4)",
        "ys(5)",
        "yc(5)",
        "ys(6)",
        "yc(6)",
        "ys(7)",
        "yc(7)",
        "ys(8)",
        "yc(8)",
        "zc(0)",
        "zs(1)",
        "zc(1)",
        "zs(2)",
        "zc(2)",
        "zs(3)",
        "zc(3)",
        "zs(4)",
        "zc(4)",
        "zs(5)",
        "zc(5)",
        "zs(6)",
        "zc(6)",
        "zs(7)",
        "zc(7)",
        "zs(8)",
        "zc(8)"
      ],
      "free": {
        "@module": "numpy",
        "@class": "array",
        "dtype": "bool",
        "data": [
          true,
          true,
          true,
          true,
          true,
          true,
          true,
          true,
          true,
          true,
          true,
          true,
          true,
          true,
          true,
          true,
          true,
          true,
          true,
          true,
          true,
          true,
          true,
          true,
          true,
          true,
          true,
          true,
          true,
          true,
          true,
          true,
          true,
          true,
          true,
          true,
          true,
          true,
          true,
          true,
          true,
          true,
          true,
          true,
          true,
          true,
          true,
          true,
          true,
          true,
          true
        ]
      },
      "lower_bounds": {
        "@module": "numpy",
        "@class": "array",
        "dtype": "float64",
        "data": [
          -Infinity,
          -Infinity,
          -Infinity,
          -Infinity,
          -Infinity,
          -Infinity,
          -Infinity,
          -Infinity,
          -Infinity,
          -Infinity,
          -Infinity,
          -Infinity,
          -Infinity,
          -Infinity,
          -Infinity,
          -Infinity,
          -Infinity,
          -Infinity,
          -Infinity,
          -Infinity,
          -Infinity,
          -Infinity,
          -Infinity,
          -Infinity,
          -Infinity,
          -Infinity,
          -Infinity,
          -Infinity,
          -Infinity,
          -Infinity,
          -Infinity,
          -Infinity,
          -Infinity,
          -Infinity,
          -Infinity,
          -Infinity,
          -Infinity,
          -Infinity,
          -Infinity,
          -Infinity,
          -Infinity,
          -Infinity,
          -Infinity,
          -Infinity,
          -Infinity,
          -Infinity,
          -Infinity,
          -Infinity,
          -Infinity,
          -Infinity,
          -Infinity
        ]
      },
      "upper_bounds": {
        "@module": "numpy",
        "@class": "array",
        "dtype": "float64",
        "data": [
          Infinity,
          Infinity,
          Infinity,
          Infinity,
          Infinity,
          Infinity,
          Infinity,
          Infinity,
          Infinity,
          Infinity,
          Infinity,
          Infinity,
          Infinity,
          Infinity,
          Infinity,
          Infinity,
          Infinity,
          Infinity,
          Infinity,
          Infinity,
          Infinity,
          Infinity,
          Infinity,
          Infinity,
          Infinity,
          Infinity,
          Infinity,
          Infinity,
          Infinity,
          Infinity,
          Infinity,
          Infinity,
          Infinity,
          Infinity,
          Infinity,
          Infinity,
          Infinity,
          Infinity,
          Infinity,
          Infinity,
          Infinity,
          Infinity,
          Infinity,
          Infinity,
          Infinity,
          Infinity,
          Infinity,
          Infinity,
          Infinity,
          Infinity,
          Infinity
        ]
      }
    },
    "CurveXYZFourier33": {
      "@module": "simsopt.geo.curvexyzfourier",
      "@class": "CurveXYZFourier",
      "@name": "CurveXYZFourier33",
      "@version": "0.1.dev5271+g32ace0e13",
      "quadpoints": {
        "@module": "numpy",
        "@class": "array",
        "dtype": "float64",
        "data": [
          0.0,
          0.00390625,
          0.0078125,
          0.01171875,
          0.015625,
          0.01953125,
          0.0234375,
          0.02734375,
          0.03125,
          0.03515625,
          0.0390625,
          0.04296875,
          0.046875,
          0.05078125,
          0.0546875,
          0.05859375,
          0.0625,
          0.06640625,
          0.0703125,
          0.07421875,
          0.078125,
          0.08203125,
          0.0859375,
          0.08984375,
          0.09375,
          0.09765625,
          0.1015625,
          0.10546875,
          0.109375,
          0.11328125,
          0.1171875,
          0.12109375,
          0.125,
          0.12890625,
          0.1328125,
          0.13671875,
          0.140625,
          0.14453125,
          0.1484375,
          0.15234375,
          0.15625,
          0.16015625,
          0.1640625,
          0.16796875,
          0.171875,
          0.17578125,
          0.1796875,
          0.18359375,
          0.1875,
          0.19140625,
          0.1953125,
          0.19921875,
          0.203125,
          0.20703125,
          0.2109375,
          0.21484375,
          0.21875,
          0.22265625,
          0.2265625,
          0.23046875,
          0.234375,
          0.23828125,
          0.2421875,
          0.24609375,
          0.25,
          0.25390625,
          0.2578125,
          0.26171875,
          0.265625,
          0.26953125,
          0.2734375,
          0.27734375,
          0.28125,
          0.28515625,
          0.2890625,
          0.29296875,
          0.296875,
          0.30078125,
          0.3046875,
          0.30859375,
          0.3125,
          0.31640625,
          0.3203125,
          0.32421875,
          0.328125,
          0.33203125,
          0.3359375,
          0.33984375,
          0.34375,
          0.34765625,
          0.3515625,
          0.35546875,
          0.359375,
          0.36328125,
          0.3671875,
          0.37109375,
          0.375,
          0.37890625,
          0.3828125,
          0.38671875,
          0.390625,
          0.39453125,
          0.3984375,
          0.40234375,
          0.40625,
          0.41015625,
          0.4140625,
          0.41796875,
          0.421875,
          0.42578125,
          0.4296875,
          0.43359375,
          0.4375,
          0.44140625,
          0.4453125,
          0.44921875,
          0.453125,
          0.45703125,
          0.4609375,
          0.46484375,
          0.46875,
          0.47265625,
          0.4765625,
          0.48046875,
          0.484375,
          0.48828125,
          0.4921875,
          0.49609375,
          0.5,
          0.50390625,
          0.5078125,
          0.51171875,
          0.515625,
          0.51953125,
          0.5234375,
          0.52734375,
          0.53125,
          0.53515625,
          0.5390625,
          0.54296875,
          0.546875,
          0.55078125,
          0.5546875,
          0.55859375,
          0.5625,
          0.56640625,
          0.5703125,
          0.57421875,
          0.578125,
          0.58203125,
          0.5859375,
          0.58984375,
          0.59375,
          0.59765625,
          0.6015625,
          0.60546875,
          0.609375,
          0.61328125,
          0.6171875,
          0.62109375,
          0.625,
          0.62890625,
          0.6328125,
          0.63671875,
          0.640625,
          0.64453125,
          0.6484375,
          0.65234375,
          0.65625,
          0.66015625,
          0.6640625,
          0.66796875,
          0.671875,
          0.67578125,
          0.6796875,
          0.68359375,
          0.6875,
          0.69140625,
          0.6953125,
          0.69921875,
          0.703125,
          0.70703125,
          0.7109375,
          0.71484375,
          0.71875,
          0.72265625,
          0.7265625,
          0.73046875,
          0.734375,
          0.73828125,
          0.7421875,
          0.74609375,
          0.75,
          0.75390625,
          0.7578125,
          0.76171875,
          0.765625,
          0.76953125,
          0.7734375,
          0.77734375,
          0.78125,
          0.78515625,
          0.7890625,
          0.79296875,
          0.796875,
          0.80078125,
          0.8046875,
          0.80859375,
          0.8125,
          0.81640625,
          0.8203125,
          0.82421875,
          0.828125,
          0.83203125,
          0.8359375,
          0.83984375,
          0.84375,
          0.84765625,
          0.8515625,
          0.85546875,
          0.859375,
          0.86328125,
          0.8671875,
          0.87109375,
          0.875,
          0.87890625,
          0.8828125,
          0.88671875,
          0.890625,
          0.89453125,
          0.8984375,
          0.90234375,
          0.90625,
          0.91015625,
          0.9140625,
          0.91796875,
          0.921875,
          0.92578125,
          0.9296875,
          0.93359375,
          0.9375,
          0.94140625,
          0.9453125,
          0.94921875,
          0.953125,
          0.95703125,
          0.9609375,
          0.96484375,
          0.96875,
          0.97265625,
          0.9765625,
          0.98046875,
          0.984375,
          0.98828125,
          0.9921875,
          0.99609375
        ]
      },
      "order": 8,
      "dofs": {
        "$type": "ref",
        "value": "139704007539216"
      }
    },
    "139704281731376": {
      "@module": "simsopt._core.optimizable",
      "@class": "DOFs",
      "@name": "139704281731376",
      "@version": "0.1.dev5271+g32ace0e13",
      "x": {
        "@module": "numpy",
        "@class": "array",
        "dtype": "float64",
        "data": [
          0.1512000834346497
        ]
      },
      "names": [
        "x0"
      ],
      "free": {
        "@module": "numpy",
        "@class": "array",
        "dtype": "bool",
        "data": [
          true
        ]
      },
      "lower_bounds": {
        "@module": "numpy",
        "@class": "array",
        "dtype": "float64",
        "data": [
          -Infinity
        ]
      },
      "upper_bounds": {
        "@module": "numpy",
        "@class": "array",
        "dtype": "float64",
        "data": [
          Infinity
        ]
      }
    },
    "Current21": {
      "@module": "simsopt.field.coil",
      "@class": "Current",
      "@name": "Current21",
      "@version": "0.1.dev5271+g32ace0e13",
      "current": 0.1512000834346497,
      "dofs": {
        "$type": "ref",
        "value": "139704281731376"
      }
    },
    "ScaledCurrent121": {
      "@module": "simsopt.field.coil",
      "@class": "ScaledCurrent",
      "@name": "ScaledCurrent121",
      "@version": "0.1.dev5271+g32ace0e13",
      "current_to_scale": {
        "$type": "ref",
        "value": "Current21"
      },
      "scale": 10000000.0
    },
    "RegularizedCoil481": {
      "@module": "simsopt.field.coil",
      "@class": "RegularizedCoil",
      "@name": "RegularizedCoil481",
      "@version": "0.1.dev5271+g32ace0e13",
      "curve": {
        "$type": "ref",
        "value": "CurveXYZFourier33"
      },
      "current": {
        "$type": "ref",
        "value": "ScaledCurrent121"
      },
      "regularization": {
        "@module": "numpy",
        "@class": "array",
        "dtype": "float64",
        "data": 0.09704490555402136
      }
    },
    "139702880121104": {
      "@module": "simsopt._core.optimizable",
      "@class": "DOFs",
      "@name": "139702880121104",
      "@version": "0.1.dev5271+g32ace0e13",
      "x": {
        "@module": "numpy",
        "@class": "array",
        "dtype": "float64",
        "data": [
          5.4949821365693445,
          0.018909479871712223,
          1.1788635621127241,
          -0.32497974972631954,
          0.3676310035035615,
          0.1697840095327655,
          -0.08642335615336073,
          -0.06898637196863491,
          0.02833336505118291,
          0.012906165849562048,
          0.00684729429880331,
          0.0005848055477802969,
          0.011434593109955758,
          0.0045583658232091475,
          0.00010258021972343022,
          -0.007892304739326403,
          0.006643207667872819,
          1.2832592694787692,
          0.2399069542745634,
          0.5073254759320341,
          -0.24585518294288813,
          -0.21723909218634443,
          0.005395721760879778,
          0.20948571825676304,
          0.10361003039144359,
          -0.03066788983761934,
          0.04791947177250589,
          -0.02304488773097522,
          -0.03115068653398784,
          -0.03562880514868091,
          -0.018535441653407713,
          0.007876503112400365,
          0.004993245873669139,
          -0.005300216361073667,
          0.12459711340147529,
          -1.6866258207703357,
          -0.14063476337017702,
          -0.22580597728509838,
          -0.09731628113079935,
          0.11301140585432659,
          0.0684975279535403,
          0.002690655658960597,
          -0.06121575939813921,
          -0.025229809061898326,
          -0.015707935537464197,
          -0.02316809722669966,
          0.03244402426132001,
          0.01929043923502527,
          0.01151776542495246,
          0.0005249498952782089,
          -0.0172290250587182
        ]
      },
      "names": [
        "xc(0)",
        "xs(1)",
        "xc(1)",
        "xs(2)",
        "xc(2)",
        "xs(3)",
        "xc(3)",
        "xs(4)",
        "xc(4)",
        "xs(5)",
        "xc(5)",
        "xs(6)",
        "xc(6)",
        "xs(7)",
        "xc(7)",
        "xs(8)",
        "xc(8)",
        "yc(0)",
        "ys(1)",
        "yc(1)",
        "ys(2)",
        "yc(2)",
        "ys(3)",
        "yc(3)",
        "ys(4)",
        "yc(4)",
        "ys(5)",
        "yc(5)",
        "ys(6)",
        "yc(6)",
        "ys(7)",
        "yc(7)",
        "ys(8)",
        "yc(8)",
        "zc(0)",
        "zs(1)",
        "zc(1)",
        "zs(2)",
        "zc(2)",
        "zs(3)",
        "zc(3)",
        "zs(4)",
        "zc(4)",
        "zs(5)",
        "zc(5)",
        "zs(6)",
        "zc(6)",
        "zs(7)",
        "zc(7)",
        "zs(8)",
        "zc(8)"
      ],
      "free": {
        "@module": "numpy",
        "@class": "array",
        "dtype": "bool",
        "data": [
          true,
          true,
          true,
          true,
          true,
          true,
          true,
          true,
          true,
          true,
          true,
          true,
          true,
          true,
          true,
          true,
          true,
          true,
          true,
          true,
          true,
          true,
          true,
          true,
          true,
          true,
          true,
          true,
          true,
          true,
          true,
          true,
          true,
          true,
          true,
          true,
          true,
          true,
          true,
          true,
          true,
          true,
          true,
          true,
          true,
          true,
          true,
          true,
          true,
          true,
          true
        ]
      },
      "lower_bounds": {
        "@module": "numpy",
        "@class": "array",
        "dtype": "float64",
        "data": [
          -Infinity,
          -Infinity,
          -Infinity,
          -Infinity,
          -Infinity,
          -Infinity,
          -Infinity,
          -Infinity,
          -Infinity,
          -Infinity,
          -Infinity,
          -Infinity,
          -Infinity,
          -Infinity,
          -Infinity,
          -Infinity,
          -Infinity,
          -Infinity,
          -Infinity,
          -Infinity,
          -Infinity,
          -Infinity,
          -Infinity,
          -Infinity,
          -Infinity,
          -Infinity,
          -Infinity,
          -Infinity,
          -Infinity,
          -Infinity,
          -Infinity,
          -Infinity,
          -Infinity,
          -Infinity,
          -Infinity,
          -Infinity,
          -Infinity,
          -Infinity,
          -Infinity,
          -Infinity,
          -Infinity,
          -Infinity,
          -Infinity,
          -Infinity,
          -Infinity,
          -Infinity,
          -Infinity,
          -Infinity,
          -Infinity,
          -Infinity,
          -Infinity
        ]
      },
      "upper_bounds": {
        "@module": "numpy",
        "@class": "array",
        "dtype": "float64",
        "data": [
          Infinity,
          Infinity,
          Infinity,
          Infinity,
          Infinity,
          Infinity,
          Infinity,
          Infinity,
          Infinity,
          Infinity,
          Infinity,
          Infinity,
          Infinity,
          Infinity,
          Infinity,
          Infinity,
          Infinity,
          Infinity,
          Infinity,
          Infinity,
          Infinity,
          Infinity,
          Infinity,
          Infinity,
          Infinity,
          Infinity,
          Infinity,
          Infinity,
          Infinity,
          Infinity,
          Infinity,
          Infinity,
          Infinity,
          Infinity,
          Infinity,
          Infinity,
          Infinity,
          Infinity,
          Infinity,
          Infinity,
          Infinity,
          Infinity,
          Infinity,
          Infinity,
          Infinity,
          Infinity,
          Infinity,
          Infinity,
          Infinity,
          Infinity,
          Infinity
        ]
      }
    },
    "CurveXYZFourier34": {
      "@module": "simsopt.geo.curvexyzfourier",
      "@class": "CurveXYZFourier",
      "@name": "CurveXYZFourier34",
      "@version": "0.1.dev5271+g32ace0e13",
      "quadpoints": {
        "@module": "numpy",
        "@class": "array",
        "dtype": "float64",
        "data": [
          0.0,
          0.00390625,
          0.0078125,
          0.01171875,
          0.015625,
          0.01953125,
          0.0234375,
          0.02734375,
          0.03125,
          0.03515625,
          0.0390625,
          0.04296875,
          0.046875,
          0.05078125,
          0.0546875,
          0.05859375,
          0.0625,
          0.06640625,
          0.0703125,
          0.07421875,
          0.078125,
          0.08203125,
          0.0859375,
          0.08984375,
          0.09375,
          0.09765625,
          0.1015625,
          0.10546875,
          0.109375,
          0.11328125,
          0.1171875,
          0.12109375,
          0.125,
          0.12890625,
          0.1328125,
          0.13671875,
          0.140625,
          0.14453125,
          0.1484375,
          0.15234375,
          0.15625,
          0.16015625,
          0.1640625,
          0.16796875,
          0.171875,
          0.17578125,
          0.1796875,
          0.18359375,
          0.1875,
          0.19140625,
          0.1953125,
          0.19921875,
          0.203125,
          0.20703125,
          0.2109375,
          0.21484375,
          0.21875,
          0.22265625,
          0.2265625,
          0.23046875,
          0.234375,
          0.23828125,
          0.2421875,
          0.24609375,
          0.25,
          0.25390625,
          0.2578125,
          0.26171875,
          0.265625,
          0.26953125,
          0.2734375,
          0.27734375,
          0.28125,
          0.28515625,
          0.2890625,
          0.29296875,
          0.296875,
          0.30078125,
          0.3046875,
          0.30859375,
          0.3125,
          0.31640625,
          0.3203125,
          0.32421875,
          0.328125,
          0.33203125,
          0.3359375,
          0.33984375,
          0.34375,
          0.34765625,
          0.3515625,
          0.35546875,
          0.359375,
          0.36328125,
          0.3671875,
          0.37109375,
          0.375,
          0.37890625,
          0.3828125,
          0.38671875,
          0.390625,
          0.39453125,
          0.3984375,
          0.40234375,
          0.40625,
          0.41015625,
          0.4140625,
          0.41796875,
          0.421875,
          0.42578125,
          0.4296875,
          0.43359375,
          0.4375,
          0.44140625,
          0.4453125,
          0.44921875,
          0.453125,
          0.45703125,
          0.4609375,
          0.46484375,
          0.46875,
          0.47265625,
          0.4765625,
          0.48046875,
          0.484375,
          0.48828125,
          0.4921875,
          0.49609375,
          0.5,
          0.50390625,
          0.5078125,
          0.51171875,
          0.515625,
          0.51953125,
          0.5234375,
          0.52734375,
          0.53125,
          0.53515625,
          0.5390625,
          0.54296875,
          0.546875,
          0.55078125,
          0.5546875,
          0.55859375,
          0.5625,
          0.56640625,
          0.5703125,
          0.57421875,
          0.578125,
          0.58203125,
          0.5859375,
          0.58984375,
          0.59375,
          0.59765625,
          0.6015625,
          0.60546875,
          0.609375,
          0.61328125,
          0.6171875,
          0.62109375,
          0.625,
          0.62890625,
          0.6328125,
          0.63671875,
          0.640625,
          0.64453125,
          0.6484375,
          0.65234375,
          0.65625,
          0.66015625,
          0.6640625,
          0.66796875,
          0.671875,
          0.67578125,
          0.6796875,
          0.68359375,
          0.6875,
          0.69140625,
          0.6953125,
          0.69921875,
          0.703125,
          0.70703125,
          0.7109375,
          0.71484375,
          0.71875,
          0.72265625,
          0.7265625,
          0.73046875,
          0.734375,
          0.73828125,
          0.7421875,
          0.74609375,
          0.75,
          0.75390625,
          0.7578125,
          0.76171875,
          0.765625,
          0.76953125,
          0.7734375,
          0.77734375,
          0.78125,
          0.78515625,
          0.7890625,
          0.79296875,
          0.796875,
          0.80078125,
          0.8046875,
          0.80859375,
          0.8125,
          0.81640625,
          0.8203125,
          0.82421875,
          0.828125,
          0.83203125,
          0.8359375,
          0.83984375,
          0.84375,
          0.84765625,
          0.8515625,
          0.85546875,
          0.859375,
          0.86328125,
          0.8671875,
          0.87109375,
          0.875,
          0.87890625,
          0.8828125,
          0.88671875,
          0.890625,
          0.89453125,
          0.8984375,
          0.90234375,
          0.90625,
          0.91015625,
          0.9140625,
          0.91796875,
          0.921875,
          0.92578125,
          0.9296875,
          0.93359375,
          0.9375,
          0.94140625,
          0.9453125,
          0.94921875,
          0.953125,
          0.95703125,
          0.9609375,
          0.96484375,
          0.96875,
          0.97265625,
          0.9765625,
          0.98046875,
          0.984375,
          0.98828125,
          0.9921875,
          0.99609375
        ]
      },
      "order": 8,
      "dofs": {
        "$type": "ref",
        "value": "139702880121104"
      }
    },
    "139704281653200": {
      "@module": "simsopt._core.optimizable",
      "@class": "DOFs",
      "@name": "139704281653200",
      "@version": "0.1.dev5271+g32ace0e13",
      "x": {
        "@module": "numpy",
        "@class": "array",
        "dtype": "float64",
        "data": [
          0.2665863675183588
        ]
      },
      "names": [
        "x0"
      ],
      "free": {
        "@module": "numpy",
        "@class": "array",
        "dtype": "bool",
        "data": [
          true
        ]
      },
      "lower_bounds": {
        "@module": "numpy",
        "@class": "array",
        "dtype": "float64",
        "data": [
          -Infinity
        ]
      },
      "upper_bounds": {
        "@module": "numpy",
        "@class": "array",
        "dtype": "float64",
        "data": [
          Infinity
        ]
      }
    },
    "Current22": {
      "@module": "simsopt.field.coil",
      "@class": "Current",
      "@name": "Current22",
      "@version": "0.1.dev5271+g32ace0e13",
      "current": 0.2665863675183588,
      "dofs": {
        "$type": "ref",
        "value": "139704281653200"
      }
    },
    "ScaledCurrent122": {
      "@module": "simsopt.field.coil",
      "@class": "ScaledCurrent",
      "@name": "ScaledCurrent122",
      "@version": "0.1.dev5271+g32ace0e13",
      "current_to_scale": {
        "$type": "ref",
        "value": "Current22"
      },
      "scale": 10000000.0
    },
    "RegularizedCoil482": {
      "@module": "simsopt.field.coil",
      "@class": "RegularizedCoil",
      "@name": "RegularizedCoil482",
      "@version": "0.1.dev5271+g32ace0e13",
      "curve": {
        "$type": "ref",
        "value": "CurveXYZFourier34"
      },
      "current": {
        "$type": "ref",
        "value": "ScaledCurrent122"
      },
      "regularization": {
        "@module": "numpy",
        "@class": "array",
        "dtype": "float64",
        "data": 0.09704490555402136
      }
    },
    "139702879655056": {
      "@module": "simsopt._core.optimizable",
      "@class": "DOFs",
      "@name": "139702879655056",
      "@version": "0.1.dev5271+g32ace0e13",
      "x": {
        "@module": "numpy",
        "@class": "array",
        "dtype": "float64",
        "data": [
          4.823283243637191,
          0.05136772736447585,
          1.2983131919895934,
          -0.1962287393992346,
          -0.00588305322899384,
          0.023875496201272876,
          0.1099816210193955,
          0.03621839072735164,
          -0.10635205931162942,
          -0.040506171713404066,
          -0.0025985771823579546,
          -0.014322011753386854,
          0.04229585094839596,
          0.030795778674959733,
          0.004994596600889866,
          0.0021169941145897787,
          0.019187279781846093,
          2.3062465140033184,
          0.294618497347592,
          0.5481612769933414,
          0.02391018101816792,
          -0.26715180694177676,
          -0.062210409064937994,
          -0.29839118978064494,
          -0.11989247976073877,
          0.08980762631669571,
          -0.014956153281770745,
          -0.02142507475608438,
          -0.04561703042509581,
          0.02785085255059399,
          0.009010053885245343,
          -0.013411745779069622,
          -0.008883784770077199,
          -0.015182999400536416,
          -0.02161439781616792,
          -1.3172829942919795,
          -0.12014825122318488,
          -0.04709459205378691,
          -0.40465711918539427,
          -0.09208073371141402,
          0.022678388539820404,
          0.006293522206796926,
          0.05500887122890026,
          -0.02914879066294035,
          -0.023379314150178545,
          0.020759607929124547,
          0.02167982450689958,
          0.004905710278402132,
          -0.002300803427485811,
          -0.008172318893987823,
          0.014722057654133284
        ]
      },
      "names": [
        "xc(0)",
        "xs(1)",
        "xc(1)",
        "xs(2)",
        "xc(2)",
        "xs(3)",
        "xc(3)",
        "xs(4)",
        "xc(4)",
        "xs(5)",
        "xc(5)",
        "xs(6)",
        "xc(6)",
        "xs(7)",
        "xc(7)",
        "xs(8)",
        "xc(8)",
        "yc(0)",
        "ys(1)",
        "yc(1)",
        "ys(2)",
        "yc(2)",
        "ys(3)",
        "yc(3)",
        "ys(4)",
        "yc(4)",
        "ys(5)",
        "yc(5)",
        "ys(6)",
        "yc(6)",
        "ys(7)",
        "yc(7)",
        "ys(8)",
        "yc(8)",
        "zc(0)",
        "zs(1)",
        "zc(1)",
        "zs(2)",
        "zc(2)",
        "zs(3)",
        "zc(3)",
        "zs(4)",
        "zc(4)",
        "zs(5)",
        "zc(5)",
        "zs(6)",
        "zc(6)",
        "zs(7)",
        "zc(7)",
        "zs(8)",
        "zc(8)"
      ],
      "free": {
        "@module": "numpy",
        "@class": "array",
        "dtype": "bool",
        "data": [
          true,
          true,
          true,
          true,
          true,
          true,
          true,
          true,
          true,
          true,
          true,
          true,
          true,
          true,
          true,
          true,
          true,
          true,
          true,
          true,
          true,
          true,
          true,
          true,
          true,
          true,
          true,
          true,
          true,
          true,
          true,
          true,
          true,
          true,
          true,
          true,
          true,
          true,
          true,
          true,
          true,
          true,
          true,
          true,
          true,
          true,
          true,
          true,
          true,
          true,
          true
        ]
      },
      "lower_bounds": {
        "@module": "numpy",
        "@class": "array",
        "dtype": "float64",
        "data": [
          -Infinity,
          -Infinity,
          -Infinity,
          -Infinity,
          -Infinity,
          -Infinity,
          -Infinity,
          -Infinity,
          -Infinity,
          -Infinity,
          -Infinity,
          -Infinity,
          -Infinity,
          -Infinity,
          -Infinity,
          -Infinity,
          -Infinity,
          -Infinity,
          -Infinity,
          -Infinity,
          -Infinity,
          -Infinity,
          -Infinity,
          -Infinity,
          -Infinity,
          -Infinity,
          -Infinity,
          -Infinity,
          -Infinity,
          -Infinity,
          -Infinity,
          -Infinity,
          -Infinity,
          -Infinity,
          -Infinity,
          -Infinity,
          -Infinity,
          -Infinity,
          -Infinity,
          -Infinity,
          -Infinity,
          -Infinity,
          -Infinity,
          -Infinity,
          -Infinity,
          -Infinity,
          -Infinity,
          -Infinity,
          -Infinity,
          -Infinity,
          -Infinity
        ]
      },
      "upper_bounds": {
        "@module": "numpy",
        "@class": "array",
        "dtype": "float64",
        "data": [
          Infinity,
          Infinity,
          Infinity,
          Infinity,
          Infinity,
          Infinity,
          Infinity,
          Infinity,
          Infinity,
          Infinity,
          Infinity,
          Infinity,
          Infinity,
          Infinity,
          Infinity,
          Infinity,
          Infinity,
          Infinity,
          Infinity,
          Infinity,
          Infinity,
          Infinity,
          Infinity,
          Infinity,
          Infinity,
          Infinity,
          Infinity,
          Infinity,
          Infinity,
          Infinity,
          Infinity,
          Infinity,
          Infinity,
          Infinity,
          Infinity,
          Infinity,
          Infinity,
          Infinity,
          Infinity,
          Infinity,
          Infinity,
          Infinity,
          Infinity,
          Infinity,
          Infinity,
          Infinity,
          Infinity,
          Infinity,
          Infinity,
          Infinity,
          Infinity
        ]
      }
    },
    "CurveXYZFourier35": {
      "@module": "simsopt.geo.curvexyzfourier",
      "@class": "CurveXYZFourier",
      "@name": "CurveXYZFourier35",
      "@version": "0.1.dev5271+g32ace0e13",
      "quadpoints": {
        "@module": "numpy",
        "@class": "array",
        "dtype": "float64",
        "data": [
          0.0,
          0.00390625,
          0.0078125,
          0.01171875,
          0.015625,
          0.01953125,
          0.0234375,
          0.02734375,
          0.03125,
          0.03515625,
          0.0390625,
          0.04296875,
          0.046875,
          0.05078125,
          0.0546875,
          0.05859375,
          0.0625,
          0.06640625,
          0.0703125,
          0.07421875,
          0.078125,
          0.08203125,
          0.0859375,
          0.08984375,
          0.09375,
          0.09765625,
          0.1015625,
          0.10546875,
          0.109375,
          0.11328125,
          0.1171875,
          0.12109375,
          0.125,
          0.12890625,
          0.1328125,
          0.13671875,
          0.140625,
          0.14453125,
          0.1484375,
          0.15234375,
          0.15625,
          0.16015625,
          0.1640625,
          0.16796875,
          0.171875,
          0.17578125,
          0.1796875,
          0.18359375,
          0.1875,
          0.19140625,
          0.1953125,
          0.19921875,
          0.203125,
          0.20703125,
          0.2109375,
          0.21484375,
          0.21875,
          0.22265625,
          0.2265625,
          0.23046875,
          0.234375,
          0.23828125,
          0.2421875,
          0.24609375,
          0.25,
          0.25390625,
          0.2578125,
          0.26171875,
          0.265625,
          0.26953125,
          0.2734375,
          0.27734375,
          0.28125,
          0.28515625,
          0.2890625,
          0.29296875,
          0.296875,
          0.30078125,
          0.3046875,
          0.30859375,
          0.3125,
          0.31640625,
          0.3203125,
          0.32421875,
          0.328125,
          0.33203125,
          0.3359375,
          0.33984375,
          0.34375,
          0.34765625,
          0.3515625,
          0.35546875,
          0.359375,
          0.36328125,
          0.3671875,
          0.37109375,
          0.375,
          0.37890625,
          0.3828125,
          0.38671875,
          0.390625,
          0.39453125,
          0.3984375,
          0.40234375,
          0.40625,
          0.41015625,
          0.4140625,
          0.41796875,
          0.421875,
          0.42578125,
          0.4296875,
          0.43359375,
          0.4375,
          0.44140625,
          0.4453125,
          0.44921875,
          0.453125,
          0.45703125,
          0.4609375,
          0.46484375,
          0.46875,
          0.47265625,
          0.4765625,
          0.48046875,
          0.484375,
          0.48828125,
          0.4921875,
          0.49609375,
          0.5,
          0.50390625,
          0.5078125,
          0.51171875,
          0.515625,
          0.51953125,
          0.5234375,
          0.52734375,
          0.53125,
          0.53515625,
          0.5390625,
          0.54296875,
          0.546875,
          0.55078125,
          0.5546875,
          0.55859375,
          0.5625,
          0.56640625,
          0.5703125,
          0.57421875,
          0.578125,
          0.58203125,
          0.5859375,
          0.58984375,
          0.59375,
          0.59765625,
          0.6015625,
          0.60546875,
          0.609375,
          0.61328125,
          0.6171875,
          0.62109375,
          0.625,
          0.62890625,
          0.6328125,
          0.63671875,
          0.640625,
          0.64453125,
          0.6484375,
          0.65234375,
          0.65625,
          0.66015625,
          0.6640625,
          0.66796875,
          0.671875,
          0.67578125,
          0.6796875,
          0.68359375,
          0.6875,
          0.69140625,
          0.6953125,
          0.69921875,
          0.703125,
          0.70703125,
          0.7109375,
          0.71484375,
          0.71875,
          0.72265625,
          0.7265625,
          0.73046875,
          0.734375,
          0.73828125,
          0.7421875,
          0.74609375,
          0.75,
          0.75390625,
          0.7578125,
          0.76171875,
          0.765625,
          0.76953125,
          0.7734375,
          0.77734375,
          0.78125,
          0.78515625,
          0.7890625,
          0.79296875,
          0.796875,
          0.80078125,
          0.8046875,
          0.80859375,
          0.8125,
          0.81640625,
          0.8203125,
          0.82421875,
          0.828125,
          0.83203125,
          0.8359375,
          0.83984375,
          0.84375,
          0.84765625,
          0.8515625,
          0.85546875,
          0.859375,
          0.86328125,
          0.8671875,
          0.87109375,
          0.875,
          0.87890625,
          0.8828125,
          0.88671875,
          0.890625,
          0.89453125,
          0.8984375,
          0.90234375,
          0.90625,
          0.91015625,
          0.9140625,
          0.91796875,
          0.921875,
          0.92578125,
          0.9296875,
          0.93359375,
          0.9375,
          0.94140625,
          0.9453125,
          0.94921875,
          0.953125,
          0.95703125,
          0.9609375,
          0.96484375,
          0.96875,
          0.97265625,
          0.9765625,
          0.98046875,
          0.984375,
          0.98828125,
          0.9921875,
          0.99609375
        ]
      },
      "order": 8,
      "dofs": {
        "$type": "ref",
        "value": "139702879655056"
      }
    },
    "139704281650992": {
      "@module": "simsopt._core.optimizable",
      "@class": "DOFs",
      "@name": "139704281650992",
      "@version": "0.1.dev5271+g32ace0e13",
      "x": {
        "@module": "numpy",
        "@class": "array",
        "dtype": "float64",
        "data": [
          0.16568528504892818
        ]
      },
      "names": [
        "x0"
      ],
      "free": {
        "@module": "numpy",
        "@class": "array",
        "dtype": "bool",
        "data": [
          true
        ]
      },
      "lower_bounds": {
        "@module": "numpy",
        "@class": "array",
        "dtype": "float64",
        "data": [
          -Infinity
        ]
      },
      "upper_bounds": {
        "@module": "numpy",
        "@class": "array",
        "dtype": "float64",
        "data": [
          Infinity
        ]
      }
    },
    "Current23": {
      "@module": "simsopt.field.coil",
      "@class": "Current",
      "@name": "Current23",
      "@version": "0.1.dev5271+g32ace0e13",
      "current": 0.16568528504892818,
      "dofs": {
        "$type": "ref",
        "value": "139704281650992"
      }
    },
    "ScaledCurrent123": {
      "@module": "simsopt.field.coil",
      "@class": "ScaledCurrent",
      "@name": "ScaledCurrent123",
      "@version": "0.1.dev5271+g32ace0e13",
      "current_to_scale": {
        "$type": "ref",
        "value": "Current23"
      },
      "scale": 10000000.0
    },
    "RegularizedCoil483": {
      "@module": "simsopt.field.coil",
      "@class": "RegularizedCoil",
      "@name": "RegularizedCoil483",
      "@version": "0.1.dev5271+g32ace0e13",
      "curve": {
        "$type": "ref",
        "value": "CurveXYZFourier35"
      },
      "current": {
        "$type": "ref",
        "value": "ScaledCurrent123"
      },
      "regularization": {
        "@module": "numpy",
        "@class": "array",
        "dtype": "float64",
        "data": 0.09704490555402136
      }
    },
    "139702877553872": {
      "@module": "simsopt._core.optimizable",
      "@class": "DOFs",
      "@name": "139702877553872",
      "@version": "0.1.dev5271+g32ace0e13",
      "x": {
        "@module": "numpy",
        "@class": "array",
        "dtype": "float64",
        "data": [
          4.7693628081728505,
          0.25686977178379733,
          0.9271812341953735,
          -0.4853187978297365,
          0.059295581034030216,
          0.061682512285685505,
          0.1398668628740317,
          0.03230088368032184,
          0.05346406640771095,
          0.025018819969038694,
          0.019875233278930118,
          0.02726895301901354,
          0.0004325638036275537,
          -0.020528172432014893,
          -0.026438150521283035,
          0.005590856387889998,
          -0.0034509909711785617,
          2.7021910089330734,
          -0.0706027361064448,
          1.1545214981688907,
          0.5427528109851762,
          -0.21878055825041529,
          0.112102980445484,
          -0.013229754149489764,
          0.11480012735010887,
          0.011995781535245309,
          0.0004434161943371376,
          -0.019275619652810903,
          0.021838535473715837,
          0.006656052606783588,
          -0.002423769054482191,
          0.013285428171275489,
          -0.023311184938803804,
          0.0073585156945225015,
          0.05424603237763043,
          -0.7483983938849894,
          -0.275011930165089,
          0.20259256777233361,
          -0.23430643578847551,
          0.1407683225186225,
          -0.0222692285723344,
          0.015308135033369105,
          -0.06998417632791872,
          0.02490376469264671,
          -0.025313797197429842,
          0.011213008394925455,
          -0.005505071980583299,
          -0.0016990768567822616,
          -0.025145704931349742,
          0.017682134020514436,
          0.013172796973003111
        ]
      },
      "names": [
        "xc(0)",
        "xs(1)",
        "xc(1)",
        "xs(2)",
        "xc(2)",
        "xs(3)",
        "xc(3)",
        "xs(4)",
        "xc(4)",
        "xs(5)",
        "xc(5)",
        "xs(6)",
        "xc(6)",
        "xs(7)",
        "xc(7)",
        "xs(8)",
        "xc(8)",
        "yc(0)",
        "ys(1)",
        "yc(1)",
        "ys(2)",
        "yc(2)",
        "ys(3)",
        "yc(3)",
        "ys(4)",
        "yc(4)",
        "ys(5)",
        "yc(5)",
        "ys(6)",
        "yc(6)",
        "ys(7)",
        "yc(7)",
        "ys(8)",
        "yc(8)",
        "zc(0)",
        "zs(1)",
        "zc(1)",
        "zs(2)",
        "zc(2)",
        "zs(3)",
        "zc(3)",
        "zs(4)",
        "zc(4)",
        "zs(5)",
        "zc(5)",
        "zs(6)",
        "zc(6)",
        "zs(7)",
        "zc(7)",
        "zs(8)",
        "zc(8)"
      ],
      "free": {
        "@module": "numpy",
        "@class": "array",
        "dtype": "bool",
        "data": [
          true,
          true,
          true,
          true,
          true,
          true,
          true,
          true,
          true,
          true,
          true,
          true,
          true,
          true,
          true,
          true,
          true,
          true,
          true,
          true,
          true,
          true,
          true,
          true,
          true,
          true,
          true,
          true,
          true,
          true,
          true,
          true,
          true,
          true,
          true,
          true,
          true,
          true,
          true,
          true,
          true,
          true,
          true,
          true,
          true,
          true,
          true,
          true,
          true,
          true,
          true
        ]
      },
      "lower_bounds": {
        "@module": "numpy",
        "@class": "array",
        "dtype": "float64",
        "data": [
          -Infinity,
          -Infinity,
          -Infinity,
          -Infinity,
          -Infinity,
          -Infinity,
          -Infinity,
          -Infinity,
          -Infinity,
          -Infinity,
          -Infinity,
          -Infinity,
          -Infinity,
          -Infinity,
          -Infinity,
          -Infinity,
          -Infinity,
          -Infinity,
          -Infinity,
          -Infinity,
          -Infinity,
          -Infinity,
          -Infinity,
          -Infinity,
          -Infinity,
          -Infinity,
          -Infinity,
          -Infinity,
          -Infinity,
          -Infinity,
          -Infinity,
          -Infinity,
          -Infinity,
          -Infinity,
          -Infinity,
          -Infinity,
          -Infinity,
          -Infinity,
          -Infinity,
          -Infinity,
          -Infinity,
          -Infinity,
          -Infinity,
          -Infinity,
          -Infinity,
          -Infinity,
          -Infinity,
          -Infinity,
          -Infinity,
          -Infinity,
          -Infinity
        ]
      },
      "upper_bounds": {
        "@module": "numpy",
        "@class": "array",
        "dtype": "float64",
        "data": [
          Infinity,
          Infinity,
          Infinity,
          Infinity,
          Infinity,
          Infinity,
          Infinity,
          Infinity,
          Infinity,
          Infinity,
          Infinity,
          Infinity,
          Infinity,
          Infinity,
          Infinity,
          Infinity,
          Infinity,
          Infinity,
          Infinity,
          Infinity,
          Infinity,
          Infinity,
          Infinity,
          Infinity,
          Infinity,
          Infinity,
          Infinity,
          Infinity,
          Infinity,
          Infinity,
          Infinity,
          Infinity,
          Infinity,
          Infinity,
          Infinity,
          Infinity,
          Infinity,
          Infinity,
          Infinity,
          Infinity,
          Infinity,
          Infinity,
          Infinity,
          Infinity,
          Infinity,
          Infinity,
          Infinity,
          Infinity,
          Infinity,
          Infinity,
          Infinity
        ]
      }
    },
    "CurveXYZFourier36": {
      "@module": "simsopt.geo.curvexyzfourier",
      "@class": "CurveXYZFourier",
      "@name": "CurveXYZFourier36",
      "@version": "0.1.dev5271+g32ace0e13",
      "quadpoints": {
        "@module": "numpy",
        "@class": "array",
        "dtype": "float64",
        "data": [
          0.0,
          0.00390625,
          0.0078125,
          0.01171875,
          0.015625,
          0.01953125,
          0.0234375,
          0.02734375,
          0.03125,
          0.03515625,
          0.0390625,
          0.04296875,
          0.046875,
          0.05078125,
          0.0546875,
          0.05859375,
          0.0625,
          0.06640625,
          0.0703125,
          0.07421875,
          0.078125,
          0.08203125,
          0.0859375,
          0.08984375,
          0.09375,
          0.09765625,
          0.1015625,
          0.10546875,
          0.109375,
          0.11328125,
          0.1171875,
          0.12109375,
          0.125,
          0.12890625,
          0.1328125,
          0.13671875,
          0.140625,
          0.14453125,
          0.1484375,
          0.15234375,
          0.15625,
          0.16015625,
          0.1640625,
          0.16796875,
          0.171875,
          0.17578125,
          0.1796875,
          0.18359375,
          0.1875,
          0.19140625,
          0.1953125,
          0.19921875,
          0.203125,
          0.20703125,
          0.2109375,
          0.21484375,
          0.21875,
          0.22265625,
          0.2265625,
          0.23046875,
          0.234375,
          0.23828125,
          0.2421875,
          0.24609375,
          0.25,
          0.25390625,
          0.2578125,
          0.26171875,
          0.265625,
          0.26953125,
          0.2734375,
          0.27734375,
          0.28125,
          0.28515625,
          0.2890625,
          0.29296875,
          0.296875,
          0.30078125,
          0.3046875,
          0.30859375,
          0.3125,
          0.31640625,
          0.3203125,
          0.32421875,
          0.328125,
          0.33203125,
          0.3359375,
          0.33984375,
          0.34375,
          0.34765625,
          0.3515625,
          0.35546875,
          0.359375,
          0.36328125,
          0.3671875,
          0.37109375,
          0.375,
          0.37890625,
          0.3828125,
          0.38671875,
          0.390625,
          0.39453125,
          0.3984375,
          0.40234375,
          0.40625,
          0.41015625,
          0.4140625,
          0.41796875,
          0.421875,
          0.42578125,
          0.4296875,
          0.43359375,
          0.4375,
          0.44140625,
          0.4453125,
          0.44921875,
          0.453125,
          0.45703125,
          0.4609375,
          0.46484375,
          0.46875,
          0.47265625,
          0.4765625,
          0.48046875,
          0.484375,
          0.48828125,
          0.4921875,
          0.49609375,
          0.5,
          0.50390625,
          0.5078125,
          0.51171875,
          0.515625,
          0.51953125,
          0.5234375,
          0.52734375,
          0.53125,
          0.53515625,
          0.5390625,
          0.54296875,
          0.546875,
          0.55078125,
          0.5546875,
          0.55859375,
          0.5625,
          0.56640625,
          0.5703125,
          0.57421875,
          0.578125,
          0.58203125,
          0.5859375,
          0.58984375,
          0.59375,
          0.59765625,
          0.6015625,
          0.60546875,
          0.609375,
          0.61328125,
          0.6171875,
          0.62109375,
          0.625,
          0.62890625,
          0.6328125,
          0.63671875,
          0.640625,
          0.64453125,
          0.6484375,
          0.65234375,
          0.65625,
          0.66015625,
          0.6640625,
          0.66796875,
          0.671875,
          0.67578125,
          0.6796875,
          0.68359375,
          0.6875,
          0.69140625,
          0.6953125,
          0.69921875,
          0.703125,
          0.70703125,
          0.7109375,
          0.71484375,
          0.71875,
          0.72265625,
          0.7265625,
          0.73046875,
          0.734375,
          0.73828125,
          0.7421875,
          0.74609375,
          0.75,
          0.75390625,
          0.7578125,
          0.76171875,
          0.765625,
          0.76953125,
          0.7734375,
          0.77734375,
          0.78125,
          0.78515625,
          0.7890625,
          0.79296875,
          0.796875,
          0.80078125,
          0.8046875,
          0.80859375,
          0.8125,
          0.81640625,
          0.8203125,
          0.82421875,
          0.828125,
          0.83203125,
          0.8359375,
          0.83984375,
          0.84375,
          0.84765625,
          0.8515625,
          0.85546875,
          0.859375,
          0.86328125,
          0.8671875,
          0.87109375,
          0.875,
          0.87890625,
          0.8828125,
          0.88671875,
          0.890625,
          0.89453125,
          0.8984375,
          0.90234375,
          0.90625,
          0.91015625,
          0.9140625,
          0.91796875,
          0.921875,
          0.92578125,
          0.9296875,
          0.93359375,
          0.9375,
          0.94140625,
          0.9453125,
          0.94921875,
          0.953125,
          0.95703125,
          0.9609375,
          0.96484375,
          0.96875,
          0.97265625,
          0.9765625,
          0.98046875,
          0.984375,
          0.98828125,
          0.9921875,
          0.99609375
        ]
      },
      "order": 8,
      "dofs": {
        "$type": "ref",
        "value": "139702877553872"
      }
    },
    "139704281649552": {
      "@module": "simsopt._core.optimizable",
      "@class": "DOFs",
      "@name": "139704281649552",
      "@version": "0.1.dev5271+g32ace0e13",
      "x": {
        "@module": "numpy",
        "@class": "array",
        "dtype": "float64",
        "data": [
          6874999.985577532
        ]
      },
      "names": [
        "x0"
      ],
      "free": {
        "@module": "numpy",
        "@class": "array",
        "dtype": "bool",
        "data": [
          false
        ]
      },
      "lower_bounds": {
        "@module": "numpy",
        "@class": "array",
        "dtype": "float64",
        "data": [
          -Infinity
        ]
      },
      "upper_bounds": {
        "@module": "numpy",
        "@class": "array",
        "dtype": "float64",
        "data": [
          Infinity
        ]
      }
    },
    "Current24": {
      "@module": "simsopt.field.coil",
      "@class": "Current",
      "@name": "Current24",
      "@version": "0.1.dev5271+g32ace0e13",
      "current": 6874999.985577532,
      "dofs": {
        "$type": "ref",
        "value": "139704281649552"
      }
    },
    "CurrentSum16": {
      "@module": "simsopt.field.coil",
      "@class": "CurrentSum",
      "@name": "CurrentSum16",
      "@version": "0.1.dev5271+g32ace0e13",
      "current_a": {
        "$type": "ref",
        "value": "ScaledCurrent121"
      },
      "current_b": {
        "$type": "ref",
        "value": "ScaledCurrent122"
      }
    },
    "CurrentSum17": {
      "@module": "simsopt.field.coil",
      "@class": "CurrentSum",
      "@name": "CurrentSum17",
      "@version": "0.1.dev5271+g32ace0e13",
      "current_a": {
        "$type": "ref",
        "value": "CurrentSum16"
      },
      "current_b": {
        "$type": "ref",
        "value": "ScaledCurrent123"
      }
    },
    "ScaledCurrent124": {
      "@module": "simsopt.field.coil",
      "@class": "ScaledCurrent",
      "@name": "ScaledCurrent124",
      "@version": "0.1.dev5271+g32ace0e13",
      "current_to_scale": {
        "$type": "ref",
        "value": "CurrentSum17"
      },
      "scale": -1.0
    },
    "CurrentSum18": {
      "@module": "simsopt.field.coil",
      "@class": "CurrentSum",
      "@name": "CurrentSum18",
      "@version": "0.1.dev5271+g32ace0e13",
      "current_a": {
        "$type": "ref",
        "value": "Current24"
      },
      "current_b": {
        "$type": "ref",
        "value": "ScaledCurrent124"
      }
    },
    "RegularizedCoil484": {
      "@module": "simsopt.field.coil",
      "@class": "RegularizedCoil",
      "@name": "RegularizedCoil484",
      "@version": "0.1.dev5271+g32ace0e13",
      "curve": {
        "$type": "ref",
        "value": "CurveXYZFourier36"
      },
      "current": {
        "$type": "ref",
        "value": "CurrentSum18"
      },
      "regularization": {
        "@module": "numpy",
        "@class": "array",
        "dtype": "float64",
        "data": 0.09704490555402136
      }
    },
    "RotatedCurve433": {
      "@module": "simsopt.geo.curve",
      "@class": "RotatedCurve",
      "@name": "RotatedCurve433",
      "@version": "0.1.dev5271+g32ace0e13",
      "curve": {
        "$type": "ref",
        "value": "CurveXYZFourier33"
      },
      "phi": 0.0,
      "flip": true
    },
    "ScaledCurrent289": {
      "@module": "simsopt.field.coil",
      "@class": "ScaledCurrent",
      "@name": "ScaledCurrent289",
      "@version": "0.1.dev5271+g32ace0e13",
      "current_to_scale": {
        "$type": "ref",
        "value": "ScaledCurrent121"
      },
      "scale": -1.0
    },
    "RegularizedCoil485": {
      "@module": "simsopt.field.coil",
      "@class": "RegularizedCoil",
      "@name": "RegularizedCoil485",
      "@version": "0.1.dev5271+g32ace0e13",
      "curve": {
        "$type": "ref",
        "value": "RotatedCurve433"
      },
      "current": {
        "$type": "ref",
        "value": "ScaledCurrent289"
      },
      "regularization": {
        "@module": "numpy",
        "@class": "array",
        "dtype": "float64",
        "data": 0.09704490555402136
      }
    },
    "RotatedCurve434": {
      "@module": "simsopt.geo.curve",
      "@class": "RotatedCurve",
      "@name": "RotatedCurve434",
      "@version": "0.1.dev5271+g32ace0e13",
      "curve": {
        "$type": "ref",
        "value": "CurveXYZFourier34"
      },
      "phi": 0.0,
      "flip": true
    },
    "ScaledCurrent290": {
      "@module": "simsopt.field.coil",
      "@class": "ScaledCurrent",
      "@name": "ScaledCurrent290",
      "@version": "0.1.dev5271+g32ace0e13",
      "current_to_scale": {
        "$type": "ref",
        "value": "ScaledCurrent122"
      },
      "scale": -1.0
    },
    "RegularizedCoil486": {
      "@module": "simsopt.field.coil",
      "@class": "RegularizedCoil",
      "@name": "RegularizedCoil486",
      "@version": "0.1.dev5271+g32ace0e13",
      "curve": {
        "$type": "ref",
        "value": "RotatedCurve434"
      },
      "current": {
        "$type": "ref",
        "value": "ScaledCurrent290"
      },
      "regularization": {
        "@module": "numpy",
        "@class": "array",
        "dtype": "float64",
        "data": 0.09704490555402136
      }
    },
    "RotatedCurve435": {
      "@module": "simsopt.geo.curve",
      "@class": "RotatedCurve",
      "@name": "RotatedCurve435",
      "@version": "0.1.dev5271+g32ace0e13",
      "curve": {
        "$type": "ref",
        "value": "CurveXYZFourier35"
      },
      "phi": 0.0,
      "flip": true
    },
    "ScaledCurrent291": {
      "@module": "simsopt.field.coil",
      "@class": "ScaledCurrent",
      "@name": "ScaledCurrent291",
      "@version": "0.1.dev5271+g32ace0e13",
      "current_to_scale": {
        "$type": "ref",
        "value": "ScaledCurrent123"
      },
      "scale": -1.0
    },
    "RegularizedCoil487": {
      "@module": "simsopt.field.coil",
      "@class": "RegularizedCoil",
      "@name": "RegularizedCoil487",
      "@version": "0.1.dev5271+g32ace0e13",
      "curve": {
        "$type": "ref",
        "value": "RotatedCurve435"
      },
      "current": {
        "$type": "ref",
        "value": "ScaledCurrent291"
      },
      "regularization": {
        "@module": "numpy",
        "@class": "array",
        "dtype": "float64",
        "data": 0.09704490555402136
      }
    },
    "RotatedCurve436": {
      "@module": "simsopt.geo.curve",
      "@class": "RotatedCurve",
      "@name": "RotatedCurve436",
      "@version": "0.1.dev5271+g32ace0e13",
      "curve": {
        "$type": "ref",
        "value": "CurveXYZFourier36"
      },
      "phi": 0.0,
      "flip": true
    },
    "ScaledCurrent292": {
      "@module": "simsopt.field.coil",
      "@class": "ScaledCurrent",
      "@name": "ScaledCurrent292",
      "@version": "0.1.dev5271+g32ace0e13",
      "current_to_scale": {
        "$type": "ref",
        "value": "CurrentSum18"
      },
      "scale": -1.0
    },
    "RegularizedCoil488": {
      "@module": "simsopt.field.coil",
      "@class": "RegularizedCoil",
      "@name": "RegularizedCoil488",
      "@version": "0.1.dev5271+g32ace0e13",
      "curve": {
        "$type": "ref",
        "value": "RotatedCurve436"
      },
      "current": {
        "$type": "ref",
        "value": "ScaledCurrent292"
      },
      "regularization": {
        "@module": "numpy",
        "@class": "array",
        "dtype": "float64",
        "data": 0.09704490555402136
      }
    },
    "RotatedCurve437": {
      "@module": "simsopt.geo.curve",
      "@class": "RotatedCurve",
      "@name": "RotatedCurve437",
      "@version": "0.1.dev5271+g32ace0e13",
      "curve": {
        "$type": "ref",
        "value": "CurveXYZFourier33"
      },
      "phi": 1.2566370614359172,
      "flip": false
    },
    "RegularizedCoil489": {
      "@module": "simsopt.field.coil",
      "@class": "RegularizedCoil",
      "@name": "RegularizedCoil489",
      "@version": "0.1.dev5271+g32ace0e13",
      "curve": {
        "$type": "ref",
        "value": "RotatedCurve437"
      },
      "current": {
        "$type": "ref",
        "value": "ScaledCurrent121"
      },
      "regularization": {
        "@module": "numpy",
        "@class": "array",
        "dtype": "float64",
        "data": 0.09704490555402136
      }
    },
    "RotatedCurve438": {
      "@module": "simsopt.geo.curve",
      "@class": "RotatedCurve",
      "@name": "RotatedCurve438",
      "@version": "0.1.dev5271+g32ace0e13",
      "curve": {
        "$type": "ref",
        "value": "CurveXYZFourier34"
      },
      "phi": 1.2566370614359172,
      "flip": false
    },
    "RegularizedCoil490": {
      "@module": "simsopt.field.coil",
      "@class": "RegularizedCoil",
      "@name": "RegularizedCoil490",
      "@version": "0.1.dev5271+g32ace0e13",
      "curve": {
        "$type": "ref",
        "value": "RotatedCurve438"
      },
      "current": {
        "$type": "ref",
        "value": "ScaledCurrent122"
      },
      "regularization": {
        "@module": "numpy",
        "@class": "array",
        "dtype": "float64",
        "data": 0.09704490555402136
      }
    },
    "RotatedCurve439": {
      "@module": "simsopt.geo.curve",
      "@class": "RotatedCurve",
      "@name": "RotatedCurve439",
      "@version": "0.1.dev5271+g32ace0e13",
      "curve": {
        "$type": "ref",
        "value": "CurveXYZFourier35"
      },
      "phi": 1.2566370614359172,
      "flip": false
    },
    "RegularizedCoil491": {
      "@module": "simsopt.field.coil",
      "@class": "RegularizedCoil",
      "@name": "RegularizedCoil491",
      "@version": "0.1.dev5271+g32ace0e13",
      "curve": {
        "$type": "ref",
        "value": "RotatedCurve439"
      },
      "current": {
        "$type": "ref",
        "value": "ScaledCurrent123"
      },
      "regularization": {
        "@module": "numpy",
        "@class": "array",
        "dtype": "float64",
        "data": 0.09704490555402136
      }
    },
    "RotatedCurve440": {
      "@module": "simsopt.geo.curve",
      "@class": "RotatedCurve",
      "@name": "RotatedCurve440",
      "@version": "0.1.dev5271+g32ace0e13",
      "curve": {
        "$type": "ref",
        "value": "CurveXYZFourier36"
      },
      "phi": 1.2566370614359172,
      "flip": false
    },
    "RegularizedCoil492": {
      "@module": "simsopt.field.coil",
      "@class": "RegularizedCoil",
      "@name": "RegularizedCoil492",
      "@version": "0.1.dev5271+g32ace0e13",
      "curve": {
        "$type": "ref",
        "value": "RotatedCurve440"
      },
      "current": {
        "$type": "ref",
        "value": "CurrentSum18"
      },
      "regularization": {
        "@module": "numpy",
        "@class": "array",
        "dtype": "float64",
        "data": 0.09704490555402136
      }
    },
    "RotatedCurve441": {
      "@module": "simsopt.geo.curve",
      "@class": "RotatedCurve",
      "@name": "RotatedCurve441",
      "@version": "0.1.dev5271+g32ace0e13",
      "curve": {
        "$type": "ref",
        "value": "CurveXYZFourier33"
      },
      "phi": 1.2566370614359172,
      "flip": true
    },
    "ScaledCurrent293": {
      "@module": "simsopt.field.coil",
      "@class": "ScaledCurrent",
      "@name": "ScaledCurrent293",
      "@version": "0.1.dev5271+g32ace0e13",
      "current_to_scale": {
        "$type": "ref",
        "value": "ScaledCurrent121"
      },
      "scale": -1.0
    },
    "RegularizedCoil493": {
      "@module": "simsopt.field.coil",
      "@class": "RegularizedCoil",
      "@name": "RegularizedCoil493",
      "@version": "0.1.dev5271+g32ace0e13",
      "curve": {
        "$type": "ref",
        "value": "RotatedCurve441"
      },
      "current": {
        "$type": "ref",
        "value": "ScaledCurrent293"
      },
      "regularization": {
        "@module": "numpy",
        "@class": "array",
        "dtype": "float64",
        "data": 0.09704490555402136
      }
    },
    "RotatedCurve442": {
      "@module": "simsopt.geo.curve",
      "@class": "RotatedCurve",
      "@name": "RotatedCurve442",
      "@version": "0.1.dev5271+g32ace0e13",
      "curve": {
        "$type": "ref",
        "value": "CurveXYZFourier34"
      },
      "phi": 1.2566370614359172,
      "flip": true
    },
    "ScaledCurrent294": {
      "@module": "simsopt.field.coil",
      "@class": "ScaledCurrent",
      "@name": "ScaledCurrent294",
      "@version": "0.1.dev5271+g32ace0e13",
      "current_to_scale": {
        "$type": "ref",
        "value": "ScaledCurrent122"
      },
      "scale": -1.0
    },
    "RegularizedCoil494": {
      "@module": "simsopt.field.coil",
      "@class": "RegularizedCoil",
      "@name": "RegularizedCoil494",
      "@version": "0.1.dev5271+g32ace0e13",
      "curve": {
        "$type": "ref",
        "value": "RotatedCurve442"
      },
      "current": {
        "$type": "ref",
        "value": "ScaledCurrent294"
      },
      "regularization": {
        "@module": "numpy",
        "@class": "array",
        "dtype": "float64",
        "data": 0.09704490555402136
      }
    },
    "RotatedCurve443": {
      "@module": "simsopt.geo.curve",
      "@class": "RotatedCurve",
      "@name": "RotatedCurve443",
      "@version": "0.1.dev5271+g32ace0e13",
      "curve": {
        "$type": "ref",
        "value": "CurveXYZFourier35"
      },
      "phi": 1.2566370614359172,
      "flip": true
    },
    "ScaledCurrent295": {
      "@module": "simsopt.field.coil",
      "@class": "ScaledCurrent",
      "@name": "ScaledCurrent295",
      "@version": "0.1.dev5271+g32ace0e13",
      "current_to_scale": {
        "$type": "ref",
        "value": "ScaledCurrent123"
      },
      "scale": -1.0
    },
    "RegularizedCoil495": {
      "@module": "simsopt.field.coil",
      "@class": "RegularizedCoil",
      "@name": "RegularizedCoil495",
      "@version": "0.1.dev5271+g32ace0e13",
      "curve": {
        "$type": "ref",
        "value": "RotatedCurve443"
      },
      "current": {
        "$type": "ref",
        "value": "ScaledCurrent295"
      },
      "regularization": {
        "@module": "numpy",
        "@class": "array",
        "dtype": "float64",
        "data": 0.09704490555402136
      }
    },
    "RotatedCurve444": {
      "@module": "simsopt.geo.curve",
      "@class": "RotatedCurve",
      "@name": "RotatedCurve444",
      "@version": "0.1.dev5271+g32ace0e13",
      "curve": {
        "$type": "ref",
        "value": "CurveXYZFourier36"
      },
      "phi": 1.2566370614359172,
      "flip": true
    },
    "ScaledCurrent296": {
      "@module": "simsopt.field.coil",
      "@class": "ScaledCurrent",
      "@name": "ScaledCurrent296",
      "@version": "0.1.dev5271+g32ace0e13",
      "current_to_scale": {
        "$type": "ref",
        "value": "CurrentSum18"
      },
      "scale": -1.0
    },
    "RegularizedCoil496": {
      "@module": "simsopt.field.coil",
      "@class": "RegularizedCoil",
      "@name": "RegularizedCoil496",
      "@version": "0.1.dev5271+g32ace0e13",
      "curve": {
        "$type": "ref",
        "value": "RotatedCurve444"
      },
      "current": {
        "$type": "ref",
        "value": "ScaledCurrent296"
      },
      "regularization": {
        "@module": "numpy",
        "@class": "array",
        "dtype": "float64",
        "data": 0.09704490555402136
      }
    },
    "RotatedCurve445": {
      "@module": "simsopt.geo.curve",
      "@class": "RotatedCurve",
      "@name": "RotatedCurve445",
      "@version": "0.1.dev5271+g32ace0e13",
      "curve": {
        "$type": "ref",
        "value": "CurveXYZFourier33"
      },
      "phi": 2.5132741228718345,
      "flip": false
    },
    "RegularizedCoil497": {
      "@module": "simsopt.field.coil",
      "@class": "RegularizedCoil",
      "@name": "RegularizedCoil497",
      "@version": "0.1.dev5271+g32ace0e13",
      "curve": {
        "$type": "ref",
        "value": "RotatedCurve445"
      },
      "current": {
        "$type": "ref",
        "value": "ScaledCurrent121"
      },
      "regularization": {
        "@module": "numpy",
        "@class": "array",
        "dtype": "float64",
        "data": 0.09704490555402136
      }
    },
    "RotatedCurve446": {
      "@module": "simsopt.geo.curve",
      "@class": "RotatedCurve",
      "@name": "RotatedCurve446",
      "@version": "0.1.dev5271+g32ace0e13",
      "curve": {
        "$type": "ref",
        "value": "CurveXYZFourier34"
      },
      "phi": 2.5132741228718345,
      "flip": false
    },
    "RegularizedCoil498": {
      "@module": "simsopt.field.coil",
      "@class": "RegularizedCoil",
      "@name": "RegularizedCoil498",
      "@version": "0.1.dev5271+g32ace0e13",
      "curve": {
        "$type": "ref",
        "value": "RotatedCurve446"
      },
      "current": {
        "$type": "ref",
        "value": "ScaledCurrent122"
      },
      "regularization": {
        "@module": "numpy",
        "@class": "array",
        "dtype": "float64",
        "data": 0.09704490555402136
      }
    },
    "RotatedCurve447": {
      "@module": "simsopt.geo.curve",
      "@class": "RotatedCurve",
      "@name": "RotatedCurve447",
      "@version": "0.1.dev5271+g32ace0e13",
      "curve": {
        "$type": "ref",
        "value": "CurveXYZFourier35"
      },
      "phi": 2.5132741228718345,
      "flip": false
    },
    "RegularizedCoil499": {
      "@module": "simsopt.field.coil",
      "@class": "RegularizedCoil",
      "@name": "RegularizedCoil499",
      "@version": "0.1.dev5271+g32ace0e13",
      "curve": {
        "$type": "ref",
        "value": "RotatedCurve447"
      },
      "current": {
        "$type": "ref",
        "value": "ScaledCurrent123"
      },
      "regularization": {
        "@module": "numpy",
        "@class": "array",
        "dtype": "float64",
        "data": 0.09704490555402136
      }
    },
    "RotatedCurve448": {
      "@module": "simsopt.geo.curve",
      "@class": "RotatedCurve",
      "@name": "RotatedCurve448",
      "@version": "0.1.dev5271+g32ace0e13",
      "curve": {
        "$type": "ref",
        "value": "CurveXYZFourier36"
      },
      "phi": 2.5132741228718345,
      "flip": false
    },
    "RegularizedCoil500": {
      "@module": "simsopt.field.coil",
      "@class": "RegularizedCoil",
      "@name": "RegularizedCoil500",
      "@version": "0.1.dev5271+g32ace0e13",
      "curve": {
        "$type": "ref",
        "value": "RotatedCurve448"
      },
      "current": {
        "$type": "ref",
        "value": "CurrentSum18"
      },
      "regularization": {
        "@module": "numpy",
        "@class": "array",
        "dtype": "float64",
        "data": 0.09704490555402136
      }
    },
    "RotatedCurve449": {
      "@module": "simsopt.geo.curve",
      "@class": "RotatedCurve",
      "@name": "RotatedCurve449",
      "@version": "0.1.dev5271+g32ace0e13",
      "curve": {
        "$type": "ref",
        "value": "CurveXYZFourier33"
      },
      "phi": 2.5132741228718345,
      "flip": true
    },
    "ScaledCurrent297": {
      "@module": "simsopt.field.coil",
      "@class": "ScaledCurrent",
      "@name": "ScaledCurrent297",
      "@version": "0.1.dev5271+g32ace0e13",
      "current_to_scale": {
        "$type": "ref",
        "value": "ScaledCurrent121"
      },
      "scale": -1.0
    },
    "RegularizedCoil501": {
      "@module": "simsopt.field.coil",
      "@class": "RegularizedCoil",
      "@name": "RegularizedCoil501",
      "@version": "0.1.dev5271+g32ace0e13",
      "curve": {
        "$type": "ref",
        "value": "RotatedCurve449"
      },
      "current": {
        "$type": "ref",
        "value": "ScaledCurrent297"
      },
      "regularization": {
        "@module": "numpy",
        "@class": "array",
        "dtype": "float64",
        "data": 0.09704490555402136
      }
    },
    "RotatedCurve450": {
      "@module": "simsopt.geo.curve",
      "@class": "RotatedCurve",
      "@name": "RotatedCurve450",
      "@version": "0.1.dev5271+g32ace0e13",
      "curve": {
        "$type": "ref",
        "value": "CurveXYZFourier34"
      },
      "phi": 2.5132741228718345,
      "flip": true
    },
    "ScaledCurrent298": {
      "@module": "simsopt.field.coil",
      "@class": "ScaledCurrent",
      "@name": "ScaledCurrent298",
      "@version": "0.1.dev5271+g32ace0e13",
      "current_to_scale": {
        "$type": "ref",
        "value": "ScaledCurrent122"
      },
      "scale": -1.0
    },
    "RegularizedCoil502": {
      "@module": "simsopt.field.coil",
      "@class": "RegularizedCoil",
      "@name": "RegularizedCoil502",
      "@version": "0.1.dev5271+g32ace0e13",
      "curve": {
        "$type": "ref",
        "value": "RotatedCurve450"
      },
      "current": {
        "$type": "ref",
        "value": "ScaledCurrent298"
      },
      "regularization": {
        "@module": "numpy",
        "@class": "array",
        "dtype": "float64",
        "data": 0.09704490555402136
      }
    },
    "RotatedCurve451": {
      "@module": "simsopt.geo.curve",
      "@class": "RotatedCurve",
      "@name": "RotatedCurve451",
      "@version": "0.1.dev5271+g32ace0e13",
      "curve": {
        "$type": "ref",
        "value": "CurveXYZFourier35"
      },
      "phi": 2.5132741228718345,
      "flip": true
    },
    "ScaledCurrent299": {
      "@module": "simsopt.field.coil",
      "@class": "ScaledCurrent",
      "@name": "ScaledCurrent299",
      "@version": "0.1.dev5271+g32ace0e13",
      "current_to_scale": {
        "$type": "ref",
        "value": "ScaledCurrent123"
      },
      "scale": -1.0
    },
    "RegularizedCoil503": {
      "@module": "simsopt.field.coil",
      "@class": "RegularizedCoil",
      "@name": "RegularizedCoil503",
      "@version": "0.1.dev5271+g32ace0e13",
      "curve": {
        "$type": "ref",
        "value": "RotatedCurve451"
      },
      "current": {
        "$type": "ref",
        "value": "ScaledCurrent299"
      },
      "regularization": {
        "@module": "numpy",
        "@class": "array",
        "dtype": "float64",
        "data": 0.09704490555402136
      }
    },
    "RotatedCurve452": {
      "@module": "simsopt.geo.curve",
      "@class": "RotatedCurve",
      "@name": "RotatedCurve452",
      "@version": "0.1.dev5271+g32ace0e13",
      "curve": {
        "$type": "ref",
        "value": "CurveXYZFourier36"
      },
      "phi": 2.5132741228718345,
      "flip": true
    },
    "ScaledCurrent300": {
      "@module": "simsopt.field.coil",
      "@class": "ScaledCurrent",
      "@name": "ScaledCurrent300",
      "@version": "0.1.dev5271+g32ace0e13",
      "current_to_scale": {
        "$type": "ref",
        "value": "CurrentSum18"
      },
      "scale": -1.0
    },
    "RegularizedCoil504": {
      "@module": "simsopt.field.coil",
      "@class": "RegularizedCoil",
      "@name": "RegularizedCoil504",
      "@version": "0.1.dev5271+g32ace0e13",
      "curve": {
        "$type": "ref",
        "value": "RotatedCurve452"
      },
      "current": {
        "$type": "ref",
        "value": "ScaledCurrent300"
      },
      "regularization": {
        "@module": "numpy",
        "@class": "array",
        "dtype": "float64",
        "data": 0.09704490555402136
      }
    },
    "RotatedCurve453": {
      "@module": "simsopt.geo.curve",
      "@class": "RotatedCurve",
      "@name": "RotatedCurve453",
      "@version": "0.1.dev5271+g32ace0e13",
      "curve": {
        "$type": "ref",
        "value": "CurveXYZFourier33"
      },
      "phi": 3.7699111843077517,
      "flip": false
    },
    "RegularizedCoil505": {
      "@module": "simsopt.field.coil",
      "@class": "RegularizedCoil",
      "@name": "RegularizedCoil505",
      "@version": "0.1.dev5271+g32ace0e13",
      "curve": {
        "$type": "ref",
        "value": "RotatedCurve453"
      },
      "current": {
        "$type": "ref",
        "value": "ScaledCurrent121"
      },
      "regularization": {
        "@module": "numpy",
        "@class": "array",
        "dtype": "float64",
        "data": 0.09704490555402136
      }
    },
    "RotatedCurve454": {
      "@module": "simsopt.geo.curve",
      "@class": "RotatedCurve",
      "@name": "RotatedCurve454",
      "@version": "0.1.dev5271+g32ace0e13",
      "curve": {
        "$type": "ref",
        "value": "CurveXYZFourier34"
      },
      "phi": 3.7699111843077517,
      "flip": false
    },
    "RegularizedCoil506": {
      "@module": "simsopt.field.coil",
      "@class": "RegularizedCoil",
      "@name": "RegularizedCoil506",
      "@version": "0.1.dev5271+g32ace0e13",
      "curve": {
        "$type": "ref",
        "value": "RotatedCurve454"
      },
      "current": {
        "$type": "ref",
        "value": "ScaledCurrent122"
      },
      "regularization": {
        "@module": "numpy",
        "@class": "array",
        "dtype": "float64",
        "data": 0.09704490555402136
      }
    },
    "RotatedCurve455": {
      "@module": "simsopt.geo.curve",
      "@class": "RotatedCurve",
      "@name": "RotatedCurve455",
      "@version": "0.1.dev5271+g32ace0e13",
      "curve": {
        "$type": "ref",
        "value": "CurveXYZFourier35"
      },
      "phi": 3.7699111843077517,
      "flip": false
    },
    "RegularizedCoil507": {
      "@module": "simsopt.field.coil",
      "@class": "RegularizedCoil",
      "@name": "RegularizedCoil507",
      "@version": "0.1.dev5271+g32ace0e13",
      "curve": {
        "$type": "ref",
        "value": "RotatedCurve455"
      },
      "current": {
        "$type": "ref",
        "value": "ScaledCurrent123"
      },
      "regularization": {
        "@module": "numpy",
        "@class": "array",
        "dtype": "float64",
        "data": 0.09704490555402136
      }
    },
    "RotatedCurve456": {
      "@module": "simsopt.geo.curve",
      "@class": "RotatedCurve",
      "@name": "RotatedCurve456",
      "@version": "0.1.dev5271+g32ace0e13",
      "curve": {
        "$type": "ref",
        "value": "CurveXYZFourier36"
      },
      "phi": 3.7699111843077517,
      "flip": false
    },
    "RegularizedCoil508": {
      "@module": "simsopt.field.coil",
      "@class": "RegularizedCoil",
      "@name": "RegularizedCoil508",
      "@version": "0.1.dev5271+g32ace0e13",
      "curve": {
        "$type": "ref",
        "value": "RotatedCurve456"
      },
      "current": {
        "$type": "ref",
        "value": "CurrentSum18"
      },
      "regularization": {
        "@module": "numpy",
        "@class": "array",
        "dtype": "float64",
        "data": 0.09704490555402136
      }
    },
    "RotatedCurve457": {
      "@module": "simsopt.geo.curve",
      "@class": "RotatedCurve",
      "@name": "RotatedCurve457",
      "@version": "0.1.dev5271+g32ace0e13",
      "curve": {
        "$type": "ref",
        "value": "CurveXYZFourier33"
      },
      "phi": 3.7699111843077517,
      "flip": true
    },
    "ScaledCurrent301": {
      "@module": "simsopt.field.coil",
      "@class": "ScaledCurrent",
      "@name": "ScaledCurrent301",
      "@version": "0.1.dev5271+g32ace0e13",
      "current_to_scale": {
        "$type": "ref",
        "value": "ScaledCurrent121"
      },
      "scale": -1.0
    },
    "RegularizedCoil509": {
      "@module": "simsopt.field.coil",
      "@class": "RegularizedCoil",
      "@name": "RegularizedCoil509",
      "@version": "0.1.dev5271+g32ace0e13",
      "curve": {
        "$type": "ref",
        "value": "RotatedCurve457"
      },
      "current": {
        "$type": "ref",
        "value": "ScaledCurrent301"
      },
      "regularization": {
        "@module": "numpy",
        "@class": "array",
        "dtype": "float64",
        "data": 0.09704490555402136
      }
    },
    "RotatedCurve458": {
      "@module": "simsopt.geo.curve",
      "@class": "RotatedCurve",
      "@name": "RotatedCurve458",
      "@version": "0.1.dev5271+g32ace0e13",
      "curve": {
        "$type": "ref",
        "value": "CurveXYZFourier34"
      },
      "phi": 3.7699111843077517,
      "flip": true
    },
    "ScaledCurrent302": {
      "@module": "simsopt.field.coil",
      "@class": "ScaledCurrent",
      "@name": "ScaledCurrent302",
      "@version": "0.1.dev5271+g32ace0e13",
      "current_to_scale": {
        "$type": "ref",
        "value": "ScaledCurrent122"
      },
      "scale": -1.0
    },
    "RegularizedCoil510": {
      "@module": "simsopt.field.coil",
      "@class": "RegularizedCoil",
      "@name": "RegularizedCoil510",
      "@version": "0.1.dev5271+g32ace0e13",
      "curve": {
        "$type": "ref",
        "value": "RotatedCurve458"
      },
      "current": {
        "$type": "ref",
        "value": "ScaledCurrent302"
      },
      "regularization": {
        "@module": "numpy",
        "@class": "array",
        "dtype": "float64",
        "data": 0.09704490555402136
      }
    },
    "RotatedCurve459": {
      "@module": "simsopt.geo.curve",
      "@class": "RotatedCurve",
      "@name": "RotatedCurve459",
      "@version": "0.1.dev5271+g32ace0e13",
      "curve": {
        "$type": "ref",
        "value": "CurveXYZFourier35"
      },
      "phi": 3.7699111843077517,
      "flip": true
    },
    "ScaledCurrent303": {
      "@module": "simsopt.field.coil",
      "@class": "ScaledCurrent",
      "@name": "ScaledCurrent303",
      "@version": "0.1.dev5271+g32ace0e13",
      "current_to_scale": {
        "$type": "ref",
        "value": "ScaledCurrent123"
      },
      "scale": -1.0
    },
    "RegularizedCoil511": {
      "@module": "simsopt.field.coil",
      "@class": "RegularizedCoil",
      "@name": "RegularizedCoil511",
      "@version": "0.1.dev5271+g32ace0e13",
      "curve": {
        "$type": "ref",
        "value": "RotatedCurve459"
      },
      "current": {
        "$type": "ref",
        "value": "ScaledCurrent303"
      },
      "regularization": {
        "@module": "numpy",
        "@class": "array",
        "dtype": "float64",
        "data": 0.09704490555402136
      }
    },
    "RotatedCurve460": {
      "@module": "simsopt.geo.curve",
      "@class": "RotatedCurve",
      "@name": "RotatedCurve460",
      "@version": "0.1.dev5271+g32ace0e13",
      "curve": {
        "$type": "ref",
        "value": "CurveXYZFourier36"
      },
      "phi": 3.7699111843077517,
      "flip": true
    },
    "ScaledCurrent304": {
      "@module": "simsopt.field.coil",
      "@class": "ScaledCurrent",
      "@name": "ScaledCurrent304",
      "@version": "0.1.dev5271+g32ace0e13",
      "current_to_scale": {
        "$type": "ref",
        "value": "CurrentSum18"
      },
      "scale": -1.0
    },
    "RegularizedCoil512": {
      "@module": "simsopt.field.coil",
      "@class": "RegularizedCoil",
      "@name": "RegularizedCoil512",
      "@version": "0.1.dev5271+g32ace0e13",
      "curve": {
        "$type": "ref",
        "value": "RotatedCurve460"
      },
      "current": {
        "$type": "ref",
        "value": "ScaledCurrent304"
      },
      "regularization": {
        "@module": "numpy",
        "@class": "array",
        "dtype": "float64",
        "data": 0.09704490555402136
      }
    },
    "RotatedCurve461": {
      "@module": "simsopt.geo.curve",
      "@class": "RotatedCurve",
      "@name": "RotatedCurve461",
      "@version": "0.1.dev5271+g32ace0e13",
      "curve": {
        "$type": "ref",
        "value": "CurveXYZFourier33"
      },
      "phi": 5.026548245743669,
      "flip": false
    },
    "RegularizedCoil513": {
      "@module": "simsopt.field.coil",
      "@class": "RegularizedCoil",
      "@name": "RegularizedCoil513",
      "@version": "0.1.dev5271+g32ace0e13",
      "curve": {
        "$type": "ref",
        "value": "RotatedCurve461"
      },
      "current": {
        "$type": "ref",
        "value": "ScaledCurrent121"
      },
      "regularization": {
        "@module": "numpy",
        "@class": "array",
        "dtype": "float64",
        "data": 0.09704490555402136
      }
    },
    "RotatedCurve462": {
      "@module": "simsopt.geo.curve",
      "@class": "RotatedCurve",
      "@name": "RotatedCurve462",
      "@version": "0.1.dev5271+g32ace0e13",
      "curve": {
        "$type": "ref",
        "value": "CurveXYZFourier34"
      },
      "phi": 5.026548245743669,
      "flip": false
    },
    "RegularizedCoil514": {
      "@module": "simsopt.field.coil",
      "@class": "RegularizedCoil",
      "@name": "RegularizedCoil514",
      "@version": "0.1.dev5271+g32ace0e13",
      "curve": {
        "$type": "ref",
        "value": "RotatedCurve462"
      },
      "current": {
        "$type": "ref",
        "value": "ScaledCurrent122"
      },
      "regularization": {
        "@module": "numpy",
        "@class": "array",
        "dtype": "float64",
        "data": 0.09704490555402136
      }
    },
    "RotatedCurve463": {
      "@module": "simsopt.geo.curve",
      "@class": "RotatedCurve",
      "@name": "RotatedCurve463",
      "@version": "0.1.dev5271+g32ace0e13",
      "curve": {
        "$type": "ref",
        "value": "CurveXYZFourier35"
      },
      "phi": 5.026548245743669,
      "flip": false
    },
    "RegularizedCoil515": {
      "@module": "simsopt.field.coil",
      "@class": "RegularizedCoil",
      "@name": "RegularizedCoil515",
      "@version": "0.1.dev5271+g32ace0e13",
      "curve": {
        "$type": "ref",
        "value": "RotatedCurve463"
      },
      "current": {
        "$type": "ref",
        "value": "ScaledCurrent123"
      },
      "regularization": {
        "@module": "numpy",
        "@class": "array",
        "dtype": "float64",
        "data": 0.09704490555402136
      }
    },
    "RotatedCurve464": {
      "@module": "simsopt.geo.curve",
      "@class": "RotatedCurve",
      "@name": "RotatedCurve464",
      "@version": "0.1.dev5271+g32ace0e13",
      "curve": {
        "$type": "ref",
        "value": "CurveXYZFourier36"
      },
      "phi": 5.026548245743669,
      "flip": false
    },
    "RegularizedCoil516": {
      "@module": "simsopt.field.coil",
      "@class": "RegularizedCoil",
      "@name": "RegularizedCoil516",
      "@version": "0.1.dev5271+g32ace0e13",
      "curve": {
        "$type": "ref",
        "value": "RotatedCurve464"
      },
      "current": {
        "$type": "ref",
        "value": "CurrentSum18"
      },
      "regularization": {
        "@module": "numpy",
        "@class": "array",
        "dtype": "float64",
        "data": 0.09704490555402136
      }
    },
    "RotatedCurve465": {
      "@module": "simsopt.geo.curve",
      "@class": "RotatedCurve",
      "@name": "RotatedCurve465",
      "@version": "0.1.dev5271+g32ace0e13",
      "curve": {
        "$type": "ref",
        "value": "CurveXYZFourier33"
      },
      "phi": 5.026548245743669,
      "flip": true
    },
    "ScaledCurrent305": {
      "@module": "simsopt.field.coil",
      "@class": "ScaledCurrent",
      "@name": "ScaledCurrent305",
      "@version": "0.1.dev5271+g32ace0e13",
      "current_to_scale": {
        "$type": "ref",
        "value": "ScaledCurrent121"
      },
      "scale": -1.0
    },
    "RegularizedCoil517": {
      "@module": "simsopt.field.coil",
      "@class": "RegularizedCoil",
      "@name": "RegularizedCoil517",
      "@version": "0.1.dev5271+g32ace0e13",
      "curve": {
        "$type": "ref",
        "value": "RotatedCurve465"
      },
      "current": {
        "$type": "ref",
        "value": "ScaledCurrent305"
      },
      "regularization": {
        "@module": "numpy",
        "@class": "array",
        "dtype": "float64",
        "data": 0.09704490555402136
      }
    },
    "RotatedCurve466": {
      "@module": "simsopt.geo.curve",
      "@class": "RotatedCurve",
      "@name": "RotatedCurve466",
      "@version": "0.1.dev5271+g32ace0e13",
      "curve": {
        "$type": "ref",
        "value": "CurveXYZFourier34"
      },
      "phi": 5.026548245743669,
      "flip": true
    },
    "ScaledCurrent306": {
      "@module": "simsopt.field.coil",
      "@class": "ScaledCurrent",
      "@name": "ScaledCurrent306",
      "@version": "0.1.dev5271+g32ace0e13",
      "current_to_scale": {
        "$type": "ref",
        "value": "ScaledCurrent122"
      },
      "scale": -1.0
    },
    "RegularizedCoil518": {
      "@module": "simsopt.field.coil",
      "@class": "RegularizedCoil",
      "@name": "RegularizedCoil518",
      "@version": "0.1.dev5271+g32ace0e13",
      "curve": {
        "$type": "ref",
        "value": "RotatedCurve466"
      },
      "current": {
        "$type": "ref",
        "value": "ScaledCurrent306"
      },
      "regularization": {
        "@module": "numpy",
        "@class": "array",
        "dtype": "float64",
        "data": 0.09704490555402136
      }
    },
    "RotatedCurve467": {
      "@module": "simsopt.geo.curve",
      "@class": "RotatedCurve",
      "@name": "RotatedCurve467",
      "@version": "0.1.dev5271+g32ace0e13",
      "curve": {
        "$type": "ref",
        "value": "CurveXYZFourier35"
      },
      "phi": 5.026548245743669,
      "flip": true
    },
    "ScaledCurrent307": {
      "@module": "simsopt.field.coil",
      "@class": "ScaledCurrent",
      "@name": "ScaledCurrent307",
      "@version": "0.1.dev5271+g32ace0e13",
      "current_to_scale": {
        "$type": "ref",
        "value": "ScaledCurrent123"
      },
      "scale": -1.0
    },
    "RegularizedCoil519": {
      "@module": "simsopt.field.coil",
      "@class": "RegularizedCoil",
      "@name": "RegularizedCoil519",
      "@version": "0.1.dev5271+g32ace0e13",
      "curve": {
        "$type": "ref",
        "value": "RotatedCurve467"
      },
      "current": {
        "$type": "ref",
        "value": "ScaledCurrent307"
      },
      "regularization": {
        "@module": "numpy",
        "@class": "array",
        "dtype": "float64",
        "data": 0.09704490555402136
      }
    },
    "RotatedCurve468": {
      "@module": "simsopt.geo.curve",
      "@class": "RotatedCurve",
      "@name": "RotatedCurve468",
      "@version": "0.1.dev5271+g32ace0e13",
      "curve": {
        "$type": "ref",
        "value": "CurveXYZFourier36"
      },
      "phi": 5.026548245743669,
      "flip": true
    },
    "ScaledCurrent308": {
      "@module": "simsopt.field.coil",
      "@class": "ScaledCurrent",
      "@name": "ScaledCurrent308",
      "@version": "0.1.dev5271+g32ace0e13",
      "current_to_scale": {
        "$type": "ref",
        "value": "CurrentSum18"
      },
      "scale": -1.0
    },
    "RegularizedCoil520": {
      "@module": "simsopt.field.coil",
      "@class": "RegularizedCoil",
      "@name": "RegularizedCoil520",
      "@version": "0.1.dev5271+g32ace0e13",
      "curve": {
        "$type": "ref",
        "value": "RotatedCurve468"
      },
      "current": {
        "$type": "ref",
        "value": "ScaledCurrent308"
      },
      "regularization": {
        "@module": "numpy",
        "@class": "array",
        "dtype": "float64",
        "data": 0.09704490555402136
      }
    }
  }
}