{
  "metadata": {
    "method_name": "",
    "contact": "akaptano",
    "hardware": "CPU: AMD EPYC 7763 64-Core Processor | RAM: 15.6GB",
    "notes": "",
    "run_date": "2026-01-27T01:03:21.003682"
  },
  "metrics": {
    "fourier_continuation": true,
    "fourier_orders": [
      4,
      8
    ],
    "final_order": 8,
    "continuation_results": [
      {
        "initial_B_field": 2.499994639568495,
        "final_B_field": 2.781168706649868,
        "target_B_field": 2.5,
        "optimization_time": 500.6576271057129,
        "final_normalized_squared_flux": 0.015331253472586012,
        "_cached_thresholds": {
          "length_threshold": 45.0,
          "flux_threshold": 1e-08,
          "cc_threshold": 0.25,
          "cs_threshold": 0.35,
          "msc_threshold": 1.8181818181818181,
          "arclength_variation_threshold": 0.0,
          "curvature_threshold": 1.8181818181818181,
          "force_threshold": 0.1923668821175746,
          "torque_threshold": 0.1923668821175746,
          "coil_width": 0.22000000000000003,
          "R0": 1.8181818181818181
        },
        "final_min_cs_separation": 0.34031001327667004,
        "final_min_cc_separation": 0.22792344833657394,
        "final_total_length": 45.05760166898963,
        "final_max_curvature": 1.8253325410221286,
        "final_average_curvature": 0.9937184345314078,
        "final_arclength_variation": 0.7123842597137406,
        "final_mean_squared_curvature": 1.3197745759560937,
        "final_linking_number": 0,
        "final_max_max_coil_force": 4355952.926184713,
        "final_avg_max_coil_force": 3312973.1425915896,
        "final_max_max_coil_torque": 4518499.875306776,
        "final_avg_max_coil_torque": 3091777.6285992707,
        "avg_BdotN_over_B": 0.005393293529581688,
        "max_BdotN_over_B": 0.02976831061145682,
        "lagrange_multipliers": null,
        "output_directory": "/home/runner/work/stellcoilbench/stellcoilbench/submissions/W7-X_without_coil_ripple_beta0p05_d23p4_tm/akaptano/01-27-2026_01-03/order_4",
        "flux_threshold": 1e-08,
        "cc_threshold": 0.25,
        "cs_threshold": 0.35,
        "msc_threshold": 1.8181818181818181,
        "arclength_variation_threshold": 0.0,
        "curvature_threshold": 1.8181818181818181,
        "force_threshold": 0.1923668821175746,
        "torque_threshold": 0.1923668821175746,
        "fourier_order": 4,
        "continuation_step": 1
      },
      {
        "initial_B_field": 2.781168706649868,
        "final_B_field": 2.7791041632575944,
        "target_B_field": 2.5,
        "optimization_time": 496.7348916530609,
        "final_normalized_squared_flux": 0.007898723565720103,
        "_cached_thresholds": {
          "length_threshold": 45.0,
          "flux_threshold": 1e-08,
          "cc_threshold": 0.25,
          "cs_threshold": 0.35,
          "msc_threshold": 1.8181818181818181,
          "arclength_variation_threshold": 0.0,
          "curvature_threshold": 1.8181818181818181,
          "force_threshold": 1.0,
          "torque_threshold": 1.0,
          "coil_width": 0.22000000000000003,
          "R0": 1.8181818181818181
        },
        "final_min_cs_separation": 0.3470642886088091,
        "final_min_cc_separation": 0.23745153910160866,
        "final_total_length": 45.03905190529858,
        "final_max_curvature": 1.8204778333158942,
        "final_average_curvature": 1.1114200512588646,
        "final_arclength_variation": 0.24136834630940052,
        "final_mean_squared_curvature": 1.7772001102837292,
        "final_linking_number": 0,
        "final_max_max_coil_force": 4656879.013433968,
        "final_avg_max_coil_force": 3570775.95873455,
        "final_max_max_coil_torque": 4891949.392172232,
        "final_avg_max_coil_torque": 3154326.7083016536,
        "avg_BdotN_over_B": 0.0038445613055747368,
        "max_BdotN_over_B": 0.026118334616314035,
        "lagrange_multipliers": null,
        "output_directory": "/home/runner/work/stellcoilbench/stellcoilbench/submissions/W7-X_without_coil_ripple_beta0p05_d23p4_tm/akaptano/01-27-2026_01-03/order_8",
        "flux_threshold": 1e-08,
        "cc_threshold": 0.25,
        "cs_threshold": 0.35,
        "msc_threshold": 1.8181818181818181,
        "arclength_variation_threshold": 0.0,
        "curvature_threshold": 1.8181818181818181,
        "force_threshold": 1.0,
        "torque_threshold": 1.0,
        "fourier_order": 8,
        "continuation_step": 2
      }
    ],
    "initial_B_field": 2.781168706649868,
    "final_B_field": 2.7791041632575944,
    "target_B_field": 2.5,
    "optimization_time": 496.7348916530609,
    "final_normalized_squared_flux": 0.007898723565720103,
    "_cached_thresholds": {
      "length_threshold": 45.0,
      "flux_threshold": 1e-08,
      "cc_threshold": 0.25,
      "cs_threshold": 0.35,
      "msc_threshold": 1.8181818181818181,
      "arclength_variation_threshold": 0.0,
      "curvature_threshold": 1.8181818181818181,
      "force_threshold": 1.0,
      "torque_threshold": 1.0,
      "coil_width": 0.22000000000000003,
      "R0": 1.8181818181818181
    },
    "final_min_cs_separation": 0.3470642886088091,
    "final_min_cc_separation": 0.23745153910160866,
    "final_total_length": 45.03905190529858,
    "final_max_curvature": 1.8204778333158942,
    "final_average_curvature": 1.1114200512588646,
    "final_arclength_variation": 0.24136834630940052,
    "final_mean_squared_curvature": 1.7772001102837292,
    "final_linking_number": 0,
    "final_max_max_coil_force": 4656879.013433968,
    "final_avg_max_coil_force": 3570775.95873455,
    "final_max_max_coil_torque": 4891949.392172232,
    "final_avg_max_coil_torque": 3154326.7083016536,
    "avg_BdotN_over_B": 0.0038445613055747368,
    "max_BdotN_over_B": 0.026118334616314035,
    "lagrange_multipliers": null,
    "output_directory": "/home/runner/work/stellcoilbench/stellcoilbench/submissions/W7-X_without_coil_ripple_beta0p05_d23p4_tm/akaptano/01-27-2026_01-03/order_8",
    "flux_threshold": 1e-08,
    "cc_threshold": 0.25,
    "cs_threshold": 0.35,
    "msc_threshold": 1.8181818181818181,
    "arclength_variation_threshold": 0.0,
    "curvature_threshold": 1.8181818181818181,
    "force_threshold": 1.0,
    "torque_threshold": 1.0,
    "fourier_order": 8,
    "continuation_step": 2
  }
}