{
  "metadata": {
    "method_name": "",
    "contact": "akaptano",
    "hardware": "CPU: AMD EPYC 9V74 80-Core Processor | RAM: 15.6GB",
    "notes": "",
    "run_date": "2026-01-27T01:03:18.094673"
  },
  "metrics": {
    "fourier_continuation": true,
    "fourier_orders": [
      4,
      8,
      12,
      16
    ],
    "final_order": 16,
    "continuation_results": [
      {
        "initial_B_field": 2.499994639568495,
        "final_B_field": 2.7756581200700476,
        "target_B_field": 2.5,
        "optimization_time": 803.7075190544128,
        "final_normalized_squared_flux": 0.046072810755870726,
        "_cached_thresholds": {
          "length_threshold": 45.0,
          "flux_threshold": 1e-08,
          "cc_threshold": 0.25,
          "cs_threshold": 0.35,
          "msc_threshold": 1.8181818181818181,
          "arclength_variation_threshold": 0.0,
          "curvature_threshold": 1.8181818181818181,
          "force_threshold": 0.1923668821175746,
          "torque_threshold": 0.1923668821175746,
          "coil_width": 0.22000000000000003,
          "R0": 1.8181818181818181
        },
        "final_min_cs_separation": 0.3118594159198302,
        "final_min_cc_separation": 0.19403721880722613,
        "final_total_length": 45.07760486594336,
        "final_max_curvature": 1.7269239638227671,
        "final_average_curvature": 0.9214221515363122,
        "final_arclength_variation": 0.09192521348081867,
        "final_mean_squared_curvature": 1.0970952832191747,
        "final_linking_number": 0,
        "final_max_max_coil_force": 6221839.342515628,
        "final_avg_max_coil_force": 3663055.198892045,
        "final_max_max_coil_torque": 5491260.902998096,
        "final_avg_max_coil_torque": 3681769.7989894175,
        "avg_BdotN_over_B": 0.009279539660405125,
        "max_BdotN_over_B": 0.047142060337326014,
        "lagrange_multipliers": [
          -33771727472.17751,
          -4587054680.887081,
          -1709802916.2726934,
          -2207274914.8522353,
          -0.0,
          -13160739872.934689,
          -0.0,
          -0.0
        ],
        "output_directory": "/home/runner/work/stellcoilbench/stellcoilbench/submissions/W7-X_without_coil_ripple_beta0p05_d23p4_tm/akaptano/01-27-2026_01-03/order_4",
        "flux_threshold": 1e-08,
        "cc_threshold": 0.25,
        "cs_threshold": 0.35,
        "msc_threshold": 1.8181818181818181,
        "arclength_variation_threshold": 0.0,
        "curvature_threshold": 1.8181818181818181,
        "force_threshold": 0.1923668821175746,
        "torque_threshold": 0.1923668821175746,
        "fourier_order": 4,
        "continuation_step": 1
      },
      {
        "initial_B_field": 2.7756581200700476,
        "final_B_field": 2.7804995832334325,
        "target_B_field": 2.5,
        "optimization_time": 1960.3875761032104,
        "final_normalized_squared_flux": 0.010231901672566966,
        "_cached_thresholds": {
          "length_threshold": 45.0,
          "flux_threshold": 1e-08,
          "cc_threshold": 0.25,
          "cs_threshold": 0.35,
          "msc_threshold": 1.8181818181818181,
          "arclength_variation_threshold": 0.0,
          "curvature_threshold": 1.8181818181818181,
          "force_threshold": 1.0,
          "torque_threshold": 1.0,
          "coil_width": 0.22000000000000003,
          "R0": 1.8181818181818181
        },
        "final_min_cs_separation": 0.33395584715729515,
        "final_min_cc_separation": 0.21634004823768213,
        "final_total_length": 45.053380001713734,
        "final_max_curvature": 1.8989383896907766,
        "final_average_curvature": 1.1319825237180827,
        "final_arclength_variation": 0.025394578992144166,
        "final_mean_squared_curvature": 1.8522388454731333,
        "final_linking_number": 0,
        "final_max_max_coil_force": 5297354.644450318,
        "final_avg_max_coil_force": 3470132.6447656015,
        "final_max_max_coil_torque": 5639685.756200943,
        "final_avg_max_coil_torque": 3227792.0348350275,
        "avg_BdotN_over_B": 0.004350527339564758,
        "max_BdotN_over_B": 0.028941826798732997,
        "lagrange_multipliers": [
          -7500063244.302565,
          -1386764885.6631212,
          -335607005.3137816,
          -261081288.64370042,
          -421329581.36954933,
          -1120184393.996878,
          -23925083.005459048,
          -0.0
        ],
        "output_directory": "/home/runner/work/stellcoilbench/stellcoilbench/submissions/W7-X_without_coil_ripple_beta0p05_d23p4_tm/akaptano/01-27-2026_01-03/order_8",
        "flux_threshold": 1e-08,
        "cc_threshold": 0.25,
        "cs_threshold": 0.35,
        "msc_threshold": 1.8181818181818181,
        "arclength_variation_threshold": 0.0,
        "curvature_threshold": 1.8181818181818181,
        "force_threshold": 1.0,
        "torque_threshold": 1.0,
        "fourier_order": 8,
        "continuation_step": 2
      },
      {
        "initial_B_field": 2.7804995832334325,
        "final_B_field": 2.7791740434756838,
        "target_B_field": 2.5,
        "optimization_time": 2803.7205810546875,
        "final_normalized_squared_flux": 0.008595184890543207,
        "_cached_thresholds": {
          "length_threshold": 45.0,
          "flux_threshold": 1e-08,
          "cc_threshold": 0.25,
          "cs_threshold": 0.35,
          "msc_threshold": 1.8181818181818181,
          "arclength_variation_threshold": 0.0,
          "curvature_threshold": 1.8181818181818181,
          "force_threshold": 1.0,
          "torque_threshold": 1.0,
          "coil_width": 0.22000000000000003,
          "R0": 1.8181818181818181
        },
        "final_min_cs_separation": 0.3332998630274643,
        "final_min_cc_separation": 0.22029636349058782,
        "final_total_length": 45.031315828617544,
        "final_max_curvature": 1.8596943950898395,
        "final_average_curvature": 1.1891791187108411,
        "final_arclength_variation": 0.01581643485179924,
        "final_mean_squared_curvature": 1.8393915008263728,
        "final_linking_number": 0,
        "final_max_max_coil_force": 5728294.358576033,
        "final_avg_max_coil_force": 3757879.7197379256,
        "final_max_max_coil_torque": 6333277.043214709,
        "final_avg_max_coil_torque": 3583898.3128666305,
        "avg_BdotN_over_B": 0.004029139416771259,
        "max_BdotN_over_B": 0.026852262019819488,
        "lagrange_multipliers": [
          -6300337154.08317,
          -1000634648.4615746,
          -370534934.1810582,
          -359423434.8580297,
          -515294612.20569813,
          -481135664.54736835,
          -183953045.02536613,
          -0.0
        ],
        "output_directory": "/home/runner/work/stellcoilbench/stellcoilbench/submissions/W7-X_without_coil_ripple_beta0p05_d23p4_tm/akaptano/01-27-2026_01-03/order_12",
        "flux_threshold": 1e-08,
        "cc_threshold": 0.25,
        "cs_threshold": 0.35,
        "msc_threshold": 1.8181818181818181,
        "arclength_variation_threshold": 0.0,
        "curvature_threshold": 1.8181818181818181,
        "force_threshold": 1.0,
        "torque_threshold": 1.0,
        "fourier_order": 12,
        "continuation_step": 3
      },
      {
        "initial_B_field": 2.7791740434756838,
        "final_B_field": 2.7781082020393253,
        "target_B_field": 2.5,
        "optimization_time": 3531.456374168396,
        "final_normalized_squared_flux": 0.008090262091223285,
        "_cached_thresholds": {
          "length_threshold": 45.0,
          "flux_threshold": 1e-08,
          "cc_threshold": 0.25,
          "cs_threshold": 0.35,
          "msc_threshold": 1.8181818181818181,
          "arclength_variation_threshold": 0.0,
          "curvature_threshold": 1.8181818181818181,
          "force_threshold": 1.0,
          "torque_threshold": 1.0,
          "coil_width": 0.22000000000000003,
          "R0": 1.8181818181818181
        },
        "final_min_cs_separation": 0.3308491807663714,
        "final_min_cc_separation": 0.21912186635273903,
        "final_total_length": 45.03104621802255,
        "final_max_curvature": 1.855600481094823,
        "final_average_curvature": 1.206552487342386,
        "final_arclength_variation": 0.013354998548461242,
        "final_mean_squared_curvature": 1.8380628720226178,
        "final_linking_number": 0,
        "final_max_max_coil_force": 5950145.171378178,
        "final_avg_max_coil_force": 3790838.0160389505,
        "final_max_max_coil_torque": 6574810.108820666,
        "final_avg_max_coil_torque": 3806221.4541462366,
        "avg_BdotN_over_B": 0.003926731984134304,
        "max_BdotN_over_B": 0.024942690844511648,
        "lagrange_multipliers": [
          -5930224826.001163,
          -980469300.9267972,
          -347561023.00855523,
          -353261242.4956644,
          -474685099.3869621,
          -402466885.59866244,
          -218792352.94609496,
          -0.0
        ],
        "output_directory": "/home/runner/work/stellcoilbench/stellcoilbench/submissions/W7-X_without_coil_ripple_beta0p05_d23p4_tm/akaptano/01-27-2026_01-03/order_16",
        "flux_threshold": 1e-08,
        "cc_threshold": 0.25,
        "cs_threshold": 0.35,
        "msc_threshold": 1.8181818181818181,
        "arclength_variation_threshold": 0.0,
        "curvature_threshold": 1.8181818181818181,
        "force_threshold": 1.0,
        "torque_threshold": 1.0,
        "fourier_order": 16,
        "continuation_step": 4
      }
    ],
    "initial_B_field": 2.7791740434756838,
    "final_B_field": 2.7781082020393253,
    "target_B_field": 2.5,
    "optimization_time": 3531.456374168396,
    "final_normalized_squared_flux": 0.008090262091223285,
    "_cached_thresholds": {
      "length_threshold": 45.0,
      "flux_threshold": 1e-08,
      "cc_threshold": 0.25,
      "cs_threshold": 0.35,
      "msc_threshold": 1.8181818181818181,
      "arclength_variation_threshold": 0.0,
      "curvature_threshold": 1.8181818181818181,
      "force_threshold": 1.0,
      "torque_threshold": 1.0,
      "coil_width": 0.22000000000000003,
      "R0": 1.8181818181818181
    },
    "final_min_cs_separation": 0.3308491807663714,
    "final_min_cc_separation": 0.21912186635273903,
    "final_total_length": 45.03104621802255,
    "final_max_curvature": 1.855600481094823,
    "final_average_curvature": 1.206552487342386,
    "final_arclength_variation": 0.013354998548461242,
    "final_mean_squared_curvature": 1.8380628720226178,
    "final_linking_number": 0,
    "final_max_max_coil_force": 5950145.171378178,
    "final_avg_max_coil_force": 3790838.0160389505,
    "final_max_max_coil_torque": 6574810.108820666,
    "final_avg_max_coil_torque": 3806221.4541462366,
    "avg_BdotN_over_B": 0.003926731984134304,
    "max_BdotN_over_B": 0.024942690844511648,
    "lagrange_multipliers": [
      -5930224826.001163,
      -980469300.9267972,
      -347561023.00855523,
      -353261242.4956644,
      -474685099.3869621,
      -402466885.59866244,
      -218792352.94609496,
      -0.0
    ],
    "output_directory": "/home/runner/work/stellcoilbench/stellcoilbench/submissions/W7-X_without_coil_ripple_beta0p05_d23p4_tm/akaptano/01-27-2026_01-03/order_16",
    "flux_threshold": 1e-08,
    "cc_threshold": 0.25,
    "cs_threshold": 0.35,
    "msc_threshold": 1.8181818181818181,
    "arclength_variation_threshold": 0.0,
    "curvature_threshold": 1.8181818181818181,
    "force_threshold": 1.0,
    "torque_threshold": 1.0,
    "fourier_order": 16,
    "continuation_step": 4
  }
}