{
  "metadata": {
    "method_name": "",
    "contact": "akaptano",
    "hardware": "CPU: Intel(R) Xeon(R) Platinum 8370C CPU @ 2.80GHz | RAM: 7.8GB",
    "notes": "",
    "run_date": "2025-11-29T20:59:35.794317"
  },
  "metrics": {
    "initial_B_field": 0.9998258195958676,
    "final_B_field": 0.35380085496150737,
    "target_B_field": 1.0,
    "optimization_time": 1763.9097945690155,
    "final_normalized_squared_flux": 4.7236517034117376e-05,
    "final_min_cs_separation": 0.00030664571112181484,
    "final_min_cc_separation": 0.07490391876095394,
    "final_total_length": 14.663692341145474,
    "final_max_curvature": 12.562437150778088,
    "final_average_curvature": 3.155128739638956,
    "final_mean_squared_curvature": 17.72336603377517,
    "final_linking_number": 0,
    "final_max_max_coil_force": 76874.71776999981,
    "final_avg_max_coil_force": 68689.51109573818,
    "final_max_max_coil_torque": 33403.59029798674,
    "final_avg_max_coil_torque": 23642.522782834814,
    "avg_BdotN_over_B": 0.05509359372812653,
    "max_BdotN_over_B": 0.9984567952971127,
    "lagrange_multipliers": [
      -10816889.975713683,
      -0.0,
      -0.0,
      -0.0,
      -27711.56345123478,
      -44478921.28726727,
      -0.0,
      -2855654092.997759
    ],
    "output_directory": "."
  }
}