{
  "metadata": {
    "method_name": "",
    "contact": "akaptano",
    "hardware": "CPU: AMD EPYC 7763 64-Core Processor | RAM: 15.6GB",
    "notes": "",
    "run_date": "2026-01-27T22:20:10.527476"
  },
  "metrics": {
    "fourier_continuation": true,
    "fourier_orders": [
      4,
      8
    ],
    "final_order": 8,
    "continuation_results": [
      {
        "initial_B_field": 2.499994639568495,
        "final_B_field": 2.7811809680698563,
        "target_B_field": 2.5,
        "optimization_time": 501.3718066215515,
        "final_normalized_squared_flux": 0.015332910353335285,
        "_cached_thresholds": {
          "length_threshold": 45.0,
          "flux_threshold": 1e-08,
          "cc_threshold": 0.25,
          "cs_threshold": 0.35,
          "msc_threshold": 1.8181818181818181,
          "arclength_variation_threshold": 0.0,
          "curvature_threshold": 1.8181818181818181,
          "force_threshold": 0.1923668821175746,
          "torque_threshold": 0.1923668821175746,
          "coil_width": 0.22000000000000003,
          "R0": 1.8181818181818181
        },
        "final_min_cs_separation": 0.3403217361787303,
        "final_min_cc_separation": 0.22792140902904323,
        "final_total_length": 45.05756674845243,
        "final_max_curvature": 1.825311181402548,
        "final_average_curvature": 0.9937283695689944,
        "final_arclength_variation": 0.7125270098775078,
        "final_mean_squared_curvature": 1.3205370652400399,
        "final_linking_number": 0,
        "final_max_max_coil_force": 4354567.170245881,
        "final_avg_max_coil_force": 3312211.9384249956,
        "final_max_max_coil_torque": 4518638.01330013,
        "final_avg_max_coil_torque": 3091906.251557316,
        "avg_BdotN_over_B": 0.00539397272671445,
        "max_BdotN_over_B": 0.029740963212705872,
        "lagrange_multipliers": null,
        "output_directory": "/home/runner/work/stellcoilbench/stellcoilbench/submissions/W7-X_without_coil_ripple_beta0p05_d23p4_tm/akaptano/01-27-2026_22-20/order_4",
        "flux_threshold": 1e-08,
        "cc_threshold": 0.25,
        "cs_threshold": 0.35,
        "msc_threshold": 1.8181818181818181,
        "arclength_variation_threshold": 0.0,
        "curvature_threshold": 1.8181818181818181,
        "force_threshold": 0.1923668821175746,
        "torque_threshold": 0.1923668821175746,
        "fourier_order": 4,
        "continuation_step": 1
      },
      {
        "initial_B_field": 2.7811809680698563,
        "final_B_field": 2.7791329065405983,
        "target_B_field": 2.5,
        "optimization_time": 496.3423116207123,
        "final_normalized_squared_flux": 0.007902358529099433,
        "_cached_thresholds": {
          "length_threshold": 45.0,
          "flux_threshold": 1e-08,
          "cc_threshold": 0.25,
          "cs_threshold": 0.35,
          "msc_threshold": 1.8181818181818181,
          "arclength_variation_threshold": 0.0,
          "curvature_threshold": 1.8181818181818181,
          "force_threshold": 1.0,
          "torque_threshold": 1.0,
          "coil_width": 0.22000000000000003,
          "R0": 1.8181818181818181
        },
        "final_min_cs_separation": 0.3468134268752989,
        "final_min_cc_separation": 0.23734374101693817,
        "final_total_length": 45.03927063635855,
        "final_max_curvature": 1.8201021766222265,
        "final_average_curvature": 1.1116952141189125,
        "final_arclength_variation": 0.2395834228702408,
        "final_mean_squared_curvature": 1.7724549728161358,
        "final_linking_number": 0,
        "final_max_max_coil_force": 4628219.015490132,
        "final_avg_max_coil_force": 3555124.966663118,
        "final_max_max_coil_torque": 4888690.005408966,
        "final_avg_max_coil_torque": 3150127.0120920013,
        "avg_BdotN_over_B": 0.0038472280069063772,
        "max_BdotN_over_B": 0.0261748735742714,
        "lagrange_multipliers": null,
        "output_directory": "/home/runner/work/stellcoilbench/stellcoilbench/submissions/W7-X_without_coil_ripple_beta0p05_d23p4_tm/akaptano/01-27-2026_22-20/order_8",
        "flux_threshold": 1e-08,
        "cc_threshold": 0.25,
        "cs_threshold": 0.35,
        "msc_threshold": 1.8181818181818181,
        "arclength_variation_threshold": 0.0,
        "curvature_threshold": 1.8181818181818181,
        "force_threshold": 1.0,
        "torque_threshold": 1.0,
        "fourier_order": 8,
        "continuation_step": 2
      }
    ],
    "initial_B_field": 2.7811809680698563,
    "final_B_field": 2.7791329065405983,
    "target_B_field": 2.5,
    "optimization_time": 496.3423116207123,
    "final_normalized_squared_flux": 0.007902358529099433,
    "_cached_thresholds": {
      "length_threshold": 45.0,
      "flux_threshold": 1e-08,
      "cc_threshold": 0.25,
      "cs_threshold": 0.35,
      "msc_threshold": 1.8181818181818181,
      "arclength_variation_threshold": 0.0,
      "curvature_threshold": 1.8181818181818181,
      "force_threshold": 1.0,
      "torque_threshold": 1.0,
      "coil_width": 0.22000000000000003,
      "R0": 1.8181818181818181
    },
    "final_min_cs_separation": 0.3468134268752989,
    "final_min_cc_separation": 0.23734374101693817,
    "final_total_length": 45.03927063635855,
    "final_max_curvature": 1.8201021766222265,
    "final_average_curvature": 1.1116952141189125,
    "final_arclength_variation": 0.2395834228702408,
    "final_mean_squared_curvature": 1.7724549728161358,
    "final_linking_number": 0,
    "final_max_max_coil_force": 4628219.015490132,
    "final_avg_max_coil_force": 3555124.966663118,
    "final_max_max_coil_torque": 4888690.005408966,
    "final_avg_max_coil_torque": 3150127.0120920013,
    "avg_BdotN_over_B": 0.0038472280069063772,
    "max_BdotN_over_B": 0.0261748735742714,
    "lagrange_multipliers": null,
    "output_directory": "/home/runner/work/stellcoilbench/stellcoilbench/submissions/W7-X_without_coil_ripple_beta0p05_d23p4_tm/akaptano/01-27-2026_22-20/order_8",
    "flux_threshold": 1e-08,
    "cc_threshold": 0.25,
    "cs_threshold": 0.35,
    "msc_threshold": 1.8181818181818181,
    "arclength_variation_threshold": 0.0,
    "curvature_threshold": 1.8181818181818181,
    "force_threshold": 1.0,
    "torque_threshold": 1.0,
    "fourier_order": 8,
    "continuation_step": 2
  }
}