{
  "@module": "simsopt._core.json",
  "@class": "SIMSON",
  "@version": "0.1.dev5270+gee055f063",
  "graph": [
    {
      "$type": "ref",
      "value": "RegularizedCoil33"
    },
    {
      "$type": "ref",
      "value": "RegularizedCoil34"
    },
    {
      "$type": "ref",
      "value": "RegularizedCoil35"
    },
    {
      "$type": "ref",
      "value": "RegularizedCoil36"
    },
    {
      "$type": "ref",
      "value": "RegularizedCoil37"
    },
    {
      "$type": "ref",
      "value": "RegularizedCoil38"
    },
    {
      "$type": "ref",
      "value": "RegularizedCoil39"
    },
    {
      "$type": "ref",
      "value": "RegularizedCoil40"
    },
    {
      "$type": "ref",
      "value": "RegularizedCoil41"
    },
    {
      "$type": "ref",
      "value": "RegularizedCoil42"
    },
    {
      "$type": "ref",
      "value": "RegularizedCoil43"
    },
    {
      "$type": "ref",
      "value": "RegularizedCoil44"
    },
    {
      "$type": "ref",
      "value": "RegularizedCoil45"
    },
    {
      "$type": "ref",
      "value": "RegularizedCoil46"
    },
    {
      "$type": "ref",
      "value": "RegularizedCoil47"
    },
    {
      "$type": "ref",
      "value": "RegularizedCoil48"
    }
  ],
  "simsopt_objs": {
    "140494026425072": {
      "@module": "simsopt._core.optimizable",
      "@class": "DOFs",
      "@name": "140494026425072",
      "@version": "0.1.dev5270+gee055f063",
      "x": {
        "@module": "numpy",
        "@class": "array",
        "dtype": "float64",
        "data": [
          1.7483757937767943,
          -0.059174767056968496,
          0.3110556228289314,
          -0.06477407151680234,
          0.20024864626478658,
          -0.07376411942601799,
          0.09912583877657362,
          -0.06271481718506174,
          0.008782880718627116,
          -0.020393849621682135,
          -0.03418523211381853,
          0.014514686068400635,
          -0.029642917867580543,
          0.02618039076998174,
          -0.007264901307347998,
          0.020981449106858247,
          0.010605015993223109,
          0.009466657255815815,
          0.018080382699953126,
          -0.0019326063441452085,
          0.015082194324029357,
          -0.006372678791859693,
          0.006073960632394696,
          -0.004739693169394097,
          -0.001471563170909587,
          -0.001599426880450947,
          -0.004660702537902618,
          0.0008456564822966205,
          -0.004067403184063292,
          0.0013431438341485907,
          -0.0016654761612680561,
          0.0005066898561748571,
          -0.00011881818786858157,
          0.2530436651885881,
          -0.1631993806357697,
          -0.09670069585206206,
          -0.02048835258606349,
          -0.028722904125302512,
          -0.006510734859768018,
          0.02789461290471413,
          -0.02344473418874266,
          0.02257425566062433,
          -0.024963008778785486,
          -0.0005329775310725655,
          -0.016501805614278775,
          -0.009695910120342183,
          -0.007153219653829016,
          -0.011194894834828006,
          -0.000577375127956481,
          -0.006361525828363373,
          0.005210860178903275,
          0.002598671051757287,
          0.0019694387285594172,
          0.007623185513079046,
          -0.0018196077850849955,
          0.008958118446259662,
          -0.004782986998116547,
          0.004525293787658198,
          -0.004465649350408426,
          0.0018631172834737708,
          -0.0011731492757192851,
          -0.0012648641411321265,
          -0.0004733734335831442,
          -0.0014994939322545595,
          0.0001523341909678889,
          -0.0004698034022116991,
          0.3033330480910314,
          -0.2819262440928495,
          0.08678874230602994,
          -0.17937463668329676,
          -0.0791673432665846,
          -0.04273279748952852,
          -0.0851160757531121,
          0.01237752698025326,
          -0.0503346992316032,
          0.03205217695961096,
          -0.02340605035509566,
          0.03115433303230551,
          0.007219515918160365,
          0.011786155356174924,
          0.026572804952434994,
          -0.01062533553064619,
          0.02637113513541844,
          -0.01970896542563212,
          0.014567072220855955,
          -0.017991481877699965,
          0.001385149916626615,
          -0.00890240661610984,
          -0.004987882794377448,
          -0.0010893066114887112,
          -0.004421045814546843,
          0.0015957287337888633,
          -0.0008955806160304915,
          0.0019449109432241253,
          -4.1483797431126105e-05,
          0.0009387125726685679,
          2.8312480415031056e-05,
          0.00033372201617694943,
          5.674698572718239e-05
        ]
      },
      "names": [
        "xc(0)",
        "xs(1)",
        "xc(1)",
        "xs(2)",
        "xc(2)",
        "xs(3)",
        "xc(3)",
        "xs(4)",
        "xc(4)",
        "xs(5)",
        "xc(5)",
        "xs(6)",
        "xc(6)",
        "xs(7)",
        "xc(7)",
        "xs(8)",
        "xc(8)",
        "xs(9)",
        "xc(9)",
        "xs(10)",
        "xc(10)",
        "xs(11)",
        "xc(11)",
        "xs(12)",
        "xc(12)",
        "xs(13)",
        "xc(13)",
        "xs(14)",
        "xc(14)",
        "xs(15)",
        "xc(15)",
        "xs(16)",
        "xc(16)",
        "yc(0)",
        "ys(1)",
        "yc(1)",
        "ys(2)",
        "yc(2)",
        "ys(3)",
        "yc(3)",
        "ys(4)",
        "yc(4)",
        "ys(5)",
        "yc(5)",
        "ys(6)",
        "yc(6)",
        "ys(7)",
        "yc(7)",
        "ys(8)",
        "yc(8)",
        "ys(9)",
        "yc(9)",
        "ys(10)",
        "yc(10)",
        "ys(11)",
        "yc(11)",
        "ys(12)",
        "yc(12)",
        "ys(13)",
        "yc(13)",
        "ys(14)",
        "yc(14)",
        "ys(15)",
        "yc(15)",
        "ys(16)",
        "yc(16)",
        "zc(0)",
        "zs(1)",
        "zc(1)",
        "zs(2)",
        "zc(2)",
        "zs(3)",
        "zc(3)",
        "zs(4)",
        "zc(4)",
        "zs(5)",
        "zc(5)",
        "zs(6)",
        "zc(6)",
        "zs(7)",
        "zc(7)",
        "zs(8)",
        "zc(8)",
        "zs(9)",
        "zc(9)",
        "zs(10)",
        "zc(10)",
        "zs(11)",
        "zc(11)",
        "zs(12)",
        "zc(12)",
        "zs(13)",
        "zc(13)",
        "zs(14)",
        "zc(14)",
        "zs(15)",
        "zc(15)",
        "zs(16)",
        "zc(16)"
      ],
      "free": {
        "@module": "numpy",
        "@class": "array",
        "dtype": "bool",
        "data": [
          true,
          true,
          true,
          true,
          true,
          true,
          true,
          true,
          true,
          true,
          true,
          true,
          true,
          true,
          true,
          true,
          true,
          true,
          true,
          true,
          true,
          true,
          true,
          true,
          true,
          true,
          true,
          true,
          true,
          true,
          true,
          true,
          true,
          true,
          true,
          true,
          true,
          true,
          true,
          true,
          true,
          true,
          true,
          true,
          true,
          true,
          true,
          true,
          true,
          true,
          true,
          true,
          true,
          true,
          true,
          true,
          true,
          true,
          true,
          true,
          true,
          true,
          true,
          true,
          true,
          true,
          true,
          true,
          true,
          true,
          true,
          true,
          true,
          true,
          true,
          true,
          true,
          true,
          true,
          true,
          true,
          true,
          true,
          true,
          true,
          true,
          true,
          true,
          true,
          true,
          true,
          true,
          true,
          true,
          true,
          true,
          true,
          true,
          true
        ]
      },
      "lower_bounds": {
        "@module": "numpy",
        "@class": "array",
        "dtype": "float64",
        "data": [
          -Infinity,
          -Infinity,
          -Infinity,
          -Infinity,
          -Infinity,
          -Infinity,
          -Infinity,
          -Infinity,
          -Infinity,
          -Infinity,
          -Infinity,
          -Infinity,
          -Infinity,
          -Infinity,
          -Infinity,
          -Infinity,
          -Infinity,
          -Infinity,
          -Infinity,
          -Infinity,
          -Infinity,
          -Infinity,
          -Infinity,
          -Infinity,
          -Infinity,
          -Infinity,
          -Infinity,
          -Infinity,
          -Infinity,
          -Infinity,
          -Infinity,
          -Infinity,
          -Infinity,
          -Infinity,
          -Infinity,
          -Infinity,
          -Infinity,
          -Infinity,
          -Infinity,
          -Infinity,
          -Infinity,
          -Infinity,
          -Infinity,
          -Infinity,
          -Infinity,
          -Infinity,
          -Infinity,
          -Infinity,
          -Infinity,
          -Infinity,
          -Infinity,
          -Infinity,
          -Infinity,
          -Infinity,
          -Infinity,
          -Infinity,
          -Infinity,
          -Infinity,
          -Infinity,
          -Infinity,
          -Infinity,
          -Infinity,
          -Infinity,
          -Infinity,
          -Infinity,
          -Infinity,
          -Infinity,
          -Infinity,
          -Infinity,
          -Infinity,
          -Infinity,
          -Infinity,
          -Infinity,
          -Infinity,
          -Infinity,
          -Infinity,
          -Infinity,
          -Infinity,
          -Infinity,
          -Infinity,
          -Infinity,
          -Infinity,
          -Infinity,
          -Infinity,
          -Infinity,
          -Infinity,
          -Infinity,
          -Infinity,
          -Infinity,
          -Infinity,
          -Infinity,
          -Infinity,
          -Infinity,
          -Infinity,
          -Infinity,
          -Infinity,
          -Infinity,
          -Infinity,
          -Infinity
        ]
      },
      "upper_bounds": {
        "@module": "numpy",
        "@class": "array",
        "dtype": "float64",
        "data": [
          Infinity,
          Infinity,
          Infinity,
          Infinity,
          Infinity,
          Infinity,
          Infinity,
          Infinity,
          Infinity,
          Infinity,
          Infinity,
          Infinity,
          Infinity,
          Infinity,
          Infinity,
          Infinity,
          Infinity,
          Infinity,
          Infinity,
          Infinity,
          Infinity,
          Infinity,
          Infinity,
          Infinity,
          Infinity,
          Infinity,
          Infinity,
          Infinity,
          Infinity,
          Infinity,
          Infinity,
          Infinity,
          Infinity,
          Infinity,
          Infinity,
          Infinity,
          Infinity,
          Infinity,
          Infinity,
          Infinity,
          Infinity,
          Infinity,
          Infinity,
          Infinity,
          Infinity,
          Infinity,
          Infinity,
          Infinity,
          Infinity,
          Infinity,
          Infinity,
          Infinity,
          Infinity,
          Infinity,
          Infinity,
          Infinity,
          Infinity,
          Infinity,
          Infinity,
          Infinity,
          Infinity,
          Infinity,
          Infinity,
          Infinity,
          Infinity,
          Infinity,
          Infinity,
          Infinity,
          Infinity,
          Infinity,
          Infinity,
          Infinity,
          Infinity,
          Infinity,
          Infinity,
          Infinity,
          Infinity,
          Infinity,
          Infinity,
          Infinity,
          Infinity,
          Infinity,
          Infinity,
          Infinity,
          Infinity,
          Infinity,
          Infinity,
          Infinity,
          Infinity,
          Infinity,
          Infinity,
          Infinity,
          Infinity,
          Infinity,
          Infinity,
          Infinity,
          Infinity,
          Infinity,
          Infinity
        ]
      }
    },
    "CurveXYZFourier1": {
      "@module": "simsopt.geo.curvexyzfourier",
      "@class": "CurveXYZFourier",
      "@name": "CurveXYZFourier1",
      "@version": "0.1.dev5270+gee055f063",
      "quadpoints": {
        "@module": "numpy",
        "@class": "array",
        "dtype": "float64",
        "data": [
          0.0,
          0.00390625,
          0.0078125,
          0.01171875,
          0.015625,
          0.01953125,
          0.0234375,
          0.02734375,
          0.03125,
          0.03515625,
          0.0390625,
          0.04296875,
          0.046875,
          0.05078125,
          0.0546875,
          0.05859375,
          0.0625,
          0.06640625,
          0.0703125,
          0.07421875,
          0.078125,
          0.08203125,
          0.0859375,
          0.08984375,
          0.09375,
          0.09765625,
          0.1015625,
          0.10546875,
          0.109375,
          0.11328125,
          0.1171875,
          0.12109375,
          0.125,
          0.12890625,
          0.1328125,
          0.13671875,
          0.140625,
          0.14453125,
          0.1484375,
          0.15234375,
          0.15625,
          0.16015625,
          0.1640625,
          0.16796875,
          0.171875,
          0.17578125,
          0.1796875,
          0.18359375,
          0.1875,
          0.19140625,
          0.1953125,
          0.19921875,
          0.203125,
          0.20703125,
          0.2109375,
          0.21484375,
          0.21875,
          0.22265625,
          0.2265625,
          0.23046875,
          0.234375,
          0.23828125,
          0.2421875,
          0.24609375,
          0.25,
          0.25390625,
          0.2578125,
          0.26171875,
          0.265625,
          0.26953125,
          0.2734375,
          0.27734375,
          0.28125,
          0.28515625,
          0.2890625,
          0.29296875,
          0.296875,
          0.30078125,
          0.3046875,
          0.30859375,
          0.3125,
          0.31640625,
          0.3203125,
          0.32421875,
          0.328125,
          0.33203125,
          0.3359375,
          0.33984375,
          0.34375,
          0.34765625,
          0.3515625,
          0.35546875,
          0.359375,
          0.36328125,
          0.3671875,
          0.37109375,
          0.375,
          0.37890625,
          0.3828125,
          0.38671875,
          0.390625,
          0.39453125,
          0.3984375,
          0.40234375,
          0.40625,
          0.41015625,
          0.4140625,
          0.41796875,
          0.421875,
          0.42578125,
          0.4296875,
          0.43359375,
          0.4375,
          0.44140625,
          0.4453125,
          0.44921875,
          0.453125,
          0.45703125,
          0.4609375,
          0.46484375,
          0.46875,
          0.47265625,
          0.4765625,
          0.48046875,
          0.484375,
          0.48828125,
          0.4921875,
          0.49609375,
          0.5,
          0.50390625,
          0.5078125,
          0.51171875,
          0.515625,
          0.51953125,
          0.5234375,
          0.52734375,
          0.53125,
          0.53515625,
          0.5390625,
          0.54296875,
          0.546875,
          0.55078125,
          0.5546875,
          0.55859375,
          0.5625,
          0.56640625,
          0.5703125,
          0.57421875,
          0.578125,
          0.58203125,
          0.5859375,
          0.58984375,
          0.59375,
          0.59765625,
          0.6015625,
          0.60546875,
          0.609375,
          0.61328125,
          0.6171875,
          0.62109375,
          0.625,
          0.62890625,
          0.6328125,
          0.63671875,
          0.640625,
          0.64453125,
          0.6484375,
          0.65234375,
          0.65625,
          0.66015625,
          0.6640625,
          0.66796875,
          0.671875,
          0.67578125,
          0.6796875,
          0.68359375,
          0.6875,
          0.69140625,
          0.6953125,
          0.69921875,
          0.703125,
          0.70703125,
          0.7109375,
          0.71484375,
          0.71875,
          0.72265625,
          0.7265625,
          0.73046875,
          0.734375,
          0.73828125,
          0.7421875,
          0.74609375,
          0.75,
          0.75390625,
          0.7578125,
          0.76171875,
          0.765625,
          0.76953125,
          0.7734375,
          0.77734375,
          0.78125,
          0.78515625,
          0.7890625,
          0.79296875,
          0.796875,
          0.80078125,
          0.8046875,
          0.80859375,
          0.8125,
          0.81640625,
          0.8203125,
          0.82421875,
          0.828125,
          0.83203125,
          0.8359375,
          0.83984375,
          0.84375,
          0.84765625,
          0.8515625,
          0.85546875,
          0.859375,
          0.86328125,
          0.8671875,
          0.87109375,
          0.875,
          0.87890625,
          0.8828125,
          0.88671875,
          0.890625,
          0.89453125,
          0.8984375,
          0.90234375,
          0.90625,
          0.91015625,
          0.9140625,
          0.91796875,
          0.921875,
          0.92578125,
          0.9296875,
          0.93359375,
          0.9375,
          0.94140625,
          0.9453125,
          0.94921875,
          0.953125,
          0.95703125,
          0.9609375,
          0.96484375,
          0.96875,
          0.97265625,
          0.9765625,
          0.98046875,
          0.984375,
          0.98828125,
          0.9921875,
          0.99609375
        ]
      },
      "order": 16,
      "dofs": {
        "$type": "ref",
        "value": "140494026425072"
      }
    },
    "140493972908816": {
      "@module": "simsopt._core.optimizable",
      "@class": "DOFs",
      "@name": "140493972908816",
      "@version": "0.1.dev5270+gee055f063",
      "x": {
        "@module": "numpy",
        "@class": "array",
        "dtype": "float64",
        "data": [
          0.03332549822909771
        ]
      },
      "names": [
        "x0"
      ],
      "free": {
        "@module": "numpy",
        "@class": "array",
        "dtype": "bool",
        "data": [
          true
        ]
      },
      "lower_bounds": {
        "@module": "numpy",
        "@class": "array",
        "dtype": "float64",
        "data": [
          -Infinity
        ]
      },
      "upper_bounds": {
        "@module": "numpy",
        "@class": "array",
        "dtype": "float64",
        "data": [
          Infinity
        ]
      }
    },
    "Current9": {
      "@module": "simsopt.field.coil",
      "@class": "Current",
      "@name": "Current9",
      "@version": "0.1.dev5270+gee055f063",
      "current": 0.03332549822909771,
      "dofs": {
        "$type": "ref",
        "value": "140493972908816"
      }
    },
    "ScaledCurrent25": {
      "@module": "simsopt.field.coil",
      "@class": "ScaledCurrent",
      "@name": "ScaledCurrent25",
      "@version": "0.1.dev5270+gee055f063",
      "current_to_scale": {
        "$type": "ref",
        "value": "Current9"
      },
      "scale": 10000000.0
    },
    "RegularizedCoil33": {
      "@module": "simsopt.field.coil",
      "@class": "RegularizedCoil",
      "@name": "RegularizedCoil33",
      "@version": "0.1.dev5270+gee055f063",
      "curve": {
        "$type": "ref",
        "value": "CurveXYZFourier1"
      },
      "current": {
        "$type": "ref",
        "value": "ScaledCurrent25"
      },
      "regularization": {
        "@module": "numpy",
        "@class": "array",
        "dtype": "float64",
        "data": 0.0009704490555402135
      }
    },
    "140494026425840": {
      "@module": "simsopt._core.optimizable",
      "@class": "DOFs",
      "@name": "140494026425840",
      "@version": "0.1.dev5270+gee055f063",
      "x": {
        "@module": "numpy",
        "@class": "array",
        "dtype": "float64",
        "data": [
          1.1871035202230638,
          0.05646346296273971,
          0.34874448192371793,
          -0.08568343003023243,
          0.12073445465212775,
          -0.05645599485939495,
          0.018670221019320102,
          -0.004168644335421796,
          -0.020191310500218603,
          0.005563445369882439,
          0.005821735907910261,
          0.0011033035976100326,
          0.0033607877526733174,
          0.0024443555506406867,
          0.0017415501717852758,
          0.0011850349103537958,
          0.004334010370822393,
          -0.0014120287440141904,
          0.0011167066639056293,
          0.0001440011483523946,
          -0.001184352391608799,
          0.0003101560789230712,
          -3.2645611991699244e-05,
          0.00016048559293927941,
          0.00045749350393936035,
          -0.0005109997620181831,
          -7.381687189222855e-05,
          -0.00013295049392508847,
          -0.00019908399452777244,
          0.0003119881068054247,
          0.0001890169099726167,
          6.091304172485864e-05,
          0.00010699229044774669,
          0.9550830837376959,
          -0.12860149979751265,
          -0.01706867267605934,
          -0.013292661051488646,
          0.07496438241204792,
          -0.055909518134972136,
          0.04625598925120099,
          -0.0358421276065121,
          0.010744922116608914,
          -0.013821689810799275,
          0.0015615299726697278,
          -0.01085055180713502,
          0.00021240243335990747,
          -0.0015187213307020831,
          -0.0030378086135838833,
          0.0017996212832603023,
          0.00035484625682460783,
          0.0004967810718874931,
          0.0017848925399674763,
          -0.0005677953645957892,
          0.0016288607782049716,
          -0.0005327936180887316,
          0.0003796096307234292,
          -0.0005390099069236204,
          0.00027612612154414825,
          -0.00046739510093962776,
          9.619629740616751e-05,
          -3.99468309501248e-05,
          -0.00044271968918336527,
          0.00019379662307257635,
          -6.468609978532712e-05,
          3.3858450745738785e-06,
          0.0002416644576213374,
          0.17261883197553354,
          -0.37397900021727715,
          0.08486748484999997,
          -0.06326814640129953,
          -0.1344550520633272,
          0.017609160033965485,
          -0.02926821852912956,
          -0.000669299252979844,
          -0.0051961997783297395,
          0.001070761998689437,
          -0.009987638845558549,
          0.0032586371005156284,
          -0.00024122865402290234,
          -0.00017533141858266032,
          -0.0007182889742529012,
          -0.0014720467061716724,
          0.0005557921162310438,
          -0.0012107595743968509,
          -0.002199146148729747,
          0.000707698053194311,
          -0.00022231468885415215,
          -0.0007222730252759839,
          -0.00012997754968506434,
          -8.378088253347357e-05,
          -0.00029546641524984865,
          -0.00013101452604736695,
          0.0003142426390159071,
          -0.00047830760560988903,
          1.3471937469361715e-05,
          -9.313460972115542e-05,
          -9.408802593777771e-05,
          -7.134011458313511e-05,
          -1.0615638261812847e-05
        ]
      },
      "names": [
        "xc(0)",
        "xs(1)",
        "xc(1)",
        "xs(2)",
        "xc(2)",
        "xs(3)",
        "xc(3)",
        "xs(4)",
        "xc(4)",
        "xs(5)",
        "xc(5)",
        "xs(6)",
        "xc(6)",
        "xs(7)",
        "xc(7)",
        "xs(8)",
        "xc(8)",
        "xs(9)",
        "xc(9)",
        "xs(10)",
        "xc(10)",
        "xs(11)",
        "xc(11)",
        "xs(12)",
        "xc(12)",
        "xs(13)",
        "xc(13)",
        "xs(14)",
        "xc(14)",
        "xs(15)",
        "xc(15)",
        "xs(16)",
        "xc(16)",
        "yc(0)",
        "ys(1)",
        "yc(1)",
        "ys(2)",
        "yc(2)",
        "ys(3)",
        "yc(3)",
        "ys(4)",
        "yc(4)",
        "ys(5)",
        "yc(5)",
        "ys(6)",
        "yc(6)",
        "ys(7)",
        "yc(7)",
        "ys(8)",
        "yc(8)",
        "ys(9)",
        "yc(9)",
        "ys(10)",
        "yc(10)",
        "ys(11)",
        "yc(11)",
        "ys(12)",
        "yc(12)",
        "ys(13)",
        "yc(13)",
        "ys(14)",
        "yc(14)",
        "ys(15)",
        "yc(15)",
        "ys(16)",
        "yc(16)",
        "zc(0)",
        "zs(1)",
        "zc(1)",
        "zs(2)",
        "zc(2)",
        "zs(3)",
        "zc(3)",
        "zs(4)",
        "zc(4)",
        "zs(5)",
        "zc(5)",
        "zs(6)",
        "zc(6)",
        "zs(7)",
        "zc(7)",
        "zs(8)",
        "zc(8)",
        "zs(9)",
        "zc(9)",
        "zs(10)",
        "zc(10)",
        "zs(11)",
        "zc(11)",
        "zs(12)",
        "zc(12)",
        "zs(13)",
        "zc(13)",
        "zs(14)",
        "zc(14)",
        "zs(15)",
        "zc(15)",
        "zs(16)",
        "zc(16)"
      ],
      "free": {
        "@module": "numpy",
        "@class": "array",
        "dtype": "bool",
        "data": [
          true,
          true,
          true,
          true,
          true,
          true,
          true,
          true,
          true,
          true,
          true,
          true,
          true,
          true,
          true,
          true,
          true,
          true,
          true,
          true,
          true,
          true,
          true,
          true,
          true,
          true,
          true,
          true,
          true,
          true,
          true,
          true,
          true,
          true,
          true,
          true,
          true,
          true,
          true,
          true,
          true,
          true,
          true,
          true,
          true,
          true,
          true,
          true,
          true,
          true,
          true,
          true,
          true,
          true,
          true,
          true,
          true,
          true,
          true,
          true,
          true,
          true,
          true,
          true,
          true,
          true,
          true,
          true,
          true,
          true,
          true,
          true,
          true,
          true,
          true,
          true,
          true,
          true,
          true,
          true,
          true,
          true,
          true,
          true,
          true,
          true,
          true,
          true,
          true,
          true,
          true,
          true,
          true,
          true,
          true,
          true,
          true,
          true,
          true
        ]
      },
      "lower_bounds": {
        "@module": "numpy",
        "@class": "array",
        "dtype": "float64",
        "data": [
          -Infinity,
          -Infinity,
          -Infinity,
          -Infinity,
          -Infinity,
          -Infinity,
          -Infinity,
          -Infinity,
          -Infinity,
          -Infinity,
          -Infinity,
          -Infinity,
          -Infinity,
          -Infinity,
          -Infinity,
          -Infinity,
          -Infinity,
          -Infinity,
          -Infinity,
          -Infinity,
          -Infinity,
          -Infinity,
          -Infinity,
          -Infinity,
          -Infinity,
          -Infinity,
          -Infinity,
          -Infinity,
          -Infinity,
          -Infinity,
          -Infinity,
          -Infinity,
          -Infinity,
          -Infinity,
          -Infinity,
          -Infinity,
          -Infinity,
          -Infinity,
          -Infinity,
          -Infinity,
          -Infinity,
          -Infinity,
          -Infinity,
          -Infinity,
          -Infinity,
          -Infinity,
          -Infinity,
          -Infinity,
          -Infinity,
          -Infinity,
          -Infinity,
          -Infinity,
          -Infinity,
          -Infinity,
          -Infinity,
          -Infinity,
          -Infinity,
          -Infinity,
          -Infinity,
          -Infinity,
          -Infinity,
          -Infinity,
          -Infinity,
          -Infinity,
          -Infinity,
          -Infinity,
          -Infinity,
          -Infinity,
          -Infinity,
          -Infinity,
          -Infinity,
          -Infinity,
          -Infinity,
          -Infinity,
          -Infinity,
          -Infinity,
          -Infinity,
          -Infinity,
          -Infinity,
          -Infinity,
          -Infinity,
          -Infinity,
          -Infinity,
          -Infinity,
          -Infinity,
          -Infinity,
          -Infinity,
          -Infinity,
          -Infinity,
          -Infinity,
          -Infinity,
          -Infinity,
          -Infinity,
          -Infinity,
          -Infinity,
          -Infinity,
          -Infinity,
          -Infinity,
          -Infinity
        ]
      },
      "upper_bounds": {
        "@module": "numpy",
        "@class": "array",
        "dtype": "float64",
        "data": [
          Infinity,
          Infinity,
          Infinity,
          Infinity,
          Infinity,
          Infinity,
          Infinity,
          Infinity,
          Infinity,
          Infinity,
          Infinity,
          Infinity,
          Infinity,
          Infinity,
          Infinity,
          Infinity,
          Infinity,
          Infinity,
          Infinity,
          Infinity,
          Infinity,
          Infinity,
          Infinity,
          Infinity,
          Infinity,
          Infinity,
          Infinity,
          Infinity,
          Infinity,
          Infinity,
          Infinity,
          Infinity,
          Infinity,
          Infinity,
          Infinity,
          Infinity,
          Infinity,
          Infinity,
          Infinity,
          Infinity,
          Infinity,
          Infinity,
          Infinity,
          Infinity,
          Infinity,
          Infinity,
          Infinity,
          Infinity,
          Infinity,
          Infinity,
          Infinity,
          Infinity,
          Infinity,
          Infinity,
          Infinity,
          Infinity,
          Infinity,
          Infinity,
          Infinity,
          Infinity,
          Infinity,
          Infinity,
          Infinity,
          Infinity,
          Infinity,
          Infinity,
          Infinity,
          Infinity,
          Infinity,
          Infinity,
          Infinity,
          Infinity,
          Infinity,
          Infinity,
          Infinity,
          Infinity,
          Infinity,
          Infinity,
          Infinity,
          Infinity,
          Infinity,
          Infinity,
          Infinity,
          Infinity,
          Infinity,
          Infinity,
          Infinity,
          Infinity,
          Infinity,
          Infinity,
          Infinity,
          Infinity,
          Infinity,
          Infinity,
          Infinity,
          Infinity,
          Infinity,
          Infinity,
          Infinity
        ]
      }
    },
    "CurveXYZFourier2": {
      "@module": "simsopt.geo.curvexyzfourier",
      "@class": "CurveXYZFourier",
      "@name": "CurveXYZFourier2",
      "@version": "0.1.dev5270+gee055f063",
      "quadpoints": {
        "@module": "numpy",
        "@class": "array",
        "dtype": "float64",
        "data": [
          0.0,
          0.00390625,
          0.0078125,
          0.01171875,
          0.015625,
          0.01953125,
          0.0234375,
          0.02734375,
          0.03125,
          0.03515625,
          0.0390625,
          0.04296875,
          0.046875,
          0.05078125,
          0.0546875,
          0.05859375,
          0.0625,
          0.06640625,
          0.0703125,
          0.07421875,
          0.078125,
          0.08203125,
          0.0859375,
          0.08984375,
          0.09375,
          0.09765625,
          0.1015625,
          0.10546875,
          0.109375,
          0.11328125,
          0.1171875,
          0.12109375,
          0.125,
          0.12890625,
          0.1328125,
          0.13671875,
          0.140625,
          0.14453125,
          0.1484375,
          0.15234375,
          0.15625,
          0.16015625,
          0.1640625,
          0.16796875,
          0.171875,
          0.17578125,
          0.1796875,
          0.18359375,
          0.1875,
          0.19140625,
          0.1953125,
          0.19921875,
          0.203125,
          0.20703125,
          0.2109375,
          0.21484375,
          0.21875,
          0.22265625,
          0.2265625,
          0.23046875,
          0.234375,
          0.23828125,
          0.2421875,
          0.24609375,
          0.25,
          0.25390625,
          0.2578125,
          0.26171875,
          0.265625,
          0.26953125,
          0.2734375,
          0.27734375,
          0.28125,
          0.28515625,
          0.2890625,
          0.29296875,
          0.296875,
          0.30078125,
          0.3046875,
          0.30859375,
          0.3125,
          0.31640625,
          0.3203125,
          0.32421875,
          0.328125,
          0.33203125,
          0.3359375,
          0.33984375,
          0.34375,
          0.34765625,
          0.3515625,
          0.35546875,
          0.359375,
          0.36328125,
          0.3671875,
          0.37109375,
          0.375,
          0.37890625,
          0.3828125,
          0.38671875,
          0.390625,
          0.39453125,
          0.3984375,
          0.40234375,
          0.40625,
          0.41015625,
          0.4140625,
          0.41796875,
          0.421875,
          0.42578125,
          0.4296875,
          0.43359375,
          0.4375,
          0.44140625,
          0.4453125,
          0.44921875,
          0.453125,
          0.45703125,
          0.4609375,
          0.46484375,
          0.46875,
          0.47265625,
          0.4765625,
          0.48046875,
          0.484375,
          0.48828125,
          0.4921875,
          0.49609375,
          0.5,
          0.50390625,
          0.5078125,
          0.51171875,
          0.515625,
          0.51953125,
          0.5234375,
          0.52734375,
          0.53125,
          0.53515625,
          0.5390625,
          0.54296875,
          0.546875,
          0.55078125,
          0.5546875,
          0.55859375,
          0.5625,
          0.56640625,
          0.5703125,
          0.57421875,
          0.578125,
          0.58203125,
          0.5859375,
          0.58984375,
          0.59375,
          0.59765625,
          0.6015625,
          0.60546875,
          0.609375,
          0.61328125,
          0.6171875,
          0.62109375,
          0.625,
          0.62890625,
          0.6328125,
          0.63671875,
          0.640625,
          0.64453125,
          0.6484375,
          0.65234375,
          0.65625,
          0.66015625,
          0.6640625,
          0.66796875,
          0.671875,
          0.67578125,
          0.6796875,
          0.68359375,
          0.6875,
          0.69140625,
          0.6953125,
          0.69921875,
          0.703125,
          0.70703125,
          0.7109375,
          0.71484375,
          0.71875,
          0.72265625,
          0.7265625,
          0.73046875,
          0.734375,
          0.73828125,
          0.7421875,
          0.74609375,
          0.75,
          0.75390625,
          0.7578125,
          0.76171875,
          0.765625,
          0.76953125,
          0.7734375,
          0.77734375,
          0.78125,
          0.78515625,
          0.7890625,
          0.79296875,
          0.796875,
          0.80078125,
          0.8046875,
          0.80859375,
          0.8125,
          0.81640625,
          0.8203125,
          0.82421875,
          0.828125,
          0.83203125,
          0.8359375,
          0.83984375,
          0.84375,
          0.84765625,
          0.8515625,
          0.85546875,
          0.859375,
          0.86328125,
          0.8671875,
          0.87109375,
          0.875,
          0.87890625,
          0.8828125,
          0.88671875,
          0.890625,
          0.89453125,
          0.8984375,
          0.90234375,
          0.90625,
          0.91015625,
          0.9140625,
          0.91796875,
          0.921875,
          0.92578125,
          0.9296875,
          0.93359375,
          0.9375,
          0.94140625,
          0.9453125,
          0.94921875,
          0.953125,
          0.95703125,
          0.9609375,
          0.96484375,
          0.96875,
          0.97265625,
          0.9765625,
          0.98046875,
          0.984375,
          0.98828125,
          0.9921875,
          0.99609375
        ]
      },
      "order": 16,
      "dofs": {
        "$type": "ref",
        "value": "140494026425840"
      }
    },
    "140493972996752": {
      "@module": "simsopt._core.optimizable",
      "@class": "DOFs",
      "@name": "140493972996752",
      "@version": "0.1.dev5270+gee055f063",
      "x": {
        "@module": "numpy",
        "@class": "array",
        "dtype": "float64",
        "data": [
          0.031592020988433625
        ]
      },
      "names": [
        "x0"
      ],
      "free": {
        "@module": "numpy",
        "@class": "array",
        "dtype": "bool",
        "data": [
          true
        ]
      },
      "lower_bounds": {
        "@module": "numpy",
        "@class": "array",
        "dtype": "float64",
        "data": [
          -Infinity
        ]
      },
      "upper_bounds": {
        "@module": "numpy",
        "@class": "array",
        "dtype": "float64",
        "data": [
          Infinity
        ]
      }
    },
    "Current10": {
      "@module": "simsopt.field.coil",
      "@class": "Current",
      "@name": "Current10",
      "@version": "0.1.dev5270+gee055f063",
      "current": 0.031592020988433625,
      "dofs": {
        "$type": "ref",
        "value": "140493972996752"
      }
    },
    "ScaledCurrent26": {
      "@module": "simsopt.field.coil",
      "@class": "ScaledCurrent",
      "@name": "ScaledCurrent26",
      "@version": "0.1.dev5270+gee055f063",
      "current_to_scale": {
        "$type": "ref",
        "value": "Current10"
      },
      "scale": 10000000.0
    },
    "RegularizedCoil34": {
      "@module": "simsopt.field.coil",
      "@class": "RegularizedCoil",
      "@name": "RegularizedCoil34",
      "@version": "0.1.dev5270+gee055f063",
      "curve": {
        "$type": "ref",
        "value": "CurveXYZFourier2"
      },
      "current": {
        "$type": "ref",
        "value": "ScaledCurrent26"
      },
      "regularization": {
        "@module": "numpy",
        "@class": "array",
        "dtype": "float64",
        "data": 0.0009704490555402135
      }
    },
    "140494026426608": {
      "@module": "simsopt._core.optimizable",
      "@class": "DOFs",
      "@name": "140494026426608",
      "@version": "0.1.dev5270+gee055f063",
      "x": {
        "@module": "numpy",
        "@class": "array",
        "dtype": "float64",
        "data": [
          0.6641050505283778,
          0.07521945796088358,
          0.14698584656161628,
          -0.06066289403582816,
          -0.052365682272147586,
          0.02626379359336736,
          -0.014327913858258302,
          0.009021910511991513,
          0.013903464020271447,
          -0.01008399532232401,
          0.008623742044837233,
          -0.0017776314637574385,
          -0.006914259591426577,
          0.002478385535527124,
          -0.0014418581474005578,
          0.0015593994964986043,
          0.001966961121136297,
          -0.0026081898974939332,
          0.001296023652443299,
          -0.0005557095141795008,
          -0.0023485335017056027,
          0.0020834074597955088,
          0.00034023328498942074,
          -0.0004690258193672106,
          0.0010163264315145631,
          -0.0005248869099953238,
          -0.00023564146332601132,
          0.0005466937510864745,
          -0.0003105810476531012,
          -5.6403870159250815e-05,
          0.0004087563382582931,
          -5.087546561910944e-05,
          -9.043534041113599e-05,
          0.8072573493157948,
          -0.02299969404006588,
          0.2571010057734365,
          -0.0313211037604815,
          -0.04545286346695082,
          0.002591397828467408,
          -0.02329125079424318,
          0.01588383173270726,
          -0.00306137484363075,
          -0.004531558572711868,
          0.011614771231744663,
          -0.005756514969598939,
          -0.00044322477030712975,
          0.0018248937815213472,
          -0.0057250399496864635,
          0.0038053682437877434,
          0.0023417846179587965,
          -0.0014929903247995148,
          0.0018208749876469056,
          -0.0011955163877379093,
          -0.0010999819217260085,
          0.0006643995840755467,
          -0.0011301927444775492,
          0.000295848702272628,
          0.00021642138549105876,
          -0.0006404520314703523,
          0.00032069482913030543,
          -1.3349615301911124e-05,
          -0.00020864893109713052,
          -0.00026768206869975985,
          -0.00022988778651789773,
          0.00016118042462180744,
          4.400043133788955e-07,
          0.170803937763738,
          -0.331286973485784,
          0.03349052553020005,
          0.06552947889812301,
          -0.10523210139484836,
          0.0357183237245795,
          0.01373524728455931,
          -0.006428768137478668,
          0.008451786769205836,
          -0.0018567017800957069,
          -0.006433701477824923,
          0.0015383432707266609,
          0.0032213678566315046,
          0.0023488839959585335,
          -0.0004611561960470339,
          -0.0009508474823583518,
          0.005387482989466431,
          -0.0036254648540516546,
          -0.003400148799177891,
          0.0027257411907214524,
          -0.0021225477026058613,
          0.0008073033210608362,
          0.0008268254517691724,
          -0.001387876297821221,
          0.000590933909655935,
          -0.0008036904042091552,
          -0.0012135496652615255,
          0.00012726639195786638,
          -2.1225054845038885e-07,
          -0.0003038155956826805,
          -0.00047831859237400297,
          0.00021949471655125158,
          -6.528362312400982e-06
        ]
      },
      "names": [
        "xc(0)",
        "xs(1)",
        "xc(1)",
        "xs(2)",
        "xc(2)",
        "xs(3)",
        "xc(3)",
        "xs(4)",
        "xc(4)",
        "xs(5)",
        "xc(5)",
        "xs(6)",
        "xc(6)",
        "xs(7)",
        "xc(7)",
        "xs(8)",
        "xc(8)",
        "xs(9)",
        "xc(9)",
        "xs(10)",
        "xc(10)",
        "xs(11)",
        "xc(11)",
        "xs(12)",
        "xc(12)",
        "xs(13)",
        "xc(13)",
        "xs(14)",
        "xc(14)",
        "xs(15)",
        "xc(15)",
        "xs(16)",
        "xc(16)",
        "yc(0)",
        "ys(1)",
        "yc(1)",
        "ys(2)",
        "yc(2)",
        "ys(3)",
        "yc(3)",
        "ys(4)",
        "yc(4)",
        "ys(5)",
        "yc(5)",
        "ys(6)",
        "yc(6)",
        "ys(7)",
        "yc(7)",
        "ys(8)",
        "yc(8)",
        "ys(9)",
        "yc(9)",
        "ys(10)",
        "yc(10)",
        "ys(11)",
        "yc(11)",
        "ys(12)",
        "yc(12)",
        "ys(13)",
        "yc(13)",
        "ys(14)",
        "yc(14)",
        "ys(15)",
        "yc(15)",
        "ys(16)",
        "yc(16)",
        "zc(0)",
        "zs(1)",
        "zc(1)",
        "zs(2)",
        "zc(2)",
        "zs(3)",
        "zc(3)",
        "zs(4)",
        "zc(4)",
        "zs(5)",
        "zc(5)",
        "zs(6)",
        "zc(6)",
        "zs(7)",
        "zc(7)",
        "zs(8)",
        "zc(8)",
        "zs(9)",
        "zc(9)",
        "zs(10)",
        "zc(10)",
        "zs(11)",
        "zc(11)",
        "zs(12)",
        "zc(12)",
        "zs(13)",
        "zc(13)",
        "zs(14)",
        "zc(14)",
        "zs(15)",
        "zc(15)",
        "zs(16)",
        "zc(16)"
      ],
      "free": {
        "@module": "numpy",
        "@class": "array",
        "dtype": "bool",
        "data": [
          true,
          true,
          true,
          true,
          true,
          true,
          true,
          true,
          true,
          true,
          true,
          true,
          true,
          true,
          true,
          true,
          true,
          true,
          true,
          true,
          true,
          true,
          true,
          true,
          true,
          true,
          true,
          true,
          true,
          true,
          true,
          true,
          true,
          true,
          true,
          true,
          true,
          true,
          true,
          true,
          true,
          true,
          true,
          true,
          true,
          true,
          true,
          true,
          true,
          true,
          true,
          true,
          true,
          true,
          true,
          true,
          true,
          true,
          true,
          true,
          true,
          true,
          true,
          true,
          true,
          true,
          true,
          true,
          true,
          true,
          true,
          true,
          true,
          true,
          true,
          true,
          true,
          true,
          true,
          true,
          true,
          true,
          true,
          true,
          true,
          true,
          true,
          true,
          true,
          true,
          true,
          true,
          true,
          true,
          true,
          true,
          true,
          true,
          true
        ]
      },
      "lower_bounds": {
        "@module": "numpy",
        "@class": "array",
        "dtype": "float64",
        "data": [
          -Infinity,
          -Infinity,
          -Infinity,
          -Infinity,
          -Infinity,
          -Infinity,
          -Infinity,
          -Infinity,
          -Infinity,
          -Infinity,
          -Infinity,
          -Infinity,
          -Infinity,
          -Infinity,
          -Infinity,
          -Infinity,
          -Infinity,
          -Infinity,
          -Infinity,
          -Infinity,
          -Infinity,
          -Infinity,
          -Infinity,
          -Infinity,
          -Infinity,
          -Infinity,
          -Infinity,
          -Infinity,
          -Infinity,
          -Infinity,
          -Infinity,
          -Infinity,
          -Infinity,
          -Infinity,
          -Infinity,
          -Infinity,
          -Infinity,
          -Infinity,
          -Infinity,
          -Infinity,
          -Infinity,
          -Infinity,
          -Infinity,
          -Infinity,
          -Infinity,
          -Infinity,
          -Infinity,
          -Infinity,
          -Infinity,
          -Infinity,
          -Infinity,
          -Infinity,
          -Infinity,
          -Infinity,
          -Infinity,
          -Infinity,
          -Infinity,
          -Infinity,
          -Infinity,
          -Infinity,
          -Infinity,
          -Infinity,
          -Infinity,
          -Infinity,
          -Infinity,
          -Infinity,
          -Infinity,
          -Infinity,
          -Infinity,
          -Infinity,
          -Infinity,
          -Infinity,
          -Infinity,
          -Infinity,
          -Infinity,
          -Infinity,
          -Infinity,
          -Infinity,
          -Infinity,
          -Infinity,
          -Infinity,
          -Infinity,
          -Infinity,
          -Infinity,
          -Infinity,
          -Infinity,
          -Infinity,
          -Infinity,
          -Infinity,
          -Infinity,
          -Infinity,
          -Infinity,
          -Infinity,
          -Infinity,
          -Infinity,
          -Infinity,
          -Infinity,
          -Infinity,
          -Infinity
        ]
      },
      "upper_bounds": {
        "@module": "numpy",
        "@class": "array",
        "dtype": "float64",
        "data": [
          Infinity,
          Infinity,
          Infinity,
          Infinity,
          Infinity,
          Infinity,
          Infinity,
          Infinity,
          Infinity,
          Infinity,
          Infinity,
          Infinity,
          Infinity,
          Infinity,
          Infinity,
          Infinity,
          Infinity,
          Infinity,
          Infinity,
          Infinity,
          Infinity,
          Infinity,
          Infinity,
          Infinity,
          Infinity,
          Infinity,
          Infinity,
          Infinity,
          Infinity,
          Infinity,
          Infinity,
          Infinity,
          Infinity,
          Infinity,
          Infinity,
          Infinity,
          Infinity,
          Infinity,
          Infinity,
          Infinity,
          Infinity,
          Infinity,
          Infinity,
          Infinity,
          Infinity,
          Infinity,
          Infinity,
          Infinity,
          Infinity,
          Infinity,
          Infinity,
          Infinity,
          Infinity,
          Infinity,
          Infinity,
          Infinity,
          Infinity,
          Infinity,
          Infinity,
          Infinity,
          Infinity,
          Infinity,
          Infinity,
          Infinity,
          Infinity,
          Infinity,
          Infinity,
          Infinity,
          Infinity,
          Infinity,
          Infinity,
          Infinity,
          Infinity,
          Infinity,
          Infinity,
          Infinity,
          Infinity,
          Infinity,
          Infinity,
          Infinity,
          Infinity,
          Infinity,
          Infinity,
          Infinity,
          Infinity,
          Infinity,
          Infinity,
          Infinity,
          Infinity,
          Infinity,
          Infinity,
          Infinity,
          Infinity,
          Infinity,
          Infinity,
          Infinity,
          Infinity,
          Infinity,
          Infinity
        ]
      }
    },
    "CurveXYZFourier3": {
      "@module": "simsopt.geo.curvexyzfourier",
      "@class": "CurveXYZFourier",
      "@name": "CurveXYZFourier3",
      "@version": "0.1.dev5270+gee055f063",
      "quadpoints": {
        "@module": "numpy",
        "@class": "array",
        "dtype": "float64",
        "data": [
          0.0,
          0.00390625,
          0.0078125,
          0.01171875,
          0.015625,
          0.01953125,
          0.0234375,
          0.02734375,
          0.03125,
          0.03515625,
          0.0390625,
          0.04296875,
          0.046875,
          0.05078125,
          0.0546875,
          0.05859375,
          0.0625,
          0.06640625,
          0.0703125,
          0.07421875,
          0.078125,
          0.08203125,
          0.0859375,
          0.08984375,
          0.09375,
          0.09765625,
          0.1015625,
          0.10546875,
          0.109375,
          0.11328125,
          0.1171875,
          0.12109375,
          0.125,
          0.12890625,
          0.1328125,
          0.13671875,
          0.140625,
          0.14453125,
          0.1484375,
          0.15234375,
          0.15625,
          0.16015625,
          0.1640625,
          0.16796875,
          0.171875,
          0.17578125,
          0.1796875,
          0.18359375,
          0.1875,
          0.19140625,
          0.1953125,
          0.19921875,
          0.203125,
          0.20703125,
          0.2109375,
          0.21484375,
          0.21875,
          0.22265625,
          0.2265625,
          0.23046875,
          0.234375,
          0.23828125,
          0.2421875,
          0.24609375,
          0.25,
          0.25390625,
          0.2578125,
          0.26171875,
          0.265625,
          0.26953125,
          0.2734375,
          0.27734375,
          0.28125,
          0.28515625,
          0.2890625,
          0.29296875,
          0.296875,
          0.30078125,
          0.3046875,
          0.30859375,
          0.3125,
          0.31640625,
          0.3203125,
          0.32421875,
          0.328125,
          0.33203125,
          0.3359375,
          0.33984375,
          0.34375,
          0.34765625,
          0.3515625,
          0.35546875,
          0.359375,
          0.36328125,
          0.3671875,
          0.37109375,
          0.375,
          0.37890625,
          0.3828125,
          0.38671875,
          0.390625,
          0.39453125,
          0.3984375,
          0.40234375,
          0.40625,
          0.41015625,
          0.4140625,
          0.41796875,
          0.421875,
          0.42578125,
          0.4296875,
          0.43359375,
          0.4375,
          0.44140625,
          0.4453125,
          0.44921875,
          0.453125,
          0.45703125,
          0.4609375,
          0.46484375,
          0.46875,
          0.47265625,
          0.4765625,
          0.48046875,
          0.484375,
          0.48828125,
          0.4921875,
          0.49609375,
          0.5,
          0.50390625,
          0.5078125,
          0.51171875,
          0.515625,
          0.51953125,
          0.5234375,
          0.52734375,
          0.53125,
          0.53515625,
          0.5390625,
          0.54296875,
          0.546875,
          0.55078125,
          0.5546875,
          0.55859375,
          0.5625,
          0.56640625,
          0.5703125,
          0.57421875,
          0.578125,
          0.58203125,
          0.5859375,
          0.58984375,
          0.59375,
          0.59765625,
          0.6015625,
          0.60546875,
          0.609375,
          0.61328125,
          0.6171875,
          0.62109375,
          0.625,
          0.62890625,
          0.6328125,
          0.63671875,
          0.640625,
          0.64453125,
          0.6484375,
          0.65234375,
          0.65625,
          0.66015625,
          0.6640625,
          0.66796875,
          0.671875,
          0.67578125,
          0.6796875,
          0.68359375,
          0.6875,
          0.69140625,
          0.6953125,
          0.69921875,
          0.703125,
          0.70703125,
          0.7109375,
          0.71484375,
          0.71875,
          0.72265625,
          0.7265625,
          0.73046875,
          0.734375,
          0.73828125,
          0.7421875,
          0.74609375,
          0.75,
          0.75390625,
          0.7578125,
          0.76171875,
          0.765625,
          0.76953125,
          0.7734375,
          0.77734375,
          0.78125,
          0.78515625,
          0.7890625,
          0.79296875,
          0.796875,
          0.80078125,
          0.8046875,
          0.80859375,
          0.8125,
          0.81640625,
          0.8203125,
          0.82421875,
          0.828125,
          0.83203125,
          0.8359375,
          0.83984375,
          0.84375,
          0.84765625,
          0.8515625,
          0.85546875,
          0.859375,
          0.86328125,
          0.8671875,
          0.87109375,
          0.875,
          0.87890625,
          0.8828125,
          0.88671875,
          0.890625,
          0.89453125,
          0.8984375,
          0.90234375,
          0.90625,
          0.91015625,
          0.9140625,
          0.91796875,
          0.921875,
          0.92578125,
          0.9296875,
          0.93359375,
          0.9375,
          0.94140625,
          0.9453125,
          0.94921875,
          0.953125,
          0.95703125,
          0.9609375,
          0.96484375,
          0.96875,
          0.97265625,
          0.9765625,
          0.98046875,
          0.984375,
          0.98828125,
          0.9921875,
          0.99609375
        ]
      },
      "order": 16,
      "dofs": {
        "$type": "ref",
        "value": "140494026426608"
      }
    },
    "140493972997904": {
      "@module": "simsopt._core.optimizable",
      "@class": "DOFs",
      "@name": "140493972997904",
      "@version": "0.1.dev5270+gee055f063",
      "x": {
        "@module": "numpy",
        "@class": "array",
        "dtype": "float64",
        "data": [
          0.03276048879712949
        ]
      },
      "names": [
        "x0"
      ],
      "free": {
        "@module": "numpy",
        "@class": "array",
        "dtype": "bool",
        "data": [
          true
        ]
      },
      "lower_bounds": {
        "@module": "numpy",
        "@class": "array",
        "dtype": "float64",
        "data": [
          -Infinity
        ]
      },
      "upper_bounds": {
        "@module": "numpy",
        "@class": "array",
        "dtype": "float64",
        "data": [
          Infinity
        ]
      }
    },
    "Current11": {
      "@module": "simsopt.field.coil",
      "@class": "Current",
      "@name": "Current11",
      "@version": "0.1.dev5270+gee055f063",
      "current": 0.03276048879712949,
      "dofs": {
        "$type": "ref",
        "value": "140493972997904"
      }
    },
    "ScaledCurrent27": {
      "@module": "simsopt.field.coil",
      "@class": "ScaledCurrent",
      "@name": "ScaledCurrent27",
      "@version": "0.1.dev5270+gee055f063",
      "current_to_scale": {
        "$type": "ref",
        "value": "Current11"
      },
      "scale": 10000000.0
    },
    "RegularizedCoil35": {
      "@module": "simsopt.field.coil",
      "@class": "RegularizedCoil",
      "@name": "RegularizedCoil35",
      "@version": "0.1.dev5270+gee055f063",
      "curve": {
        "$type": "ref",
        "value": "CurveXYZFourier3"
      },
      "current": {
        "$type": "ref",
        "value": "ScaledCurrent27"
      },
      "regularization": {
        "@module": "numpy",
        "@class": "array",
        "dtype": "float64",
        "data": 0.0009704490555402135
      }
    },
    "140494026427376": {
      "@module": "simsopt._core.optimizable",
      "@class": "DOFs",
      "@name": "140494026427376",
      "@version": "0.1.dev5270+gee055f063",
      "x": {
        "@module": "numpy",
        "@class": "array",
        "dtype": "float64",
        "data": [
          0.42134172869676306,
          6.341853374848628e-05,
          -0.010629673868161101,
          0.03142164641541055,
          0.0221480455951927,
          0.027664503803543992,
          0.031133974073290358,
          0.009956223360863345,
          0.02025780244771001,
          0.004658866552155825,
          0.008982512035434159,
          0.004010620775668861,
          0.00514345415808521,
          0.0013530036007631473,
          0.0033193512952377556,
          -0.0003400075044744168,
          0.001694810952284806,
          -0.0008595061096433432,
          0.0005792226997228491,
          -0.0012222593769032992,
          0.0003976527663555678,
          -0.0010119501316838877,
          0.0003541852711798056,
          -0.0008755066997943965,
          0.00022074437191370837,
          -0.0005203878561577033,
          5.314476671225468e-05,
          -0.0002955597139744503,
          4.8772687402419986e-05,
          -0.00023005289573023314,
          4.660278484646074e-05,
          -7.007217491098823e-05,
          1.175314295436157e-06,
          1.4643419737100494,
          -0.012831735184962839,
          0.27680411567019464,
          -0.008084338874881133,
          0.15216760676734137,
          -0.0016087350355999234,
          0.07986070676899659,
          0.00481216025283873,
          0.04864244341899547,
          0.003819355608262112,
          0.02773574913200381,
          0.0022276944259610977,
          0.01416799412726561,
          0.001221973597856405,
          0.0065230465029425715,
          -0.0006940375796090357,
          0.002563224917053695,
          -0.0016166109757998783,
          0.0006894320905232275,
          -0.0024081487177170296,
          -0.00010392996834571956,
          -0.0027881018612987015,
          -0.000572411145146789,
          -0.0024117165058577736,
          -0.0007337516545010455,
          -0.0017201386741954507,
          -0.0004619780601025797,
          -0.0010975571710575985,
          0.00015253185640034142,
          -0.0005022449342366389,
          0.00017317439901844196,
          -3.58981688913992e-05,
          -8.809402565568401e-06,
          -0.010997485009564024,
          -0.2707484095699957,
          -0.01542424755275461,
          -0.14943937188286432,
          -0.009009722774472923,
          -0.07057902840555157,
          -0.008394541832336493,
          -0.04428736887613653,
          0.0075612153292135,
          -0.02563973468013984,
          0.0025127690201359435,
          -0.012608624845710086,
          -0.0011005187538298711,
          -0.004931151935551185,
          -0.0010051053911053127,
          -0.0015835015234442276,
          -0.0020993830707711335,
          -0.0001643992236163596,
          -0.0027470343291537635,
          0.000306042323779832,
          -0.0020920190636765047,
          0.00017355167792844456,
          -0.002341563373309459,
          -5.303960551823511e-05,
          -0.0019018094221608408,
          0.0002696072182469396,
          -0.001412037640601754,
          0.00023127948457302348,
          -0.0008105476900514985,
          -0.00030526992338869786,
          -0.0005888307301324292,
          -5.039412942386784e-05,
          -0.0001616798488419521
        ]
      },
      "names": [
        "xc(0)",
        "xs(1)",
        "xc(1)",
        "xs(2)",
        "xc(2)",
        "xs(3)",
        "xc(3)",
        "xs(4)",
        "xc(4)",
        "xs(5)",
        "xc(5)",
        "xs(6)",
        "xc(6)",
        "xs(7)",
        "xc(7)",
        "xs(8)",
        "xc(8)",
        "xs(9)",
        "xc(9)",
        "xs(10)",
        "xc(10)",
        "xs(11)",
        "xc(11)",
        "xs(12)",
        "xc(12)",
        "xs(13)",
        "xc(13)",
        "xs(14)",
        "xc(14)",
        "xs(15)",
        "xc(15)",
        "xs(16)",
        "xc(16)",
        "yc(0)",
        "ys(1)",
        "yc(1)",
        "ys(2)",
        "yc(2)",
        "ys(3)",
        "yc(3)",
        "ys(4)",
        "yc(4)",
        "ys(5)",
        "yc(5)",
        "ys(6)",
        "yc(6)",
        "ys(7)",
        "yc(7)",
        "ys(8)",
        "yc(8)",
        "ys(9)",
        "yc(9)",
        "ys(10)",
        "yc(10)",
        "ys(11)",
        "yc(11)",
        "ys(12)",
        "yc(12)",
        "ys(13)",
        "yc(13)",
        "ys(14)",
        "yc(14)",
        "ys(15)",
        "yc(15)",
        "ys(16)",
        "yc(16)",
        "zc(0)",
        "zs(1)",
        "zc(1)",
        "zs(2)",
        "zc(2)",
        "zs(3)",
        "zc(3)",
        "zs(4)",
        "zc(4)",
        "zs(5)",
        "zc(5)",
        "zs(6)",
        "zc(6)",
        "zs(7)",
        "zc(7)",
        "zs(8)",
        "zc(8)",
        "zs(9)",
        "zc(9)",
        "zs(10)",
        "zc(10)",
        "zs(11)",
        "zc(11)",
        "zs(12)",
        "zc(12)",
        "zs(13)",
        "zc(13)",
        "zs(14)",
        "zc(14)",
        "zs(15)",
        "zc(15)",
        "zs(16)",
        "zc(16)"
      ],
      "free": {
        "@module": "numpy",
        "@class": "array",
        "dtype": "bool",
        "data": [
          true,
          true,
          true,
          true,
          true,
          true,
          true,
          true,
          true,
          true,
          true,
          true,
          true,
          true,
          true,
          true,
          true,
          true,
          true,
          true,
          true,
          true,
          true,
          true,
          true,
          true,
          true,
          true,
          true,
          true,
          true,
          true,
          true,
          true,
          true,
          true,
          true,
          true,
          true,
          true,
          true,
          true,
          true,
          true,
          true,
          true,
          true,
          true,
          true,
          true,
          true,
          true,
          true,
          true,
          true,
          true,
          true,
          true,
          true,
          true,
          true,
          true,
          true,
          true,
          true,
          true,
          true,
          true,
          true,
          true,
          true,
          true,
          true,
          true,
          true,
          true,
          true,
          true,
          true,
          true,
          true,
          true,
          true,
          true,
          true,
          true,
          true,
          true,
          true,
          true,
          true,
          true,
          true,
          true,
          true,
          true,
          true,
          true,
          true
        ]
      },
      "lower_bounds": {
        "@module": "numpy",
        "@class": "array",
        "dtype": "float64",
        "data": [
          -Infinity,
          -Infinity,
          -Infinity,
          -Infinity,
          -Infinity,
          -Infinity,
          -Infinity,
          -Infinity,
          -Infinity,
          -Infinity,
          -Infinity,
          -Infinity,
          -Infinity,
          -Infinity,
          -Infinity,
          -Infinity,
          -Infinity,
          -Infinity,
          -Infinity,
          -Infinity,
          -Infinity,
          -Infinity,
          -Infinity,
          -Infinity,
          -Infinity,
          -Infinity,
          -Infinity,
          -Infinity,
          -Infinity,
          -Infinity,
          -Infinity,
          -Infinity,
          -Infinity,
          -Infinity,
          -Infinity,
          -Infinity,
          -Infinity,
          -Infinity,
          -Infinity,
          -Infinity,
          -Infinity,
          -Infinity,
          -Infinity,
          -Infinity,
          -Infinity,
          -Infinity,
          -Infinity,
          -Infinity,
          -Infinity,
          -Infinity,
          -Infinity,
          -Infinity,
          -Infinity,
          -Infinity,
          -Infinity,
          -Infinity,
          -Infinity,
          -Infinity,
          -Infinity,
          -Infinity,
          -Infinity,
          -Infinity,
          -Infinity,
          -Infinity,
          -Infinity,
          -Infinity,
          -Infinity,
          -Infinity,
          -Infinity,
          -Infinity,
          -Infinity,
          -Infinity,
          -Infinity,
          -Infinity,
          -Infinity,
          -Infinity,
          -Infinity,
          -Infinity,
          -Infinity,
          -Infinity,
          -Infinity,
          -Infinity,
          -Infinity,
          -Infinity,
          -Infinity,
          -Infinity,
          -Infinity,
          -Infinity,
          -Infinity,
          -Infinity,
          -Infinity,
          -Infinity,
          -Infinity,
          -Infinity,
          -Infinity,
          -Infinity,
          -Infinity,
          -Infinity,
          -Infinity
        ]
      },
      "upper_bounds": {
        "@module": "numpy",
        "@class": "array",
        "dtype": "float64",
        "data": [
          Infinity,
          Infinity,
          Infinity,
          Infinity,
          Infinity,
          Infinity,
          Infinity,
          Infinity,
          Infinity,
          Infinity,
          Infinity,
          Infinity,
          Infinity,
          Infinity,
          Infinity,
          Infinity,
          Infinity,
          Infinity,
          Infinity,
          Infinity,
          Infinity,
          Infinity,
          Infinity,
          Infinity,
          Infinity,
          Infinity,
          Infinity,
          Infinity,
          Infinity,
          Infinity,
          Infinity,
          Infinity,
          Infinity,
          Infinity,
          Infinity,
          Infinity,
          Infinity,
          Infinity,
          Infinity,
          Infinity,
          Infinity,
          Infinity,
          Infinity,
          Infinity,
          Infinity,
          Infinity,
          Infinity,
          Infinity,
          Infinity,
          Infinity,
          Infinity,
          Infinity,
          Infinity,
          Infinity,
          Infinity,
          Infinity,
          Infinity,
          Infinity,
          Infinity,
          Infinity,
          Infinity,
          Infinity,
          Infinity,
          Infinity,
          Infinity,
          Infinity,
          Infinity,
          Infinity,
          Infinity,
          Infinity,
          Infinity,
          Infinity,
          Infinity,
          Infinity,
          Infinity,
          Infinity,
          Infinity,
          Infinity,
          Infinity,
          Infinity,
          Infinity,
          Infinity,
          Infinity,
          Infinity,
          Infinity,
          Infinity,
          Infinity,
          Infinity,
          Infinity,
          Infinity,
          Infinity,
          Infinity,
          Infinity,
          Infinity,
          Infinity,
          Infinity,
          Infinity,
          Infinity,
          Infinity
        ]
      }
    },
    "CurveXYZFourier4": {
      "@module": "simsopt.geo.curvexyzfourier",
      "@class": "CurveXYZFourier",
      "@name": "CurveXYZFourier4",
      "@version": "0.1.dev5270+gee055f063",
      "quadpoints": {
        "@module": "numpy",
        "@class": "array",
        "dtype": "float64",
        "data": [
          0.0,
          0.00390625,
          0.0078125,
          0.01171875,
          0.015625,
          0.01953125,
          0.0234375,
          0.02734375,
          0.03125,
          0.03515625,
          0.0390625,
          0.04296875,
          0.046875,
          0.05078125,
          0.0546875,
          0.05859375,
          0.0625,
          0.06640625,
          0.0703125,
          0.07421875,
          0.078125,
          0.08203125,
          0.0859375,
          0.08984375,
          0.09375,
          0.09765625,
          0.1015625,
          0.10546875,
          0.109375,
          0.11328125,
          0.1171875,
          0.12109375,
          0.125,
          0.12890625,
          0.1328125,
          0.13671875,
          0.140625,
          0.14453125,
          0.1484375,
          0.15234375,
          0.15625,
          0.16015625,
          0.1640625,
          0.16796875,
          0.171875,
          0.17578125,
          0.1796875,
          0.18359375,
          0.1875,
          0.19140625,
          0.1953125,
          0.19921875,
          0.203125,
          0.20703125,
          0.2109375,
          0.21484375,
          0.21875,
          0.22265625,
          0.2265625,
          0.23046875,
          0.234375,
          0.23828125,
          0.2421875,
          0.24609375,
          0.25,
          0.25390625,
          0.2578125,
          0.26171875,
          0.265625,
          0.26953125,
          0.2734375,
          0.27734375,
          0.28125,
          0.28515625,
          0.2890625,
          0.29296875,
          0.296875,
          0.30078125,
          0.3046875,
          0.30859375,
          0.3125,
          0.31640625,
          0.3203125,
          0.32421875,
          0.328125,
          0.33203125,
          0.3359375,
          0.33984375,
          0.34375,
          0.34765625,
          0.3515625,
          0.35546875,
          0.359375,
          0.36328125,
          0.3671875,
          0.37109375,
          0.375,
          0.37890625,
          0.3828125,
          0.38671875,
          0.390625,
          0.39453125,
          0.3984375,
          0.40234375,
          0.40625,
          0.41015625,
          0.4140625,
          0.41796875,
          0.421875,
          0.42578125,
          0.4296875,
          0.43359375,
          0.4375,
          0.44140625,
          0.4453125,
          0.44921875,
          0.453125,
          0.45703125,
          0.4609375,
          0.46484375,
          0.46875,
          0.47265625,
          0.4765625,
          0.48046875,
          0.484375,
          0.48828125,
          0.4921875,
          0.49609375,
          0.5,
          0.50390625,
          0.5078125,
          0.51171875,
          0.515625,
          0.51953125,
          0.5234375,
          0.52734375,
          0.53125,
          0.53515625,
          0.5390625,
          0.54296875,
          0.546875,
          0.55078125,
          0.5546875,
          0.55859375,
          0.5625,
          0.56640625,
          0.5703125,
          0.57421875,
          0.578125,
          0.58203125,
          0.5859375,
          0.58984375,
          0.59375,
          0.59765625,
          0.6015625,
          0.60546875,
          0.609375,
          0.61328125,
          0.6171875,
          0.62109375,
          0.625,
          0.62890625,
          0.6328125,
          0.63671875,
          0.640625,
          0.64453125,
          0.6484375,
          0.65234375,
          0.65625,
          0.66015625,
          0.6640625,
          0.66796875,
          0.671875,
          0.67578125,
          0.6796875,
          0.68359375,
          0.6875,
          0.69140625,
          0.6953125,
          0.69921875,
          0.703125,
          0.70703125,
          0.7109375,
          0.71484375,
          0.71875,
          0.72265625,
          0.7265625,
          0.73046875,
          0.734375,
          0.73828125,
          0.7421875,
          0.74609375,
          0.75,
          0.75390625,
          0.7578125,
          0.76171875,
          0.765625,
          0.76953125,
          0.7734375,
          0.77734375,
          0.78125,
          0.78515625,
          0.7890625,
          0.79296875,
          0.796875,
          0.80078125,
          0.8046875,
          0.80859375,
          0.8125,
          0.81640625,
          0.8203125,
          0.82421875,
          0.828125,
          0.83203125,
          0.8359375,
          0.83984375,
          0.84375,
          0.84765625,
          0.8515625,
          0.85546875,
          0.859375,
          0.86328125,
          0.8671875,
          0.87109375,
          0.875,
          0.87890625,
          0.8828125,
          0.88671875,
          0.890625,
          0.89453125,
          0.8984375,
          0.90234375,
          0.90625,
          0.91015625,
          0.9140625,
          0.91796875,
          0.921875,
          0.92578125,
          0.9296875,
          0.93359375,
          0.9375,
          0.94140625,
          0.9453125,
          0.94921875,
          0.953125,
          0.95703125,
          0.9609375,
          0.96484375,
          0.96875,
          0.97265625,
          0.9765625,
          0.98046875,
          0.984375,
          0.98828125,
          0.9921875,
          0.99609375
        ]
      },
      "order": 16,
      "dofs": {
        "$type": "ref",
        "value": "140494026427376"
      }
    },
    "140493972999056": {
      "@module": "simsopt._core.optimizable",
      "@class": "DOFs",
      "@name": "140493972999056",
      "@version": "0.1.dev5270+gee055f063",
      "x": {
        "@module": "numpy",
        "@class": "array",
        "dtype": "float64",
        "data": [
          1249984.3233504083
        ]
      },
      "names": [
        "x0"
      ],
      "free": {
        "@module": "numpy",
        "@class": "array",
        "dtype": "bool",
        "data": [
          false
        ]
      },
      "lower_bounds": {
        "@module": "numpy",
        "@class": "array",
        "dtype": "float64",
        "data": [
          -Infinity
        ]
      },
      "upper_bounds": {
        "@module": "numpy",
        "@class": "array",
        "dtype": "float64",
        "data": [
          Infinity
        ]
      }
    },
    "Current12": {
      "@module": "simsopt.field.coil",
      "@class": "Current",
      "@name": "Current12",
      "@version": "0.1.dev5270+gee055f063",
      "current": 1249984.3233504083,
      "dofs": {
        "$type": "ref",
        "value": "140493972999056"
      }
    },
    "CurrentSum7": {
      "@module": "simsopt.field.coil",
      "@class": "CurrentSum",
      "@name": "CurrentSum7",
      "@version": "0.1.dev5270+gee055f063",
      "current_a": {
        "$type": "ref",
        "value": "ScaledCurrent25"
      },
      "current_b": {
        "$type": "ref",
        "value": "ScaledCurrent26"
      }
    },
    "CurrentSum8": {
      "@module": "simsopt.field.coil",
      "@class": "CurrentSum",
      "@name": "CurrentSum8",
      "@version": "0.1.dev5270+gee055f063",
      "current_a": {
        "$type": "ref",
        "value": "CurrentSum7"
      },
      "current_b": {
        "$type": "ref",
        "value": "ScaledCurrent27"
      }
    },
    "ScaledCurrent28": {
      "@module": "simsopt.field.coil",
      "@class": "ScaledCurrent",
      "@name": "ScaledCurrent28",
      "@version": "0.1.dev5270+gee055f063",
      "current_to_scale": {
        "$type": "ref",
        "value": "CurrentSum8"
      },
      "scale": -1.0
    },
    "CurrentSum9": {
      "@module": "simsopt.field.coil",
      "@class": "CurrentSum",
      "@name": "CurrentSum9",
      "@version": "0.1.dev5270+gee055f063",
      "current_a": {
        "$type": "ref",
        "value": "Current12"
      },
      "current_b": {
        "$type": "ref",
        "value": "ScaledCurrent28"
      }
    },
    "RegularizedCoil36": {
      "@module": "simsopt.field.coil",
      "@class": "RegularizedCoil",
      "@name": "RegularizedCoil36",
      "@version": "0.1.dev5270+gee055f063",
      "curve": {
        "$type": "ref",
        "value": "CurveXYZFourier4"
      },
      "current": {
        "$type": "ref",
        "value": "CurrentSum9"
      },
      "regularization": {
        "@module": "numpy",
        "@class": "array",
        "dtype": "float64",
        "data": 0.0009704490555402135
      }
    },
    "RotatedCurve25": {
      "@module": "simsopt.geo.curve",
      "@class": "RotatedCurve",
      "@name": "RotatedCurve25",
      "@version": "0.1.dev5270+gee055f063",
      "curve": {
        "$type": "ref",
        "value": "CurveXYZFourier1"
      },
      "phi": 0.0,
      "flip": true
    },
    "ScaledCurrent29": {
      "@module": "simsopt.field.coil",
      "@class": "ScaledCurrent",
      "@name": "ScaledCurrent29",
      "@version": "0.1.dev5270+gee055f063",
      "current_to_scale": {
        "$type": "ref",
        "value": "ScaledCurrent25"
      },
      "scale": -1.0
    },
    "RegularizedCoil37": {
      "@module": "simsopt.field.coil",
      "@class": "RegularizedCoil",
      "@name": "RegularizedCoil37",
      "@version": "0.1.dev5270+gee055f063",
      "curve": {
        "$type": "ref",
        "value": "RotatedCurve25"
      },
      "current": {
        "$type": "ref",
        "value": "ScaledCurrent29"
      },
      "regularization": {
        "@module": "numpy",
        "@class": "array",
        "dtype": "float64",
        "data": 0.0009704490555402135
      }
    },
    "RotatedCurve26": {
      "@module": "simsopt.geo.curve",
      "@class": "RotatedCurve",
      "@name": "RotatedCurve26",
      "@version": "0.1.dev5270+gee055f063",
      "curve": {
        "$type": "ref",
        "value": "CurveXYZFourier2"
      },
      "phi": 0.0,
      "flip": true
    },
    "ScaledCurrent30": {
      "@module": "simsopt.field.coil",
      "@class": "ScaledCurrent",
      "@name": "ScaledCurrent30",
      "@version": "0.1.dev5270+gee055f063",
      "current_to_scale": {
        "$type": "ref",
        "value": "ScaledCurrent26"
      },
      "scale": -1.0
    },
    "RegularizedCoil38": {
      "@module": "simsopt.field.coil",
      "@class": "RegularizedCoil",
      "@name": "RegularizedCoil38",
      "@version": "0.1.dev5270+gee055f063",
      "curve": {
        "$type": "ref",
        "value": "RotatedCurve26"
      },
      "current": {
        "$type": "ref",
        "value": "ScaledCurrent30"
      },
      "regularization": {
        "@module": "numpy",
        "@class": "array",
        "dtype": "float64",
        "data": 0.0009704490555402135
      }
    },
    "RotatedCurve27": {
      "@module": "simsopt.geo.curve",
      "@class": "RotatedCurve",
      "@name": "RotatedCurve27",
      "@version": "0.1.dev5270+gee055f063",
      "curve": {
        "$type": "ref",
        "value": "CurveXYZFourier3"
      },
      "phi": 0.0,
      "flip": true
    },
    "ScaledCurrent31": {
      "@module": "simsopt.field.coil",
      "@class": "ScaledCurrent",
      "@name": "ScaledCurrent31",
      "@version": "0.1.dev5270+gee055f063",
      "current_to_scale": {
        "$type": "ref",
        "value": "ScaledCurrent27"
      },
      "scale": -1.0
    },
    "RegularizedCoil39": {
      "@module": "simsopt.field.coil",
      "@class": "RegularizedCoil",
      "@name": "RegularizedCoil39",
      "@version": "0.1.dev5270+gee055f063",
      "curve": {
        "$type": "ref",
        "value": "RotatedCurve27"
      },
      "current": {
        "$type": "ref",
        "value": "ScaledCurrent31"
      },
      "regularization": {
        "@module": "numpy",
        "@class": "array",
        "dtype": "float64",
        "data": 0.0009704490555402135
      }
    },
    "RotatedCurve28": {
      "@module": "simsopt.geo.curve",
      "@class": "RotatedCurve",
      "@name": "RotatedCurve28",
      "@version": "0.1.dev5270+gee055f063",
      "curve": {
        "$type": "ref",
        "value": "CurveXYZFourier4"
      },
      "phi": 0.0,
      "flip": true
    },
    "ScaledCurrent32": {
      "@module": "simsopt.field.coil",
      "@class": "ScaledCurrent",
      "@name": "ScaledCurrent32",
      "@version": "0.1.dev5270+gee055f063",
      "current_to_scale": {
        "$type": "ref",
        "value": "CurrentSum9"
      },
      "scale": -1.0
    },
    "RegularizedCoil40": {
      "@module": "simsopt.field.coil",
      "@class": "RegularizedCoil",
      "@name": "RegularizedCoil40",
      "@version": "0.1.dev5270+gee055f063",
      "curve": {
        "$type": "ref",
        "value": "RotatedCurve28"
      },
      "current": {
        "$type": "ref",
        "value": "ScaledCurrent32"
      },
      "regularization": {
        "@module": "numpy",
        "@class": "array",
        "dtype": "float64",
        "data": 0.0009704490555402135
      }
    },
    "RotatedCurve29": {
      "@module": "simsopt.geo.curve",
      "@class": "RotatedCurve",
      "@name": "RotatedCurve29",
      "@version": "0.1.dev5270+gee055f063",
      "curve": {
        "$type": "ref",
        "value": "CurveXYZFourier1"
      },
      "phi": 3.141592653589793,
      "flip": false
    },
    "RegularizedCoil41": {
      "@module": "simsopt.field.coil",
      "@class": "RegularizedCoil",
      "@name": "RegularizedCoil41",
      "@version": "0.1.dev5270+gee055f063",
      "curve": {
        "$type": "ref",
        "value": "RotatedCurve29"
      },
      "current": {
        "$type": "ref",
        "value": "ScaledCurrent25"
      },
      "regularization": {
        "@module": "numpy",
        "@class": "array",
        "dtype": "float64",
        "data": 0.0009704490555402135
      }
    },
    "RotatedCurve30": {
      "@module": "simsopt.geo.curve",
      "@class": "RotatedCurve",
      "@name": "RotatedCurve30",
      "@version": "0.1.dev5270+gee055f063",
      "curve": {
        "$type": "ref",
        "value": "CurveXYZFourier2"
      },
      "phi": 3.141592653589793,
      "flip": false
    },
    "RegularizedCoil42": {
      "@module": "simsopt.field.coil",
      "@class": "RegularizedCoil",
      "@name": "RegularizedCoil42",
      "@version": "0.1.dev5270+gee055f063",
      "curve": {
        "$type": "ref",
        "value": "RotatedCurve30"
      },
      "current": {
        "$type": "ref",
        "value": "ScaledCurrent26"
      },
      "regularization": {
        "@module": "numpy",
        "@class": "array",
        "dtype": "float64",
        "data": 0.0009704490555402135
      }
    },
    "RotatedCurve31": {
      "@module": "simsopt.geo.curve",
      "@class": "RotatedCurve",
      "@name": "RotatedCurve31",
      "@version": "0.1.dev5270+gee055f063",
      "curve": {
        "$type": "ref",
        "value": "CurveXYZFourier3"
      },
      "phi": 3.141592653589793,
      "flip": false
    },
    "RegularizedCoil43": {
      "@module": "simsopt.field.coil",
      "@class": "RegularizedCoil",
      "@name": "RegularizedCoil43",
      "@version": "0.1.dev5270+gee055f063",
      "curve": {
        "$type": "ref",
        "value": "RotatedCurve31"
      },
      "current": {
        "$type": "ref",
        "value": "ScaledCurrent27"
      },
      "regularization": {
        "@module": "numpy",
        "@class": "array",
        "dtype": "float64",
        "data": 0.0009704490555402135
      }
    },
    "RotatedCurve32": {
      "@module": "simsopt.geo.curve",
      "@class": "RotatedCurve",
      "@name": "RotatedCurve32",
      "@version": "0.1.dev5270+gee055f063",
      "curve": {
        "$type": "ref",
        "value": "CurveXYZFourier4"
      },
      "phi": 3.141592653589793,
      "flip": false
    },
    "RegularizedCoil44": {
      "@module": "simsopt.field.coil",
      "@class": "RegularizedCoil",
      "@name": "RegularizedCoil44",
      "@version": "0.1.dev5270+gee055f063",
      "curve": {
        "$type": "ref",
        "value": "RotatedCurve32"
      },
      "current": {
        "$type": "ref",
        "value": "CurrentSum9"
      },
      "regularization": {
        "@module": "numpy",
        "@class": "array",
        "dtype": "float64",
        "data": 0.0009704490555402135
      }
    },
    "RotatedCurve33": {
      "@module": "simsopt.geo.curve",
      "@class": "RotatedCurve",
      "@name": "RotatedCurve33",
      "@version": "0.1.dev5270+gee055f063",
      "curve": {
        "$type": "ref",
        "value": "CurveXYZFourier1"
      },
      "phi": 3.141592653589793,
      "flip": true
    },
    "ScaledCurrent33": {
      "@module": "simsopt.field.coil",
      "@class": "ScaledCurrent",
      "@name": "ScaledCurrent33",
      "@version": "0.1.dev5270+gee055f063",
      "current_to_scale": {
        "$type": "ref",
        "value": "ScaledCurrent25"
      },
      "scale": -1.0
    },
    "RegularizedCoil45": {
      "@module": "simsopt.field.coil",
      "@class": "RegularizedCoil",
      "@name": "RegularizedCoil45",
      "@version": "0.1.dev5270+gee055f063",
      "curve": {
        "$type": "ref",
        "value": "RotatedCurve33"
      },
      "current": {
        "$type": "ref",
        "value": "ScaledCurrent33"
      },
      "regularization": {
        "@module": "numpy",
        "@class": "array",
        "dtype": "float64",
        "data": 0.0009704490555402135
      }
    },
    "RotatedCurve34": {
      "@module": "simsopt.geo.curve",
      "@class": "RotatedCurve",
      "@name": "RotatedCurve34",
      "@version": "0.1.dev5270+gee055f063",
      "curve": {
        "$type": "ref",
        "value": "CurveXYZFourier2"
      },
      "phi": 3.141592653589793,
      "flip": true
    },
    "ScaledCurrent34": {
      "@module": "simsopt.field.coil",
      "@class": "ScaledCurrent",
      "@name": "ScaledCurrent34",
      "@version": "0.1.dev5270+gee055f063",
      "current_to_scale": {
        "$type": "ref",
        "value": "ScaledCurrent26"
      },
      "scale": -1.0
    },
    "RegularizedCoil46": {
      "@module": "simsopt.field.coil",
      "@class": "RegularizedCoil",
      "@name": "RegularizedCoil46",
      "@version": "0.1.dev5270+gee055f063",
      "curve": {
        "$type": "ref",
        "value": "RotatedCurve34"
      },
      "current": {
        "$type": "ref",
        "value": "ScaledCurrent34"
      },
      "regularization": {
        "@module": "numpy",
        "@class": "array",
        "dtype": "float64",
        "data": 0.0009704490555402135
      }
    },
    "RotatedCurve35": {
      "@module": "simsopt.geo.curve",
      "@class": "RotatedCurve",
      "@name": "RotatedCurve35",
      "@version": "0.1.dev5270+gee055f063",
      "curve": {
        "$type": "ref",
        "value": "CurveXYZFourier3"
      },
      "phi": 3.141592653589793,
      "flip": true
    },
    "ScaledCurrent35": {
      "@module": "simsopt.field.coil",
      "@class": "ScaledCurrent",
      "@name": "ScaledCurrent35",
      "@version": "0.1.dev5270+gee055f063",
      "current_to_scale": {
        "$type": "ref",
        "value": "ScaledCurrent27"
      },
      "scale": -1.0
    },
    "RegularizedCoil47": {
      "@module": "simsopt.field.coil",
      "@class": "RegularizedCoil",
      "@name": "RegularizedCoil47",
      "@version": "0.1.dev5270+gee055f063",
      "curve": {
        "$type": "ref",
        "value": "RotatedCurve35"
      },
      "current": {
        "$type": "ref",
        "value": "ScaledCurrent35"
      },
      "regularization": {
        "@module": "numpy",
        "@class": "array",
        "dtype": "float64",
        "data": 0.0009704490555402135
      }
    },
    "RotatedCurve36": {
      "@module": "simsopt.geo.curve",
      "@class": "RotatedCurve",
      "@name": "RotatedCurve36",
      "@version": "0.1.dev5270+gee055f063",
      "curve": {
        "$type": "ref",
        "value": "CurveXYZFourier4"
      },
      "phi": 3.141592653589793,
      "flip": true
    },
    "ScaledCurrent36": {
      "@module": "simsopt.field.coil",
      "@class": "ScaledCurrent",
      "@name": "ScaledCurrent36",
      "@version": "0.1.dev5270+gee055f063",
      "current_to_scale": {
        "$type": "ref",
        "value": "CurrentSum9"
      },
      "scale": -1.0
    },
    "RegularizedCoil48": {
      "@module": "simsopt.field.coil",
      "@class": "RegularizedCoil",
      "@name": "RegularizedCoil48",
      "@version": "0.1.dev5270+gee055f063",
      "curve": {
        "$type": "ref",
        "value": "RotatedCurve36"
      },
      "current": {
        "$type": "ref",
        "value": "ScaledCurrent36"
      },
      "regularization": {
        "@module": "numpy",
        "@class": "array",
        "dtype": "float64",
        "data": 0.0009704490555402135
      }
    }
  }
}