{
  "metadata": {
    "method_name": "",
    "contact": "akaptano",
    "hardware": "CPU: AMD EPYC 7763 64-Core Processor | RAM: 7.8GB",
    "notes": "",
    "run_date": "2025-11-30T21:02:54.536151"
  },
  "metrics": {
    "initial_B_field": 0.9998258195958676,
    "final_B_field": 0.3003895598358945,
    "target_B_field": 1.0,
    "optimization_time": 1918.0194625854492,
    "final_normalized_squared_flux": 3.835729686930566e-05,
    "final_min_cs_separation": 0.0005440675567221652,
    "final_min_cc_separation": 0.09626335159509972,
    "final_total_length": 11.636540941010166,
    "final_max_curvature": 7.963392224503279,
    "final_average_curvature": 3.1452854285184415,
    "final_mean_squared_curvature": 14.11776593973197,
    "final_linking_number": 0,
    "final_max_max_coil_force": 124764.20010829424,
    "final_avg_max_coil_force": 107380.38775081975,
    "final_max_max_coil_torque": 30042.90403066859,
    "final_avg_max_coil_torque": 20792.027223889105,
    "avg_BdotN_over_B": 0.027232943453519738,
    "max_BdotN_over_B": 0.9982554801103073,
    "lagrange_multipliers": [
      -471711492471790.8,
      -0.0,
      -0.0,
      -0.0,
      -0.43583678341349325,
      -3296771786256879.5,
      -0.0,
      -1.8452304104837386e+17
    ],
    "output_directory": ".",
    "flux_threshold": 1e-08,
    "cc_threshold": 0.08,
    "cs_threshold": 0.13,
    "msc_threshold": 10.0,
    "curvature_threshold": 10.0,
    "force_threshold": 0.03077870113881194,
    "torque_threshold": 0.03077870113881194
  }
}