{
  "metadata": {
    "method_name": "",
    "contact": "akaptano",
    "hardware": "CPU: AMD EPYC 7763 64-Core Processor | RAM: 15.6GB",
    "notes": "",
    "run_date": "2026-01-25T03:10:16.905006"
  },
  "metrics": {
    "initial_B_field": 0.9999794882459242,
    "final_B_field": 1.0204754898524664,
    "target_B_field": 1.0,
    "optimization_time": 12.132007122039795,
    "final_normalized_squared_flux": 0.10739488300386216,
    "_cached_thresholds": {
      "length_threshold": 20.0,
      "flux_threshold": 1e-08,
      "cc_threshold": 0.08,
      "cs_threshold": 0.13,
      "msc_threshold": 10.0,
      "arclength_variation_threshold": 0.0,
      "curvature_threshold": 10.0,
      "force_threshold": 0.03077870113881194,
      "torque_threshold": 0.03077870113881194,
      "coil_width": 0.04,
      "R0": 10.0
    },
    "final_min_cs_separation": 0.13043914482556584,
    "final_min_cc_separation": 0.0035771246687076766,
    "final_total_length": 15.623321372521438,
    "final_max_curvature": 3.3695869502863416,
    "final_average_curvature": 1.7870036722420997,
    "final_arclength_variation": 0.2510530830697147,
    "final_mean_squared_curvature": 4.002792401437125,
    "final_linking_number": 4,
    "final_max_max_coil_force": 7459853.863155252,
    "final_avg_max_coil_force": 3643270.6468224656,
    "final_max_max_coil_torque": 2791697.345457997,
    "final_avg_max_coil_torque": 1069211.3695997044,
    "avg_BdotN_over_B": 0.1080113544860149,
    "max_BdotN_over_B": 0.2728890808473711,
    "lagrange_multipliers": null,
    "output_directory": "/home/runner/work/stellcoilbench/stellcoilbench/submissions/cfqs_2b40/akaptano/01-25-2026_03-10",
    "flux_threshold": 1e-08,
    "cc_threshold": 0.08,
    "cs_threshold": 0.13,
    "msc_threshold": 10.0,
    "arclength_variation_threshold": 0.0,
    "curvature_threshold": 10.0,
    "force_threshold": 0.03077870113881194,
    "torque_threshold": 0.03077870113881194
  }
}