{
  "metadata": {
    "method_name": "",
    "contact": "akaptano",
    "hardware": "CPU: Intel(R) Xeon(R) Platinum 8370C CPU @ 2.80GHz | RAM: 7.8GB",
    "notes": "",
    "run_date": "2025-11-29T21:31:22.276741"
  },
  "metrics": {
    "initial_B_field": 0.9996565061813552,
    "final_B_field": 0.9994260183159376,
    "target_B_field": 1.0,
    "optimization_time": 2.1406142711639404,
    "final_normalized_squared_flux": 0.0,
    "final_min_cs_separation": 1.7897595941301334,
    "final_min_cc_separation": 1.6916447697405768,
    "final_total_length": 95.24704719832532,
    "final_max_curvature": 0.2638689803830511,
    "final_average_curvature": 0.26386898038304996,
    "final_mean_squared_curvature": 0.06962683880839039,
    "final_linking_number": 0,
    "final_max_max_coil_force": 4616627.060134449,
    "final_avg_max_coil_force": 4616627.060134444,
    "final_max_max_coil_torque": 1.8119266043397615e-07,
    "final_avg_max_coil_torque": 1.5462171974507517e-07,
    "avg_BdotN_over_B": 1.926193444898115e-16,
    "max_BdotN_over_B": 0.24427264551670078,
    "lagrange_multipliers": null,
    "output_directory": "."
  }
}