{
  "@module": "simsopt._core.json",
  "@class": "SIMSON",
  "@version": "0.1.dev5270+gee055f063",
  "graph": {
    "$type": "ref",
    "value": "BiotSavart5"
  },
  "simsopt_objs": {
    "140271848573744": {
      "@module": "simsopt._core.optimizable",
      "@class": "DOFs",
      "@name": "140271848573744",
      "@version": "0.1.dev5270+gee055f063",
      "x": {
        "@module": "numpy",
        "@class": "array",
        "dtype": "float64",
        "data": [
          1.204940676826752,
          0.0014338221973792602,
          0.6084174708976365,
          0.0031146915827332702,
          0.019038591684550087,
          -0.005617468274076781,
          -0.007950672398339461,
          0.004481346370894371,
          -0.0026407164684396156,
          0.23163124543449953,
          0.00011320676521579893,
          0.13632317500642102,
          -0.013653692151258386,
          -0.007427677071208873,
          0.01167973579209824,
          -0.0023450339827736314,
          0.00018211298788003267,
          0.00835705890914843,
          0.004115884485030375,
          -0.645805405742673,
          -0.001365918306891874,
          -0.008104185651202345,
          -0.004821476415923613,
          0.011539661705359422,
          0.006447748929983375,
          -0.0068685241486262085,
          -0.00037961992585869796
        ]
      },
      "names": [
        "xc(0)",
        "xs(1)",
        "xc(1)",
        "xs(2)",
        "xc(2)",
        "xs(3)",
        "xc(3)",
        "xs(4)",
        "xc(4)",
        "yc(0)",
        "ys(1)",
        "yc(1)",
        "ys(2)",
        "yc(2)",
        "ys(3)",
        "yc(3)",
        "ys(4)",
        "yc(4)",
        "zc(0)",
        "zs(1)",
        "zc(1)",
        "zs(2)",
        "zc(2)",
        "zs(3)",
        "zc(3)",
        "zs(4)",
        "zc(4)"
      ],
      "free": {
        "@module": "numpy",
        "@class": "array",
        "dtype": "bool",
        "data": [
          true,
          true,
          true,
          true,
          true,
          true,
          true,
          true,
          true,
          true,
          true,
          true,
          true,
          true,
          true,
          true,
          true,
          true,
          true,
          true,
          true,
          true,
          true,
          true,
          true,
          true,
          true
        ]
      },
      "lower_bounds": {
        "@module": "numpy",
        "@class": "array",
        "dtype": "float64",
        "data": [
          -Infinity,
          -Infinity,
          -Infinity,
          -Infinity,
          -Infinity,
          -Infinity,
          -Infinity,
          -Infinity,
          -Infinity,
          -Infinity,
          -Infinity,
          -Infinity,
          -Infinity,
          -Infinity,
          -Infinity,
          -Infinity,
          -Infinity,
          -Infinity,
          -Infinity,
          -Infinity,
          -Infinity,
          -Infinity,
          -Infinity,
          -Infinity,
          -Infinity,
          -Infinity,
          -Infinity
        ]
      },
      "upper_bounds": {
        "@module": "numpy",
        "@class": "array",
        "dtype": "float64",
        "data": [
          Infinity,
          Infinity,
          Infinity,
          Infinity,
          Infinity,
          Infinity,
          Infinity,
          Infinity,
          Infinity,
          Infinity,
          Infinity,
          Infinity,
          Infinity,
          Infinity,
          Infinity,
          Infinity,
          Infinity,
          Infinity,
          Infinity,
          Infinity,
          Infinity,
          Infinity,
          Infinity,
          Infinity,
          Infinity,
          Infinity,
          Infinity
        ]
      }
    },
    "CurveXYZFourier1": {
      "@module": "simsopt.geo.curvexyzfourier",
      "@class": "CurveXYZFourier",
      "@name": "CurveXYZFourier1",
      "@version": "0.1.dev5270+gee055f063",
      "quadpoints": {
        "@module": "numpy",
        "@class": "array",
        "dtype": "float64",
        "data": [
          0.0,
          0.00390625,
          0.0078125,
          0.01171875,
          0.015625,
          0.01953125,
          0.0234375,
          0.02734375,
          0.03125,
          0.03515625,
          0.0390625,
          0.04296875,
          0.046875,
          0.05078125,
          0.0546875,
          0.05859375,
          0.0625,
          0.06640625,
          0.0703125,
          0.07421875,
          0.078125,
          0.08203125,
          0.0859375,
          0.08984375,
          0.09375,
          0.09765625,
          0.1015625,
          0.10546875,
          0.109375,
          0.11328125,
          0.1171875,
          0.12109375,
          0.125,
          0.12890625,
          0.1328125,
          0.13671875,
          0.140625,
          0.14453125,
          0.1484375,
          0.15234375,
          0.15625,
          0.16015625,
          0.1640625,
          0.16796875,
          0.171875,
          0.17578125,
          0.1796875,
          0.18359375,
          0.1875,
          0.19140625,
          0.1953125,
          0.19921875,
          0.203125,
          0.20703125,
          0.2109375,
          0.21484375,
          0.21875,
          0.22265625,
          0.2265625,
          0.23046875,
          0.234375,
          0.23828125,
          0.2421875,
          0.24609375,
          0.25,
          0.25390625,
          0.2578125,
          0.26171875,
          0.265625,
          0.26953125,
          0.2734375,
          0.27734375,
          0.28125,
          0.28515625,
          0.2890625,
          0.29296875,
          0.296875,
          0.30078125,
          0.3046875,
          0.30859375,
          0.3125,
          0.31640625,
          0.3203125,
          0.32421875,
          0.328125,
          0.33203125,
          0.3359375,
          0.33984375,
          0.34375,
          0.34765625,
          0.3515625,
          0.35546875,
          0.359375,
          0.36328125,
          0.3671875,
          0.37109375,
          0.375,
          0.37890625,
          0.3828125,
          0.38671875,
          0.390625,
          0.39453125,
          0.3984375,
          0.40234375,
          0.40625,
          0.41015625,
          0.4140625,
          0.41796875,
          0.421875,
          0.42578125,
          0.4296875,
          0.43359375,
          0.4375,
          0.44140625,
          0.4453125,
          0.44921875,
          0.453125,
          0.45703125,
          0.4609375,
          0.46484375,
          0.46875,
          0.47265625,
          0.4765625,
          0.48046875,
          0.484375,
          0.48828125,
          0.4921875,
          0.49609375,
          0.5,
          0.50390625,
          0.5078125,
          0.51171875,
          0.515625,
          0.51953125,
          0.5234375,
          0.52734375,
          0.53125,
          0.53515625,
          0.5390625,
          0.54296875,
          0.546875,
          0.55078125,
          0.5546875,
          0.55859375,
          0.5625,
          0.56640625,
          0.5703125,
          0.57421875,
          0.578125,
          0.58203125,
          0.5859375,
          0.58984375,
          0.59375,
          0.59765625,
          0.6015625,
          0.60546875,
          0.609375,
          0.61328125,
          0.6171875,
          0.62109375,
          0.625,
          0.62890625,
          0.6328125,
          0.63671875,
          0.640625,
          0.64453125,
          0.6484375,
          0.65234375,
          0.65625,
          0.66015625,
          0.6640625,
          0.66796875,
          0.671875,
          0.67578125,
          0.6796875,
          0.68359375,
          0.6875,
          0.69140625,
          0.6953125,
          0.69921875,
          0.703125,
          0.70703125,
          0.7109375,
          0.71484375,
          0.71875,
          0.72265625,
          0.7265625,
          0.73046875,
          0.734375,
          0.73828125,
          0.7421875,
          0.74609375,
          0.75,
          0.75390625,
          0.7578125,
          0.76171875,
          0.765625,
          0.76953125,
          0.7734375,
          0.77734375,
          0.78125,
          0.78515625,
          0.7890625,
          0.79296875,
          0.796875,
          0.80078125,
          0.8046875,
          0.80859375,
          0.8125,
          0.81640625,
          0.8203125,
          0.82421875,
          0.828125,
          0.83203125,
          0.8359375,
          0.83984375,
          0.84375,
          0.84765625,
          0.8515625,
          0.85546875,
          0.859375,
          0.86328125,
          0.8671875,
          0.87109375,
          0.875,
          0.87890625,
          0.8828125,
          0.88671875,
          0.890625,
          0.89453125,
          0.8984375,
          0.90234375,
          0.90625,
          0.91015625,
          0.9140625,
          0.91796875,
          0.921875,
          0.92578125,
          0.9296875,
          0.93359375,
          0.9375,
          0.94140625,
          0.9453125,
          0.94921875,
          0.953125,
          0.95703125,
          0.9609375,
          0.96484375,
          0.96875,
          0.97265625,
          0.9765625,
          0.98046875,
          0.984375,
          0.98828125,
          0.9921875,
          0.99609375
        ]
      },
      "order": 4,
      "dofs": {
        "$type": "ref",
        "value": "140271848573744"
      }
    },
    "140271820445488": {
      "@module": "simsopt._core.optimizable",
      "@class": "DOFs",
      "@name": "140271820445488",
      "@version": "0.1.dev5270+gee055f063",
      "x": {
        "@module": "numpy",
        "@class": "array",
        "dtype": "float64",
        "data": [
          0.15012276028313998
        ]
      },
      "names": [
        "x0"
      ],
      "free": {
        "@module": "numpy",
        "@class": "array",
        "dtype": "bool",
        "data": [
          true
        ]
      },
      "lower_bounds": {
        "@module": "numpy",
        "@class": "array",
        "dtype": "float64",
        "data": [
          -Infinity
        ]
      },
      "upper_bounds": {
        "@module": "numpy",
        "@class": "array",
        "dtype": "float64",
        "data": [
          Infinity
        ]
      }
    },
    "Current9": {
      "@module": "simsopt.field.coil",
      "@class": "Current",
      "@name": "Current9",
      "@version": "0.1.dev5270+gee055f063",
      "current": 0.15012276028313998,
      "dofs": {
        "$type": "ref",
        "value": "140271820445488"
      }
    },
    "ScaledCurrent25": {
      "@module": "simsopt.field.coil",
      "@class": "ScaledCurrent",
      "@name": "ScaledCurrent25",
      "@version": "0.1.dev5270+gee055f063",
      "current_to_scale": {
        "$type": "ref",
        "value": "Current9"
      },
      "scale": 10000000.0
    },
    "RegularizedCoil33": {
      "@module": "simsopt.field.coil",
      "@class": "RegularizedCoil",
      "@name": "RegularizedCoil33",
      "@version": "0.1.dev5270+gee055f063",
      "curve": {
        "$type": "ref",
        "value": "CurveXYZFourier1"
      },
      "current": {
        "$type": "ref",
        "value": "ScaledCurrent25"
      },
      "regularization": {
        "@module": "numpy",
        "@class": "array",
        "dtype": "float64",
        "data": 0.0009704490555402135
      }
    },
    "140271848574992": {
      "@module": "simsopt._core.optimizable",
      "@class": "DOFs",
      "@name": "140271848574992",
      "@version": "0.1.dev5270+gee055f063",
      "x": {
        "@module": "numpy",
        "@class": "array",
        "dtype": "float64",
        "data": [
          1.0028844853041192,
          0.014108110886504367,
          0.5200760081821613,
          -0.009915760832394628,
          0.02246803838025094,
          -0.0029258317086615178,
          -0.022906768032312196,
          0.014989892440614288,
          0.014304627423566708,
          0.6503905587230949,
          0.0014299305903951222,
          0.380088753272139,
          -0.012805907161741882,
          -0.01393423909635386,
          0.017778118481343263,
          -0.0007444531226444471,
          -0.010724858249789302,
          0.011813255763080172,
          0.01850857299036865,
          -0.6558523013783204,
          -0.01232900715904741,
          0.01677387788757156,
          -0.0036686802953062926,
          -0.008951558304609513,
          0.01790799865906126,
          -0.006506818068928424,
          -0.01887192415706318
        ]
      },
      "names": [
        "xc(0)",
        "xs(1)",
        "xc(1)",
        "xs(2)",
        "xc(2)",
        "xs(3)",
        "xc(3)",
        "xs(4)",
        "xc(4)",
        "yc(0)",
        "ys(1)",
        "yc(1)",
        "ys(2)",
        "yc(2)",
        "ys(3)",
        "yc(3)",
        "ys(4)",
        "yc(4)",
        "zc(0)",
        "zs(1)",
        "zc(1)",
        "zs(2)",
        "zc(2)",
        "zs(3)",
        "zc(3)",
        "zs(4)",
        "zc(4)"
      ],
      "free": {
        "@module": "numpy",
        "@class": "array",
        "dtype": "bool",
        "data": [
          true,
          true,
          true,
          true,
          true,
          true,
          true,
          true,
          true,
          true,
          true,
          true,
          true,
          true,
          true,
          true,
          true,
          true,
          true,
          true,
          true,
          true,
          true,
          true,
          true,
          true,
          true
        ]
      },
      "lower_bounds": {
        "@module": "numpy",
        "@class": "array",
        "dtype": "float64",
        "data": [
          -Infinity,
          -Infinity,
          -Infinity,
          -Infinity,
          -Infinity,
          -Infinity,
          -Infinity,
          -Infinity,
          -Infinity,
          -Infinity,
          -Infinity,
          -Infinity,
          -Infinity,
          -Infinity,
          -Infinity,
          -Infinity,
          -Infinity,
          -Infinity,
          -Infinity,
          -Infinity,
          -Infinity,
          -Infinity,
          -Infinity,
          -Infinity,
          -Infinity,
          -Infinity,
          -Infinity
        ]
      },
      "upper_bounds": {
        "@module": "numpy",
        "@class": "array",
        "dtype": "float64",
        "data": [
          Infinity,
          Infinity,
          Infinity,
          Infinity,
          Infinity,
          Infinity,
          Infinity,
          Infinity,
          Infinity,
          Infinity,
          Infinity,
          Infinity,
          Infinity,
          Infinity,
          Infinity,
          Infinity,
          Infinity,
          Infinity,
          Infinity,
          Infinity,
          Infinity,
          Infinity,
          Infinity,
          Infinity,
          Infinity,
          Infinity,
          Infinity
        ]
      }
    },
    "CurveXYZFourier2": {
      "@module": "simsopt.geo.curvexyzfourier",
      "@class": "CurveXYZFourier",
      "@name": "CurveXYZFourier2",
      "@version": "0.1.dev5270+gee055f063",
      "quadpoints": {
        "@module": "numpy",
        "@class": "array",
        "dtype": "float64",
        "data": [
          0.0,
          0.00390625,
          0.0078125,
          0.01171875,
          0.015625,
          0.01953125,
          0.0234375,
          0.02734375,
          0.03125,
          0.03515625,
          0.0390625,
          0.04296875,
          0.046875,
          0.05078125,
          0.0546875,
          0.05859375,
          0.0625,
          0.06640625,
          0.0703125,
          0.07421875,
          0.078125,
          0.08203125,
          0.0859375,
          0.08984375,
          0.09375,
          0.09765625,
          0.1015625,
          0.10546875,
          0.109375,
          0.11328125,
          0.1171875,
          0.12109375,
          0.125,
          0.12890625,
          0.1328125,
          0.13671875,
          0.140625,
          0.14453125,
          0.1484375,
          0.15234375,
          0.15625,
          0.16015625,
          0.1640625,
          0.16796875,
          0.171875,
          0.17578125,
          0.1796875,
          0.18359375,
          0.1875,
          0.19140625,
          0.1953125,
          0.19921875,
          0.203125,
          0.20703125,
          0.2109375,
          0.21484375,
          0.21875,
          0.22265625,
          0.2265625,
          0.23046875,
          0.234375,
          0.23828125,
          0.2421875,
          0.24609375,
          0.25,
          0.25390625,
          0.2578125,
          0.26171875,
          0.265625,
          0.26953125,
          0.2734375,
          0.27734375,
          0.28125,
          0.28515625,
          0.2890625,
          0.29296875,
          0.296875,
          0.30078125,
          0.3046875,
          0.30859375,
          0.3125,
          0.31640625,
          0.3203125,
          0.32421875,
          0.328125,
          0.33203125,
          0.3359375,
          0.33984375,
          0.34375,
          0.34765625,
          0.3515625,
          0.35546875,
          0.359375,
          0.36328125,
          0.3671875,
          0.37109375,
          0.375,
          0.37890625,
          0.3828125,
          0.38671875,
          0.390625,
          0.39453125,
          0.3984375,
          0.40234375,
          0.40625,
          0.41015625,
          0.4140625,
          0.41796875,
          0.421875,
          0.42578125,
          0.4296875,
          0.43359375,
          0.4375,
          0.44140625,
          0.4453125,
          0.44921875,
          0.453125,
          0.45703125,
          0.4609375,
          0.46484375,
          0.46875,
          0.47265625,
          0.4765625,
          0.48046875,
          0.484375,
          0.48828125,
          0.4921875,
          0.49609375,
          0.5,
          0.50390625,
          0.5078125,
          0.51171875,
          0.515625,
          0.51953125,
          0.5234375,
          0.52734375,
          0.53125,
          0.53515625,
          0.5390625,
          0.54296875,
          0.546875,
          0.55078125,
          0.5546875,
          0.55859375,
          0.5625,
          0.56640625,
          0.5703125,
          0.57421875,
          0.578125,
          0.58203125,
          0.5859375,
          0.58984375,
          0.59375,
          0.59765625,
          0.6015625,
          0.60546875,
          0.609375,
          0.61328125,
          0.6171875,
          0.62109375,
          0.625,
          0.62890625,
          0.6328125,
          0.63671875,
          0.640625,
          0.64453125,
          0.6484375,
          0.65234375,
          0.65625,
          0.66015625,
          0.6640625,
          0.66796875,
          0.671875,
          0.67578125,
          0.6796875,
          0.68359375,
          0.6875,
          0.69140625,
          0.6953125,
          0.69921875,
          0.703125,
          0.70703125,
          0.7109375,
          0.71484375,
          0.71875,
          0.72265625,
          0.7265625,
          0.73046875,
          0.734375,
          0.73828125,
          0.7421875,
          0.74609375,
          0.75,
          0.75390625,
          0.7578125,
          0.76171875,
          0.765625,
          0.76953125,
          0.7734375,
          0.77734375,
          0.78125,
          0.78515625,
          0.7890625,
          0.79296875,
          0.796875,
          0.80078125,
          0.8046875,
          0.80859375,
          0.8125,
          0.81640625,
          0.8203125,
          0.82421875,
          0.828125,
          0.83203125,
          0.8359375,
          0.83984375,
          0.84375,
          0.84765625,
          0.8515625,
          0.85546875,
          0.859375,
          0.86328125,
          0.8671875,
          0.87109375,
          0.875,
          0.87890625,
          0.8828125,
          0.88671875,
          0.890625,
          0.89453125,
          0.8984375,
          0.90234375,
          0.90625,
          0.91015625,
          0.9140625,
          0.91796875,
          0.921875,
          0.92578125,
          0.9296875,
          0.93359375,
          0.9375,
          0.94140625,
          0.9453125,
          0.94921875,
          0.953125,
          0.95703125,
          0.9609375,
          0.96484375,
          0.96875,
          0.97265625,
          0.9765625,
          0.98046875,
          0.984375,
          0.98828125,
          0.9921875,
          0.99609375
        ]
      },
      "order": 4,
      "dofs": {
        "$type": "ref",
        "value": "140271848574992"
      }
    },
    "140271820451248": {
      "@module": "simsopt._core.optimizable",
      "@class": "DOFs",
      "@name": "140271820451248",
      "@version": "0.1.dev5270+gee055f063",
      "x": {
        "@module": "numpy",
        "@class": "array",
        "dtype": "float64",
        "data": [
          0.11887480839889454
        ]
      },
      "names": [
        "x0"
      ],
      "free": {
        "@module": "numpy",
        "@class": "array",
        "dtype": "bool",
        "data": [
          true
        ]
      },
      "lower_bounds": {
        "@module": "numpy",
        "@class": "array",
        "dtype": "float64",
        "data": [
          -Infinity
        ]
      },
      "upper_bounds": {
        "@module": "numpy",
        "@class": "array",
        "dtype": "float64",
        "data": [
          Infinity
        ]
      }
    },
    "Current10": {
      "@module": "simsopt.field.coil",
      "@class": "Current",
      "@name": "Current10",
      "@version": "0.1.dev5270+gee055f063",
      "current": 0.11887480839889454,
      "dofs": {
        "$type": "ref",
        "value": "140271820451248"
      }
    },
    "ScaledCurrent26": {
      "@module": "simsopt.field.coil",
      "@class": "ScaledCurrent",
      "@name": "ScaledCurrent26",
      "@version": "0.1.dev5270+gee055f063",
      "current_to_scale": {
        "$type": "ref",
        "value": "Current10"
      },
      "scale": 10000000.0
    },
    "RegularizedCoil34": {
      "@module": "simsopt.field.coil",
      "@class": "RegularizedCoil",
      "@name": "RegularizedCoil34",
      "@version": "0.1.dev5270+gee055f063",
      "curve": {
        "$type": "ref",
        "value": "CurveXYZFourier2"
      },
      "current": {
        "$type": "ref",
        "value": "ScaledCurrent26"
      },
      "regularization": {
        "@module": "numpy",
        "@class": "array",
        "dtype": "float64",
        "data": 0.0009704490555402135
      }
    },
    "140271848575664": {
      "@module": "simsopt._core.optimizable",
      "@class": "DOFs",
      "@name": "140271848575664",
      "@version": "0.1.dev5270+gee055f063",
      "x": {
        "@module": "numpy",
        "@class": "array",
        "dtype": "float64",
        "data": [
          0.6419193695952009,
          0.022298558818197048,
          0.3729921393471823,
          -0.03176783577467084,
          -0.002038672804304974,
          0.031096835643020408,
          -0.013749938795487955,
          -0.021649940181868308,
          0.02631368324583233,
          0.9458363043776477,
          0.01925089350078769,
          0.5832372219611256,
          -0.037662051930601154,
          -0.033906131926822146,
          0.048007055900955116,
          0.011586548793652493,
          -0.04585555055875692,
          0.012786205145860478,
          0.030549404291498834,
          -0.6578325397412239,
          -0.027571580400783852,
          0.02744068804880708,
          0.016921117767515814,
          -0.03230415490703702,
          -0.0001234987753397177,
          0.027640336507185392,
          -0.016476648989229976
        ]
      },
      "names": [
        "xc(0)",
        "xs(1)",
        "xc(1)",
        "xs(2)",
        "xc(2)",
        "xs(3)",
        "xc(3)",
        "xs(4)",
        "xc(4)",
        "yc(0)",
        "ys(1)",
        "yc(1)",
        "ys(2)",
        "yc(2)",
        "ys(3)",
        "yc(3)",
        "ys(4)",
        "yc(4)",
        "zc(0)",
        "zs(1)",
        "zc(1)",
        "zs(2)",
        "zc(2)",
        "zs(3)",
        "zc(3)",
        "zs(4)",
        "zc(4)"
      ],
      "free": {
        "@module": "numpy",
        "@class": "array",
        "dtype": "bool",
        "data": [
          true,
          true,
          true,
          true,
          true,
          true,
          true,
          true,
          true,
          true,
          true,
          true,
          true,
          true,
          true,
          true,
          true,
          true,
          true,
          true,
          true,
          true,
          true,
          true,
          true,
          true,
          true
        ]
      },
      "lower_bounds": {
        "@module": "numpy",
        "@class": "array",
        "dtype": "float64",
        "data": [
          -Infinity,
          -Infinity,
          -Infinity,
          -Infinity,
          -Infinity,
          -Infinity,
          -Infinity,
          -Infinity,
          -Infinity,
          -Infinity,
          -Infinity,
          -Infinity,
          -Infinity,
          -Infinity,
          -Infinity,
          -Infinity,
          -Infinity,
          -Infinity,
          -Infinity,
          -Infinity,
          -Infinity,
          -Infinity,
          -Infinity,
          -Infinity,
          -Infinity,
          -Infinity,
          -Infinity
        ]
      },
      "upper_bounds": {
        "@module": "numpy",
        "@class": "array",
        "dtype": "float64",
        "data": [
          Infinity,
          Infinity,
          Infinity,
          Infinity,
          Infinity,
          Infinity,
          Infinity,
          Infinity,
          Infinity,
          Infinity,
          Infinity,
          Infinity,
          Infinity,
          Infinity,
          Infinity,
          Infinity,
          Infinity,
          Infinity,
          Infinity,
          Infinity,
          Infinity,
          Infinity,
          Infinity,
          Infinity,
          Infinity,
          Infinity,
          Infinity
        ]
      }
    },
    "CurveXYZFourier3": {
      "@module": "simsopt.geo.curvexyzfourier",
      "@class": "CurveXYZFourier",
      "@name": "CurveXYZFourier3",
      "@version": "0.1.dev5270+gee055f063",
      "quadpoints": {
        "@module": "numpy",
        "@class": "array",
        "dtype": "float64",
        "data": [
          0.0,
          0.00390625,
          0.0078125,
          0.01171875,
          0.015625,
          0.01953125,
          0.0234375,
          0.02734375,
          0.03125,
          0.03515625,
          0.0390625,
          0.04296875,
          0.046875,
          0.05078125,
          0.0546875,
          0.05859375,
          0.0625,
          0.06640625,
          0.0703125,
          0.07421875,
          0.078125,
          0.08203125,
          0.0859375,
          0.08984375,
          0.09375,
          0.09765625,
          0.1015625,
          0.10546875,
          0.109375,
          0.11328125,
          0.1171875,
          0.12109375,
          0.125,
          0.12890625,
          0.1328125,
          0.13671875,
          0.140625,
          0.14453125,
          0.1484375,
          0.15234375,
          0.15625,
          0.16015625,
          0.1640625,
          0.16796875,
          0.171875,
          0.17578125,
          0.1796875,
          0.18359375,
          0.1875,
          0.19140625,
          0.1953125,
          0.19921875,
          0.203125,
          0.20703125,
          0.2109375,
          0.21484375,
          0.21875,
          0.22265625,
          0.2265625,
          0.23046875,
          0.234375,
          0.23828125,
          0.2421875,
          0.24609375,
          0.25,
          0.25390625,
          0.2578125,
          0.26171875,
          0.265625,
          0.26953125,
          0.2734375,
          0.27734375,
          0.28125,
          0.28515625,
          0.2890625,
          0.29296875,
          0.296875,
          0.30078125,
          0.3046875,
          0.30859375,
          0.3125,
          0.31640625,
          0.3203125,
          0.32421875,
          0.328125,
          0.33203125,
          0.3359375,
          0.33984375,
          0.34375,
          0.34765625,
          0.3515625,
          0.35546875,
          0.359375,
          0.36328125,
          0.3671875,
          0.37109375,
          0.375,
          0.37890625,
          0.3828125,
          0.38671875,
          0.390625,
          0.39453125,
          0.3984375,
          0.40234375,
          0.40625,
          0.41015625,
          0.4140625,
          0.41796875,
          0.421875,
          0.42578125,
          0.4296875,
          0.43359375,
          0.4375,
          0.44140625,
          0.4453125,
          0.44921875,
          0.453125,
          0.45703125,
          0.4609375,
          0.46484375,
          0.46875,
          0.47265625,
          0.4765625,
          0.48046875,
          0.484375,
          0.48828125,
          0.4921875,
          0.49609375,
          0.5,
          0.50390625,
          0.5078125,
          0.51171875,
          0.515625,
          0.51953125,
          0.5234375,
          0.52734375,
          0.53125,
          0.53515625,
          0.5390625,
          0.54296875,
          0.546875,
          0.55078125,
          0.5546875,
          0.55859375,
          0.5625,
          0.56640625,
          0.5703125,
          0.57421875,
          0.578125,
          0.58203125,
          0.5859375,
          0.58984375,
          0.59375,
          0.59765625,
          0.6015625,
          0.60546875,
          0.609375,
          0.61328125,
          0.6171875,
          0.62109375,
          0.625,
          0.62890625,
          0.6328125,
          0.63671875,
          0.640625,
          0.64453125,
          0.6484375,
          0.65234375,
          0.65625,
          0.66015625,
          0.6640625,
          0.66796875,
          0.671875,
          0.67578125,
          0.6796875,
          0.68359375,
          0.6875,
          0.69140625,
          0.6953125,
          0.69921875,
          0.703125,
          0.70703125,
          0.7109375,
          0.71484375,
          0.71875,
          0.72265625,
          0.7265625,
          0.73046875,
          0.734375,
          0.73828125,
          0.7421875,
          0.74609375,
          0.75,
          0.75390625,
          0.7578125,
          0.76171875,
          0.765625,
          0.76953125,
          0.7734375,
          0.77734375,
          0.78125,
          0.78515625,
          0.7890625,
          0.79296875,
          0.796875,
          0.80078125,
          0.8046875,
          0.80859375,
          0.8125,
          0.81640625,
          0.8203125,
          0.82421875,
          0.828125,
          0.83203125,
          0.8359375,
          0.83984375,
          0.84375,
          0.84765625,
          0.8515625,
          0.85546875,
          0.859375,
          0.86328125,
          0.8671875,
          0.87109375,
          0.875,
          0.87890625,
          0.8828125,
          0.88671875,
          0.890625,
          0.89453125,
          0.8984375,
          0.90234375,
          0.90625,
          0.91015625,
          0.9140625,
          0.91796875,
          0.921875,
          0.92578125,
          0.9296875,
          0.93359375,
          0.9375,
          0.94140625,
          0.9453125,
          0.94921875,
          0.953125,
          0.95703125,
          0.9609375,
          0.96484375,
          0.96875,
          0.97265625,
          0.9765625,
          0.98046875,
          0.984375,
          0.98828125,
          0.9921875,
          0.99609375
        ]
      },
      "order": 4,
      "dofs": {
        "$type": "ref",
        "value": "140271848575664"
      }
    },
    "140271820452400": {
      "@module": "simsopt._core.optimizable",
      "@class": "DOFs",
      "@name": "140271820452400",
      "@version": "0.1.dev5270+gee055f063",
      "x": {
        "@module": "numpy",
        "@class": "array",
        "dtype": "float64",
        "data": [
          0.042113715447880465
        ]
      },
      "names": [
        "x0"
      ],
      "free": {
        "@module": "numpy",
        "@class": "array",
        "dtype": "bool",
        "data": [
          true
        ]
      },
      "lower_bounds": {
        "@module": "numpy",
        "@class": "array",
        "dtype": "float64",
        "data": [
          -Infinity
        ]
      },
      "upper_bounds": {
        "@module": "numpy",
        "@class": "array",
        "dtype": "float64",
        "data": [
          Infinity
        ]
      }
    },
    "Current11": {
      "@module": "simsopt.field.coil",
      "@class": "Current",
      "@name": "Current11",
      "@version": "0.1.dev5270+gee055f063",
      "current": 0.042113715447880465,
      "dofs": {
        "$type": "ref",
        "value": "140271820452400"
      }
    },
    "ScaledCurrent27": {
      "@module": "simsopt.field.coil",
      "@class": "ScaledCurrent",
      "@name": "ScaledCurrent27",
      "@version": "0.1.dev5270+gee055f063",
      "current_to_scale": {
        "$type": "ref",
        "value": "Current11"
      },
      "scale": 10000000.0
    },
    "RegularizedCoil35": {
      "@module": "simsopt.field.coil",
      "@class": "RegularizedCoil",
      "@name": "RegularizedCoil35",
      "@version": "0.1.dev5270+gee055f063",
      "curve": {
        "$type": "ref",
        "value": "CurveXYZFourier3"
      },
      "current": {
        "$type": "ref",
        "value": "ScaledCurrent27"
      },
      "regularization": {
        "@module": "numpy",
        "@class": "array",
        "dtype": "float64",
        "data": 0.0009704490555402135
      }
    },
    "140271848576432": {
      "@module": "simsopt._core.optimizable",
      "@class": "DOFs",
      "@name": "140271848576432",
      "@version": "0.1.dev5270+gee055f063",
      "x": {
        "@module": "numpy",
        "@class": "array",
        "dtype": "float64",
        "data": [
          0.21036215359983373,
          0.016332363328420498,
          0.14799955234482365,
          -0.02478673471659851,
          -0.019893097090403652,
          0.027635698419209417,
          0.017407462627935213,
          -0.027697147382292484,
          -0.015012800657196521,
          1.0743089036176818,
          0.01874926871610479,
          0.7332166493332819,
          -0.0373430070677169,
          -0.09727782556948011,
          0.052744732303597844,
          0.08920559794043992,
          -0.06495268591104206,
          -0.07684019571330056,
          0.027252400688089113,
          -0.6460620446140205,
          -0.02423829534221312,
          0.005149737197211637,
          0.019005751885225103,
          -0.008936545003835672,
          -0.014446514286442332,
          0.011945207388437473,
          0.009247702067766502
        ]
      },
      "names": [
        "xc(0)",
        "xs(1)",
        "xc(1)",
        "xs(2)",
        "xc(2)",
        "xs(3)",
        "xc(3)",
        "xs(4)",
        "xc(4)",
        "yc(0)",
        "ys(1)",
        "yc(1)",
        "ys(2)",
        "yc(2)",
        "ys(3)",
        "yc(3)",
        "ys(4)",
        "yc(4)",
        "zc(0)",
        "zs(1)",
        "zc(1)",
        "zs(2)",
        "zc(2)",
        "zs(3)",
        "zc(3)",
        "zs(4)",
        "zc(4)"
      ],
      "free": {
        "@module": "numpy",
        "@class": "array",
        "dtype": "bool",
        "data": [
          true,
          true,
          true,
          true,
          true,
          true,
          true,
          true,
          true,
          true,
          true,
          true,
          true,
          true,
          true,
          true,
          true,
          true,
          true,
          true,
          true,
          true,
          true,
          true,
          true,
          true,
          true
        ]
      },
      "lower_bounds": {
        "@module": "numpy",
        "@class": "array",
        "dtype": "float64",
        "data": [
          -Infinity,
          -Infinity,
          -Infinity,
          -Infinity,
          -Infinity,
          -Infinity,
          -Infinity,
          -Infinity,
          -Infinity,
          -Infinity,
          -Infinity,
          -Infinity,
          -Infinity,
          -Infinity,
          -Infinity,
          -Infinity,
          -Infinity,
          -Infinity,
          -Infinity,
          -Infinity,
          -Infinity,
          -Infinity,
          -Infinity,
          -Infinity,
          -Infinity,
          -Infinity,
          -Infinity
        ]
      },
      "upper_bounds": {
        "@module": "numpy",
        "@class": "array",
        "dtype": "float64",
        "data": [
          Infinity,
          Infinity,
          Infinity,
          Infinity,
          Infinity,
          Infinity,
          Infinity,
          Infinity,
          Infinity,
          Infinity,
          Infinity,
          Infinity,
          Infinity,
          Infinity,
          Infinity,
          Infinity,
          Infinity,
          Infinity,
          Infinity,
          Infinity,
          Infinity,
          Infinity,
          Infinity,
          Infinity,
          Infinity,
          Infinity,
          Infinity
        ]
      }
    },
    "CurveXYZFourier4": {
      "@module": "simsopt.geo.curvexyzfourier",
      "@class": "CurveXYZFourier",
      "@name": "CurveXYZFourier4",
      "@version": "0.1.dev5270+gee055f063",
      "quadpoints": {
        "@module": "numpy",
        "@class": "array",
        "dtype": "float64",
        "data": [
          0.0,
          0.00390625,
          0.0078125,
          0.01171875,
          0.015625,
          0.01953125,
          0.0234375,
          0.02734375,
          0.03125,
          0.03515625,
          0.0390625,
          0.04296875,
          0.046875,
          0.05078125,
          0.0546875,
          0.05859375,
          0.0625,
          0.06640625,
          0.0703125,
          0.07421875,
          0.078125,
          0.08203125,
          0.0859375,
          0.08984375,
          0.09375,
          0.09765625,
          0.1015625,
          0.10546875,
          0.109375,
          0.11328125,
          0.1171875,
          0.12109375,
          0.125,
          0.12890625,
          0.1328125,
          0.13671875,
          0.140625,
          0.14453125,
          0.1484375,
          0.15234375,
          0.15625,
          0.16015625,
          0.1640625,
          0.16796875,
          0.171875,
          0.17578125,
          0.1796875,
          0.18359375,
          0.1875,
          0.19140625,
          0.1953125,
          0.19921875,
          0.203125,
          0.20703125,
          0.2109375,
          0.21484375,
          0.21875,
          0.22265625,
          0.2265625,
          0.23046875,
          0.234375,
          0.23828125,
          0.2421875,
          0.24609375,
          0.25,
          0.25390625,
          0.2578125,
          0.26171875,
          0.265625,
          0.26953125,
          0.2734375,
          0.27734375,
          0.28125,
          0.28515625,
          0.2890625,
          0.29296875,
          0.296875,
          0.30078125,
          0.3046875,
          0.30859375,
          0.3125,
          0.31640625,
          0.3203125,
          0.32421875,
          0.328125,
          0.33203125,
          0.3359375,
          0.33984375,
          0.34375,
          0.34765625,
          0.3515625,
          0.35546875,
          0.359375,
          0.36328125,
          0.3671875,
          0.37109375,
          0.375,
          0.37890625,
          0.3828125,
          0.38671875,
          0.390625,
          0.39453125,
          0.3984375,
          0.40234375,
          0.40625,
          0.41015625,
          0.4140625,
          0.41796875,
          0.421875,
          0.42578125,
          0.4296875,
          0.43359375,
          0.4375,
          0.44140625,
          0.4453125,
          0.44921875,
          0.453125,
          0.45703125,
          0.4609375,
          0.46484375,
          0.46875,
          0.47265625,
          0.4765625,
          0.48046875,
          0.484375,
          0.48828125,
          0.4921875,
          0.49609375,
          0.5,
          0.50390625,
          0.5078125,
          0.51171875,
          0.515625,
          0.51953125,
          0.5234375,
          0.52734375,
          0.53125,
          0.53515625,
          0.5390625,
          0.54296875,
          0.546875,
          0.55078125,
          0.5546875,
          0.55859375,
          0.5625,
          0.56640625,
          0.5703125,
          0.57421875,
          0.578125,
          0.58203125,
          0.5859375,
          0.58984375,
          0.59375,
          0.59765625,
          0.6015625,
          0.60546875,
          0.609375,
          0.61328125,
          0.6171875,
          0.62109375,
          0.625,
          0.62890625,
          0.6328125,
          0.63671875,
          0.640625,
          0.64453125,
          0.6484375,
          0.65234375,
          0.65625,
          0.66015625,
          0.6640625,
          0.66796875,
          0.671875,
          0.67578125,
          0.6796875,
          0.68359375,
          0.6875,
          0.69140625,
          0.6953125,
          0.69921875,
          0.703125,
          0.70703125,
          0.7109375,
          0.71484375,
          0.71875,
          0.72265625,
          0.7265625,
          0.73046875,
          0.734375,
          0.73828125,
          0.7421875,
          0.74609375,
          0.75,
          0.75390625,
          0.7578125,
          0.76171875,
          0.765625,
          0.76953125,
          0.7734375,
          0.77734375,
          0.78125,
          0.78515625,
          0.7890625,
          0.79296875,
          0.796875,
          0.80078125,
          0.8046875,
          0.80859375,
          0.8125,
          0.81640625,
          0.8203125,
          0.82421875,
          0.828125,
          0.83203125,
          0.8359375,
          0.83984375,
          0.84375,
          0.84765625,
          0.8515625,
          0.85546875,
          0.859375,
          0.86328125,
          0.8671875,
          0.87109375,
          0.875,
          0.87890625,
          0.8828125,
          0.88671875,
          0.890625,
          0.89453125,
          0.8984375,
          0.90234375,
          0.90625,
          0.91015625,
          0.9140625,
          0.91796875,
          0.921875,
          0.92578125,
          0.9296875,
          0.93359375,
          0.9375,
          0.94140625,
          0.9453125,
          0.94921875,
          0.953125,
          0.95703125,
          0.9609375,
          0.96484375,
          0.96875,
          0.97265625,
          0.9765625,
          0.98046875,
          0.984375,
          0.98828125,
          0.9921875,
          0.99609375
        ]
      },
      "order": 4,
      "dofs": {
        "$type": "ref",
        "value": "140271848576432"
      }
    },
    "140271820453648": {
      "@module": "simsopt._core.optimizable",
      "@class": "DOFs",
      "@name": "140271820453648",
      "@version": "0.1.dev5270+gee055f063",
      "x": {
        "@module": "numpy",
        "@class": "array",
        "dtype": "float64",
        "data": [
          1249999.999869948
        ]
      },
      "names": [
        "x0"
      ],
      "free": {
        "@module": "numpy",
        "@class": "array",
        "dtype": "bool",
        "data": [
          false
        ]
      },
      "lower_bounds": {
        "@module": "numpy",
        "@class": "array",
        "dtype": "float64",
        "data": [
          -Infinity
        ]
      },
      "upper_bounds": {
        "@module": "numpy",
        "@class": "array",
        "dtype": "float64",
        "data": [
          Infinity
        ]
      }
    },
    "Current12": {
      "@module": "simsopt.field.coil",
      "@class": "Current",
      "@name": "Current12",
      "@version": "0.1.dev5270+gee055f063",
      "current": 1249999.999869948,
      "dofs": {
        "$type": "ref",
        "value": "140271820453648"
      }
    },
    "CurrentSum7": {
      "@module": "simsopt.field.coil",
      "@class": "CurrentSum",
      "@name": "CurrentSum7",
      "@version": "0.1.dev5270+gee055f063",
      "current_a": {
        "$type": "ref",
        "value": "ScaledCurrent25"
      },
      "current_b": {
        "$type": "ref",
        "value": "ScaledCurrent26"
      }
    },
    "CurrentSum8": {
      "@module": "simsopt.field.coil",
      "@class": "CurrentSum",
      "@name": "CurrentSum8",
      "@version": "0.1.dev5270+gee055f063",
      "current_a": {
        "$type": "ref",
        "value": "CurrentSum7"
      },
      "current_b": {
        "$type": "ref",
        "value": "ScaledCurrent27"
      }
    },
    "ScaledCurrent28": {
      "@module": "simsopt.field.coil",
      "@class": "ScaledCurrent",
      "@name": "ScaledCurrent28",
      "@version": "0.1.dev5270+gee055f063",
      "current_to_scale": {
        "$type": "ref",
        "value": "CurrentSum8"
      },
      "scale": -1.0
    },
    "CurrentSum9": {
      "@module": "simsopt.field.coil",
      "@class": "CurrentSum",
      "@name": "CurrentSum9",
      "@version": "0.1.dev5270+gee055f063",
      "current_a": {
        "$type": "ref",
        "value": "Current12"
      },
      "current_b": {
        "$type": "ref",
        "value": "ScaledCurrent28"
      }
    },
    "RegularizedCoil36": {
      "@module": "simsopt.field.coil",
      "@class": "RegularizedCoil",
      "@name": "RegularizedCoil36",
      "@version": "0.1.dev5270+gee055f063",
      "curve": {
        "$type": "ref",
        "value": "CurveXYZFourier4"
      },
      "current": {
        "$type": "ref",
        "value": "CurrentSum9"
      },
      "regularization": {
        "@module": "numpy",
        "@class": "array",
        "dtype": "float64",
        "data": 0.0009704490555402135
      }
    },
    "RotatedCurve25": {
      "@module": "simsopt.geo.curve",
      "@class": "RotatedCurve",
      "@name": "RotatedCurve25",
      "@version": "0.1.dev5270+gee055f063",
      "curve": {
        "$type": "ref",
        "value": "CurveXYZFourier1"
      },
      "phi": 0.0,
      "flip": true
    },
    "ScaledCurrent29": {
      "@module": "simsopt.field.coil",
      "@class": "ScaledCurrent",
      "@name": "ScaledCurrent29",
      "@version": "0.1.dev5270+gee055f063",
      "current_to_scale": {
        "$type": "ref",
        "value": "ScaledCurrent25"
      },
      "scale": -1.0
    },
    "RegularizedCoil37": {
      "@module": "simsopt.field.coil",
      "@class": "RegularizedCoil",
      "@name": "RegularizedCoil37",
      "@version": "0.1.dev5270+gee055f063",
      "curve": {
        "$type": "ref",
        "value": "RotatedCurve25"
      },
      "current": {
        "$type": "ref",
        "value": "ScaledCurrent29"
      },
      "regularization": {
        "@module": "numpy",
        "@class": "array",
        "dtype": "float64",
        "data": 0.0009704490555402135
      }
    },
    "RotatedCurve26": {
      "@module": "simsopt.geo.curve",
      "@class": "RotatedCurve",
      "@name": "RotatedCurve26",
      "@version": "0.1.dev5270+gee055f063",
      "curve": {
        "$type": "ref",
        "value": "CurveXYZFourier2"
      },
      "phi": 0.0,
      "flip": true
    },
    "ScaledCurrent30": {
      "@module": "simsopt.field.coil",
      "@class": "ScaledCurrent",
      "@name": "ScaledCurrent30",
      "@version": "0.1.dev5270+gee055f063",
      "current_to_scale": {
        "$type": "ref",
        "value": "ScaledCurrent26"
      },
      "scale": -1.0
    },
    "RegularizedCoil38": {
      "@module": "simsopt.field.coil",
      "@class": "RegularizedCoil",
      "@name": "RegularizedCoil38",
      "@version": "0.1.dev5270+gee055f063",
      "curve": {
        "$type": "ref",
        "value": "RotatedCurve26"
      },
      "current": {
        "$type": "ref",
        "value": "ScaledCurrent30"
      },
      "regularization": {
        "@module": "numpy",
        "@class": "array",
        "dtype": "float64",
        "data": 0.0009704490555402135
      }
    },
    "RotatedCurve27": {
      "@module": "simsopt.geo.curve",
      "@class": "RotatedCurve",
      "@name": "RotatedCurve27",
      "@version": "0.1.dev5270+gee055f063",
      "curve": {
        "$type": "ref",
        "value": "CurveXYZFourier3"
      },
      "phi": 0.0,
      "flip": true
    },
    "ScaledCurrent31": {
      "@module": "simsopt.field.coil",
      "@class": "ScaledCurrent",
      "@name": "ScaledCurrent31",
      "@version": "0.1.dev5270+gee055f063",
      "current_to_scale": {
        "$type": "ref",
        "value": "ScaledCurrent27"
      },
      "scale": -1.0
    },
    "RegularizedCoil39": {
      "@module": "simsopt.field.coil",
      "@class": "RegularizedCoil",
      "@name": "RegularizedCoil39",
      "@version": "0.1.dev5270+gee055f063",
      "curve": {
        "$type": "ref",
        "value": "RotatedCurve27"
      },
      "current": {
        "$type": "ref",
        "value": "ScaledCurrent31"
      },
      "regularization": {
        "@module": "numpy",
        "@class": "array",
        "dtype": "float64",
        "data": 0.0009704490555402135
      }
    },
    "RotatedCurve28": {
      "@module": "simsopt.geo.curve",
      "@class": "RotatedCurve",
      "@name": "RotatedCurve28",
      "@version": "0.1.dev5270+gee055f063",
      "curve": {
        "$type": "ref",
        "value": "CurveXYZFourier4"
      },
      "phi": 0.0,
      "flip": true
    },
    "ScaledCurrent32": {
      "@module": "simsopt.field.coil",
      "@class": "ScaledCurrent",
      "@name": "ScaledCurrent32",
      "@version": "0.1.dev5270+gee055f063",
      "current_to_scale": {
        "$type": "ref",
        "value": "CurrentSum9"
      },
      "scale": -1.0
    },
    "RegularizedCoil40": {
      "@module": "simsopt.field.coil",
      "@class": "RegularizedCoil",
      "@name": "RegularizedCoil40",
      "@version": "0.1.dev5270+gee055f063",
      "curve": {
        "$type": "ref",
        "value": "RotatedCurve28"
      },
      "current": {
        "$type": "ref",
        "value": "ScaledCurrent32"
      },
      "regularization": {
        "@module": "numpy",
        "@class": "array",
        "dtype": "float64",
        "data": 0.0009704490555402135
      }
    },
    "RotatedCurve29": {
      "@module": "simsopt.geo.curve",
      "@class": "RotatedCurve",
      "@name": "RotatedCurve29",
      "@version": "0.1.dev5270+gee055f063",
      "curve": {
        "$type": "ref",
        "value": "CurveXYZFourier1"
      },
      "phi": 3.141592653589793,
      "flip": false
    },
    "RegularizedCoil41": {
      "@module": "simsopt.field.coil",
      "@class": "RegularizedCoil",
      "@name": "RegularizedCoil41",
      "@version": "0.1.dev5270+gee055f063",
      "curve": {
        "$type": "ref",
        "value": "RotatedCurve29"
      },
      "current": {
        "$type": "ref",
        "value": "ScaledCurrent25"
      },
      "regularization": {
        "@module": "numpy",
        "@class": "array",
        "dtype": "float64",
        "data": 0.0009704490555402135
      }
    },
    "RotatedCurve30": {
      "@module": "simsopt.geo.curve",
      "@class": "RotatedCurve",
      "@name": "RotatedCurve30",
      "@version": "0.1.dev5270+gee055f063",
      "curve": {
        "$type": "ref",
        "value": "CurveXYZFourier2"
      },
      "phi": 3.141592653589793,
      "flip": false
    },
    "RegularizedCoil42": {
      "@module": "simsopt.field.coil",
      "@class": "RegularizedCoil",
      "@name": "RegularizedCoil42",
      "@version": "0.1.dev5270+gee055f063",
      "curve": {
        "$type": "ref",
        "value": "RotatedCurve30"
      },
      "current": {
        "$type": "ref",
        "value": "ScaledCurrent26"
      },
      "regularization": {
        "@module": "numpy",
        "@class": "array",
        "dtype": "float64",
        "data": 0.0009704490555402135
      }
    },
    "RotatedCurve31": {
      "@module": "simsopt.geo.curve",
      "@class": "RotatedCurve",
      "@name": "RotatedCurve31",
      "@version": "0.1.dev5270+gee055f063",
      "curve": {
        "$type": "ref",
        "value": "CurveXYZFourier3"
      },
      "phi": 3.141592653589793,
      "flip": false
    },
    "RegularizedCoil43": {
      "@module": "simsopt.field.coil",
      "@class": "RegularizedCoil",
      "@name": "RegularizedCoil43",
      "@version": "0.1.dev5270+gee055f063",
      "curve": {
        "$type": "ref",
        "value": "RotatedCurve31"
      },
      "current": {
        "$type": "ref",
        "value": "ScaledCurrent27"
      },
      "regularization": {
        "@module": "numpy",
        "@class": "array",
        "dtype": "float64",
        "data": 0.0009704490555402135
      }
    },
    "RotatedCurve32": {
      "@module": "simsopt.geo.curve",
      "@class": "RotatedCurve",
      "@name": "RotatedCurve32",
      "@version": "0.1.dev5270+gee055f063",
      "curve": {
        "$type": "ref",
        "value": "CurveXYZFourier4"
      },
      "phi": 3.141592653589793,
      "flip": false
    },
    "RegularizedCoil44": {
      "@module": "simsopt.field.coil",
      "@class": "RegularizedCoil",
      "@name": "RegularizedCoil44",
      "@version": "0.1.dev5270+gee055f063",
      "curve": {
        "$type": "ref",
        "value": "RotatedCurve32"
      },
      "current": {
        "$type": "ref",
        "value": "CurrentSum9"
      },
      "regularization": {
        "@module": "numpy",
        "@class": "array",
        "dtype": "float64",
        "data": 0.0009704490555402135
      }
    },
    "RotatedCurve33": {
      "@module": "simsopt.geo.curve",
      "@class": "RotatedCurve",
      "@name": "RotatedCurve33",
      "@version": "0.1.dev5270+gee055f063",
      "curve": {
        "$type": "ref",
        "value": "CurveXYZFourier1"
      },
      "phi": 3.141592653589793,
      "flip": true
    },
    "ScaledCurrent33": {
      "@module": "simsopt.field.coil",
      "@class": "ScaledCurrent",
      "@name": "ScaledCurrent33",
      "@version": "0.1.dev5270+gee055f063",
      "current_to_scale": {
        "$type": "ref",
        "value": "ScaledCurrent25"
      },
      "scale": -1.0
    },
    "RegularizedCoil45": {
      "@module": "simsopt.field.coil",
      "@class": "RegularizedCoil",
      "@name": "RegularizedCoil45",
      "@version": "0.1.dev5270+gee055f063",
      "curve": {
        "$type": "ref",
        "value": "RotatedCurve33"
      },
      "current": {
        "$type": "ref",
        "value": "ScaledCurrent33"
      },
      "regularization": {
        "@module": "numpy",
        "@class": "array",
        "dtype": "float64",
        "data": 0.0009704490555402135
      }
    },
    "RotatedCurve34": {
      "@module": "simsopt.geo.curve",
      "@class": "RotatedCurve",
      "@name": "RotatedCurve34",
      "@version": "0.1.dev5270+gee055f063",
      "curve": {
        "$type": "ref",
        "value": "CurveXYZFourier2"
      },
      "phi": 3.141592653589793,
      "flip": true
    },
    "ScaledCurrent34": {
      "@module": "simsopt.field.coil",
      "@class": "ScaledCurrent",
      "@name": "ScaledCurrent34",
      "@version": "0.1.dev5270+gee055f063",
      "current_to_scale": {
        "$type": "ref",
        "value": "ScaledCurrent26"
      },
      "scale": -1.0
    },
    "RegularizedCoil46": {
      "@module": "simsopt.field.coil",
      "@class": "RegularizedCoil",
      "@name": "RegularizedCoil46",
      "@version": "0.1.dev5270+gee055f063",
      "curve": {
        "$type": "ref",
        "value": "RotatedCurve34"
      },
      "current": {
        "$type": "ref",
        "value": "ScaledCurrent34"
      },
      "regularization": {
        "@module": "numpy",
        "@class": "array",
        "dtype": "float64",
        "data": 0.0009704490555402135
      }
    },
    "RotatedCurve35": {
      "@module": "simsopt.geo.curve",
      "@class": "RotatedCurve",
      "@name": "RotatedCurve35",
      "@version": "0.1.dev5270+gee055f063",
      "curve": {
        "$type": "ref",
        "value": "CurveXYZFourier3"
      },
      "phi": 3.141592653589793,
      "flip": true
    },
    "ScaledCurrent35": {
      "@module": "simsopt.field.coil",
      "@class": "ScaledCurrent",
      "@name": "ScaledCurrent35",
      "@version": "0.1.dev5270+gee055f063",
      "current_to_scale": {
        "$type": "ref",
        "value": "ScaledCurrent27"
      },
      "scale": -1.0
    },
    "RegularizedCoil47": {
      "@module": "simsopt.field.coil",
      "@class": "RegularizedCoil",
      "@name": "RegularizedCoil47",
      "@version": "0.1.dev5270+gee055f063",
      "curve": {
        "$type": "ref",
        "value": "RotatedCurve35"
      },
      "current": {
        "$type": "ref",
        "value": "ScaledCurrent35"
      },
      "regularization": {
        "@module": "numpy",
        "@class": "array",
        "dtype": "float64",
        "data": 0.0009704490555402135
      }
    },
    "RotatedCurve36": {
      "@module": "simsopt.geo.curve",
      "@class": "RotatedCurve",
      "@name": "RotatedCurve36",
      "@version": "0.1.dev5270+gee055f063",
      "curve": {
        "$type": "ref",
        "value": "CurveXYZFourier4"
      },
      "phi": 3.141592653589793,
      "flip": true
    },
    "ScaledCurrent36": {
      "@module": "simsopt.field.coil",
      "@class": "ScaledCurrent",
      "@name": "ScaledCurrent36",
      "@version": "0.1.dev5270+gee055f063",
      "current_to_scale": {
        "$type": "ref",
        "value": "CurrentSum9"
      },
      "scale": -1.0
    },
    "RegularizedCoil48": {
      "@module": "simsopt.field.coil",
      "@class": "RegularizedCoil",
      "@name": "RegularizedCoil48",
      "@version": "0.1.dev5270+gee055f063",
      "curve": {
        "$type": "ref",
        "value": "RotatedCurve36"
      },
      "current": {
        "$type": "ref",
        "value": "ScaledCurrent36"
      },
      "regularization": {
        "@module": "numpy",
        "@class": "array",
        "dtype": "float64",
        "data": 0.0009704490555402135
      }
    },
    "BiotSavart5": {
      "@module": "simsopt.field.biotsavart",
      "@class": "BiotSavart",
      "@name": "BiotSavart5",
      "@version": "0.1.dev5270+gee055f063",
      "coils": [
        {
          "$type": "ref",
          "value": "RegularizedCoil33"
        },
        {
          "$type": "ref",
          "value": "RegularizedCoil34"
        },
        {
          "$type": "ref",
          "value": "RegularizedCoil35"
        },
        {
          "$type": "ref",
          "value": "RegularizedCoil36"
        },
        {
          "$type": "ref",
          "value": "RegularizedCoil37"
        },
        {
          "$type": "ref",
          "value": "RegularizedCoil38"
        },
        {
          "$type": "ref",
          "value": "RegularizedCoil39"
        },
        {
          "$type": "ref",
          "value": "RegularizedCoil40"
        },
        {
          "$type": "ref",
          "value": "RegularizedCoil41"
        },
        {
          "$type": "ref",
          "value": "RegularizedCoil42"
        },
        {
          "$type": "ref",
          "value": "RegularizedCoil43"
        },
        {
          "$type": "ref",
          "value": "RegularizedCoil44"
        },
        {
          "$type": "ref",
          "value": "RegularizedCoil45"
        },
        {
          "$type": "ref",
          "value": "RegularizedCoil46"
        },
        {
          "$type": "ref",
          "value": "RegularizedCoil47"
        },
        {
          "$type": "ref",
          "value": "RegularizedCoil48"
        }
      ],
      "points": {
        "@module": "numpy",
        "@class": "array",
        "dtype": "float64",
        "data": [
          [
            1.3233889925885127,
            0.06501393222546248,
            0.0015002063647645896
          ],
          [
            1.291409913327013,
            0.06344290080281689,
            0.19033166107066024
          ],
          [
            1.2146307371396519,
            0.05967098174883694,
            0.3510295744037273
          ],
          [
            1.1171638277133473,
            0.05488273953195662,
            0.4572181774497732
          ],
          [
            1.0328037058796926,
            0.0507383925001007,
            0.4845949140919134
          ],
          [
            1.0016322393093695,
            0.04920703654480647,
            0.4345535653762816
          ],
          [
            1.0377269600335737,
            0.050980256467295315,
            0.32846339247420686
          ],
          [
            1.1053663270052931,
            0.05430316548701685,
            0.1851268700431438
          ],
          [
            1.1464020363746492,
            0.056319120616388725,
            0.019932968637201395
          ],
          [
            1.1317255300376639,
            0.05559811009443102,
            -0.1466879345061675
          ],
          [
            1.0786751471778773,
            0.05299191190546555,
            -0.29369709800175
          ],
          [
            1.0404718346650814,
            0.05111510351095342,
            -0.4055471947665718
          ],
          [
            1.0612651416809065,
            0.052136613180930276,
            -0.46404727487060415
          ],
          [
            1.1367685781295005,
            0.05584585916041886,
            -0.446614593644291
          ],
          [
            1.2283297197369147,
            0.06034396960888722,
            -0.34679258012026404
          ],
          [
            1.29868419042451,
            0.06380026312096712,
            -0.1873964480436333
          ],
          [
            1.3062567693686125,
            0.19376488786294446,
            0.004873558092065633
          ],
          [
            1.2679091967175875,
            0.18807656280405613,
            0.19125968110520064
          ],
          [
            1.1865570523278408,
            0.17600911212764084,
            0.35073409594332244
          ],
          [
            1.0855485594388,
            0.1610259175851848,
            0.46103822816006906
          ],
          [
            0.9943652340925969,
            0.14750014897292538,
            0.49768001431302283
          ],
          [
            0.9517575973769836,
            0.14117990310403972,
            0.4566870704709668
          ],
          [
            0.9801125120903867,
            0.14538595737961799,
            0.357706479029651
          ],
          [
            1.0552692830506827,
            0.15653441122020686,
            0.2200059578519106
          ],
          [
            1.118876298976774,
            0.16596962074197102,
            0.058771888101821844
          ],
          [
            1.13167819766101,
            0.16786860302566303,
            -0.10665072612497209
          ],
          [
            1.0988009310618545,
            0.16299172121711578,
            -0.255067550432454
          ],
          [
            1.0648368220182616,
            0.15795362156127432,
            -0.3707867276161779
          ],
          [
            1.077832212064247,
            0.15988130557719155,
            -0.4365956936509344
          ],
          [
            1.1433360678941524,
            0.16959788471929013,
            -0.42914848968707986
          ],
          [
            1.2269398405868177,
            0.18199933290358813,
            -0.33745608074048555
          ],
          [
            1.2894051264116522,
            0.1912651827632801,
            -0.18175828350390866
          ],
          [
            1.2726177681345716,
            0.31877415622547245,
            0.009244307000420643
          ],
          [
            1.229038054094222,
            0.30785800612949893,
            0.19089862964699794
          ],
          [
            1.1451172211324965,
            0.28683693178419395,
            0.34665599003796144
          ],
          [
            1.042996270295833,
            0.2612569652372724,
            0.45849826692252876
          ],
          [
            0.9475782826522593,
            0.23735600356486206,
            0.5030689614816175
          ],
          [
            0.8940838961137978,
            0.22395635729354413,
            0.4711286203327072
          ],
          [
            0.9107025765608219,
            0.2281191200411099,
            0.3799253012547221
          ],
          [
            0.9860019367031424,
            0.2469806278675101,
            0.24935830355998231
          ],
          [
            1.0662869554985874,
            0.2670909781744829,
            0.09448982570007183
          ],
          [
            1.1048905753408473,
            0.2767606815611514,
            -0.0669807787538209
          ],
          [
            1.0953989795563877,
            0.27438316058573753,
            -0.2142974358357047
          ],
          [
            1.0716041107777903,
            0.26842285623723566,
            -0.33161972026281034
          ],
          [
            1.0804798088728318,
            0.27064610287263835,
            -0.40309205377508817
          ],
          [
            1.135896572674847,
            0.2845272795810446,
            -0.40516390351761
          ],
          [
            1.209986533563616,
            0.3030858486647652,
            -0.3228605481128518
          ],
          [
            1.2636567099710911,
            0.3165295280060047,
            -0.172985070176826
          ],
          [
            1.2236162887390494,
            0.43781690880447655,
            0.014884197485545647
          ],
          [
            1.1762300067842688,
            0.4208618260092329,
            0.18979907305135096
          ],
          [
            1.0917145734878932,
            0.3906217204364137,
            0.33952192840230955
          ],
          [
            0.9907235911972851,
            0.3544865691716603,
            0.4502361238668457
          ],
          [
            0.8937922342694551,
            0.3198039750881025,
            0.5008670103235398
          ],
          [
            0.8313044415475122,
            0.2974454853398752,
            0.4774414461981645
          ],
          [
            0.8343022095538655,
            0.2985181038837221,
            0.39397753689177034
          ],
          [
            0.9032581983657263,
            0.3231909511995062,
            0.27135746681917977
          ],
          [
            0.9931206793194344,
            0.3553442610162604,
            0.12493899556359614
          ],
          [
            1.053365946397188,
            0.3769003622588022,
            -0.029732589473332894
          ],
          [
            1.067696173046202,
            0.3820277993415533,
            -0.17319588593761
          ],
          [
            1.058524639031541,
            0.3787461719978768,
            -0.2895946690599448
          ],
          [
            1.0673960216162963,
            0.38192040344267225,
            -0.36465598842146424
          ],
          [
            1.1136693331119663,
            0.39847725903999215,
            -0.3754206755246624
          ],
          [
            1.1773023108114276,
            0.42124550252513887,
            -0.3033931325157533
          ],
          [
            1.221864334408137,
            0.43719004952139434,
            -0.16114151408566715
          ],
          [
            1.1607623508419236,
            0.5489997051290321,
            0.021531009429556734
          ],
          [
            1.111390760676962,
            0.5256486820512629,
            0.18821369009806652
          ],
          [
            1.0281663728101846,
            0.48628647809516024,
            0.32991821700072066
          ],
          [
            0.930197214422094,
            0.4399505170538758,
            0.4369850194613213
          ],
          [
            0.8342281916338246,
            0.39456054969831295,
            0.4915090937858112
          ],
          [
            0.7654722655945342,
            0.3620414185479398,
            0.4756330526418076
          ],
          [
            0.7550369045155124,
            0.3571058603338552,
            0.39930339171861473
          ],
          [
            0.8129462377275855,
            0.3844949351385191,
            0.284604365003908
          ],
          [
            0.9051251590880971,
            0.4280923180216971,
            0.1480646620898534
          ],
          [
            0.9810401354549034,
            0.4639974278058185,
            0.0029174484071866525
          ],
          [
            1.0169558389894184,
            0.48098429047899954,
            -0.13374191409827374
          ],
          [
            1.024660168308816,
            0.4846281668689413,
            -0.2464837451870333
          ],
          [
            1.0373336310510641,
            0.49062226833459566,
            -0.32268319988259875
          ],
          [
            1.0762515616748538,
            0.5090290786702304,
            -0.34102031203091737
          ],
          [
            1.1291886424459234,
            0.5340664532134599,
            -0.2799631062891435
          ],
          [
            1.1648387475162003,
            0.5509276971685255,
            -0.1469113646397981
          ],
          [
            1.085805661034858,
            0.6508068676855474,
            0.028325329141149144
          ],
          [
            1.0366511247001853,
            0.6213447724207145,
            0.18601430612007844
          ],
          [
            0.9565568084087355,
            0.5733380867165953,
            0.3182664946637584
          ],
          [
            0.8631330907434508,
            0.5173420652892111,
            0.41951460240808813
          ],
          [
            0.7701424576119813,
            0.46160562474173017,
            0.4757365336104395
          ],
          [
            0.6980954174254531,
            0.4184222907138706,
            0.46617736722581216
          ],
          [
            0.6760281576787652,
            0.4051956842321383,
            0.39607394798143614
          ],
          [
            0.7203641918495047,
            0.4317696804450131,
            0.28845273033670804
          ],
          [
            0.8084070894921015,
            0.4845405624665043,
            0.1622154317796325
          ],
          [
            0.893099488806652,
            0.5353032330738247,
            0.02879474487259511
          ],
          [
            0.9462120286830613,
            0.5671376643650057,
            -0.09811950362253553
          ],
          [
            0.970593250786245,
            0.5817512065086299,
            -0.20432420693376913
          ],
          [
            0.9898905384306038,
            0.5933175556052838,
            -0.27889294104493856
          ],
          [
            1.0237740540719211,
            0.61362655331274,
            -0.3033236853272596
          ],
          [
            1.066560290856532,
            0.6392716367204888,
            -0.25381333328003247
          ],
          [
            1.0938924138132273,
            0.6556538807692901,
            -0.13151389947334413
          ],
          [
            1.0006673663253067,
            0.7421454988717626,
            0.033939099936992775
          ],
          [
            0.9540778020653048,
            0.7075923230877561,
            0.18266340271696488
          ],
          [
            0.8789453970559576,
            0.6518703338698421,
            0.30484374048824064
          ],
          [
            0.7913293571685012,
            0.5868898500251174,
            0.3986326093447384
          ],
          [
            0.7028704830548224,
            0.5212842777160983,
            0.45456560570366367
          ],
          [
            0.6303013765233348,
            0.4674633602145471,
            0.4499912059204397
          ],
          [
            0.5993541187286692,
            0.4445113095655118,
            0.38519428945801193
          ],
          [
            0.6296408333551905,
            0.4669734680130566,
            0.28323201440487017
          ],
          [
            0.7085965403311746,
            0.5255310112230899,
            0.16652000775641965
          ],
          [
            0.7951967491483197,
            0.589758103399598,
            0.04602684298343811
          ],
          [
            0.8597479758530211,
            0.6376325559476698,
            -0.06860628323341808
          ],
          [
            0.898385827150999,
            0.6662883394695928,
            -0.16541263399358438
          ],
          [
            0.9256693709399411,
            0.6865231946248986,
            -0.23537901851710843
          ],
          [
            0.9569692121165845,
            0.7097367389317842,
            -0.26391696664087977
          ],
          [
            0.9909560202500555,
            0.7349430737500158,
            -0.22625526975003823
          ],
          [
            1.0109061150107153,
            0.749739072427438,
            -0.11639430289322293
          ],
          [
            0.9073954787127299,
            0.8224153233120564,
            0.036922111667615276
          ],
          [
            0.8654608515663476,
            0.7844079927140594,
            0.17728048280925468
          ],
          [
            0.7970506116789124,
            0.7224045654601617,
            0.28979164572198346
          ],
          [
            0.7163816858629657,
            0.6492905129190629,
            0.37519942952085666
          ],
          [
            0.6336997006283758,
            0.5743519296728095,
            0.42923691466156444
          ],
          [
            0.5629465657170145,
            0.5102250261466673,
            0.42836293810552445
          ],
          [
            0.5261913117317689,
            0.4769120057505602,
            0.36815055221600973
          ],
          [
            0.5435118408130271,
            0.4926104182492724,
            0.2702566098676493
          ],
          [
            0.610240208558087,
            0.5530894854482761,
            0.16117739672705095
          ],
          [
            0.6927281580493218,
            0.627852204947851,
            0.05343728923920554
          ],
          [
            0.7624740953149698,
            0.6910662377391582,
            -0.04728590844507814
          ],
          [
            0.8113271832021505,
            0.735344095643548,
            -0.13218206344475497
          ],
          [
            0.8463146554688774,
            0.7670548920836319,
            -0.1945937288781754
          ],
          [
            0.8771580663123814,
            0.7950097301845361,
            -0.2246351912756225
          ],
          [
            0.9043773894744677,
            0.8196798866751103,
            -0.1984601611791531
          ],
          [
            0.9182291000449817,
            0.8322343453367683,
            -0.10278067233029654
          ],
          [
            0.8080765942017027,
            0.8915751290713545,
            0.03619642375362064
          ],
          [
            0.7722385833599822,
            0.8520339774390229,
            0.16885013186234618
          ],
          [
            0.712051181090623,
            0.7856274123537099,
            0.27310058095961265
          ],
          [
            0.6394135754186817,
            0.7054841646503491,
            0.35009415633786684
          ],
          [
            0.5636347955956155,
            0.621875165347053,
            0.40112065263094304
          ],
          [
            0.4966159005665219,
            0.5479312095209188,
            0.4028279705265861
          ],
          [
            0.45700646559897173,
            0.504228932599355,
            0.34674635796336145
          ],
          [
            0.463389014322912,
            0.5112709899280578,
            0.25159195963599096
          ],
          [
            0.5165031628784533,
            0.5698734221649474,
            0.14752337052715866
          ],
          [
            0.5902848291345456,
            0.6512789462048572,
            0.050881379146387296
          ],
          [
            0.6593359612940156,
            0.7274651301747341,
            -0.035649508863854686
          ],
          [
            0.7135378402583785,
            0.7872676879771935,
            -0.10693019035199998
          ],
          [
            0.7544377540297246,
            0.832393788846034,
            -0.15919292799166976
          ],
          [
            0.7861971636675219,
            0.8674348975110144,
            -0.18758946956797973
          ],
          [
            0.8090214629532169,
            0.8926176310880339,
            -0.1714106013863302
          ],
          [
            0.8183904709137791,
            0.9029547384138078,
            -0.09129158999635616
          ],
          [
            0.7046653742183552,
            0.950131268372161,
            0.03152841491092407
          ],
          [
            0.6755319895344843,
            0.9108494464543965,
            0.1565734285240665
          ],
          [
            0.6245798984799412,
            0.8421485046015821,
            0.2546079927324026
          ],
          [
            0.5609559544851764,
            0.756361546964221,
            0.3241052839601057
          ],
          [
            0.4931932103780355,
            0.6649940633861995,
            0.37156036580385804
          ],
          [
            0.43154716543399424,
            0.5818739938953726,
            0.3749869082005676
          ],
          [
            0.39171158887629753,
            0.528161936703568,
            0.32280255468244917
          ],
          [
            0.38960716671399104,
            0.5253244518896155,
            0.22964047029252974
          ],
          [
            0.4291665346888296,
            0.5786640849198705,
            0.12781566590265042
          ],
          [
            0.49133029892525876,
            0.6624822180674832,
            0.03937375100644431
          ],
          [
            0.5548262718126716,
            0.7480966266411441,
            -0.034226210673700255
          ],
          [
            0.6094917743477734,
            0.8218045242620413,
            -0.09143676932542541
          ],
          [
            0.6534220021921872,
            0.8810375795941416,
            -0.13171571917823813
          ],
          [
            0.6864101997276584,
            0.9255170149579919,
            -0.15510691635794488
          ],
          [
            0.7070311841154975,
            0.9533211937474394,
            -0.1460250751022292
          ],
          [
            0.7137215155934793,
            0.9623420614749848,
            -0.08178816722222698
          ],
          [
            0.5987666409789142,
            0.9989817881391256,
            0.02376591939121106
          ],
          [
            0.5762067155806277,
            0.9613428265266013,
            0.1402801938694647
          ],
          [
            0.5348744156143641,
            0.8923840500979477,
            0.2340767976063772
          ],
          [
            0.48102617597361974,
            0.8025436898592596,
            0.2977836331024102
          ],
          [
            0.42235203504831187,
            0.7046517997511811,
            0.34167173292015157
          ],
          [
            0.3675671794400227,
            0.6132487901763044,
            0.3462785627755964
          ],
          [
            0.3297680449715406,
            0.5501847442573446,
            0.29788889505699523
          ],
          [
            0.3217230404593516,
            0.5367624651202928,
            0.20667058971536661
          ],
          [
            0.3488379084064756,
            0.5820008892627763,
            0.1047853882635423
          ],
          [
            0.39810364382466457,
            0.6641958030969699,
            0.02092989952694911
          ],
          [
            0.45262783101060833,
            0.755163913683085,
            -0.04239704258641813
          ],
          [
            0.5035120655776864,
            0.8400591302115228,
            -0.08657915901938233
          ],
          [
            0.5470903064164354,
            0.9127650326076184,
            -0.11415051792371074
          ],
          [
            0.580484255803473,
            0.9684794712362478,
            -0.12951288986067927
          ],
          [
            0.6003611250860242,
            1.0016420241567436,
            -0.1233622938637396
          ],
          [
            0.6060552308732289,
            1.0111420657286243,
            -0.07357195124531667
          ],
          [
            0.49146789557931003,
            1.0391215596407157,
            0.01468627120492529
          ],
          [
            0.47489610026313256,
            1.0040834422990017,
            0.12074393497601138
          ],
          [
            0.44297141531483347,
            0.9365843671551165,
            0.2113904749103697
          ],
          [
            0.3993411037302599,
            0.8443358239050391,
            0.271348346890321
          ],
          [
            0.3506710948098095,
            0.7414317359024392,
            0.31215789298883856
          ],
          [
            0.3041113533239381,
            0.6429894335171763,
            0.3177505935802271
          ],
          [
            0.2702748354214795,
            0.5714481272144133,
            0.27313049209794765
          ],
          [
            0.258780309453602,
            0.5471449939711064,
            0.18441861257708447
          ],
          [
            0.2752607390806247,
            0.5819899347935275,
            0.08108434923217821
          ],
          [
            0.311710092389542,
            0.6590556174127609,
            -0.0018481678875199182
          ],
          [
            0.3553963382442023,
            0.7514224237406358,
            -0.05848957512183679
          ],
          [
            0.39930265042512486,
            0.8442545212222704,
            -0.09208903076461027
          ],
          [
            0.4392475048400551,
            0.928710819980783,
            -0.10751415889206384
          ],
          [
            0.4712841952053771,
            0.9964467106820465,
            -0.11276133448356968
          ],
          [
            0.49076912575899745,
            1.0376441349868486,
            -0.10475267014258523
          ],
          [
            0.4966331442583357,
            1.0500425604050783,
            -0.06586987861017031
          ],
          [
            0.38332025654057766,
            1.0713083489339326,
            0.006452079442601125
          ],
          [
            0.37198425364132404,
            1.0396263432421096,
            0.09972958254034944
          ],
          [
            0.3488341439391386,
            0.974926120961886,
            0.18682837165854602
          ],
          [
            0.31552975333460637,
            0.8818465847203275,
            0.24473973929396323
          ],
          [
            0.2775070929752742,
            0.7755803679039986,
            0.283230328240818
          ],
          [
            0.2403329688541243,
            0.6716856510040626,
            0.2899002242091411
          ],
          [
            0.21207629325182523,
            0.5927135331226371,
            0.24910650511627194
          ],
          [
            0.19951064921439626,
            0.5575949106722619,
            0.16385145598052164
          ],
          [
            0.2076203771036179,
            0.5802600817584805,
            0.05878459384989858
          ],
          [
            0.2323371343783391,
            0.6493387906844184,
            -0.026318028669868286
          ],
          [
            0.26469182292468757,
            0.7397640874837045,
            -0.08014652619521066
          ],
          [
            0.2995941031672282,
            0.8373094260945989,
            -0.1065664504710053
          ],
          [
            0.3331761481037623,
            0.9311649542095737,
            -0.11160074198478699
          ],
          [
            0.3615653685679936,
            1.0105075101640553,
            -0.10601398104824077
          ],
          [
            0.3798608809783208,
            1.061640041927696,
            -0.0917290075896341
          ],
          [
            0.3862327846591926,
            1.0794483197200755,
            -0.05839693929635724
          ],
          [
            0.27449378327587554,
            1.0958406100909808,
            0.0008526233644739682
          ],
          [
            0.26760636523293657,
            1.0683444959711927,
            0.0796836161596386
          ],
          [
            0.25237872680755075,
            1.0075523556787163,
            0.16130975139369286
          ],
          [
            0.22923380141662508,
            0.9151526340594788,
            0.2178532540294999
          ],
          [
            0.20218600738290995,
            0.8071717874195667,
            0.25470882661791716
          ],
          [
            0.1752442914264647,
            0.699614428202668,
            0.2626636800288255
          ],
          [
            0.15388813216425404,
            0.6143558612660889,
            0.22584717849040492
          ],
          [
            0.14248010347706255,
            0.5688124578151516,
            0.14511779385737678
          ],
          [
            0.14478325081465862,
            0.5780071373938295,
            0.0390537080690879
          ],
          [
            0.15952247227000593,
            0.6368494078421213,
            -0.050311227663111115
          ],
          [
            0.18106116296083882,
            0.7228366810893315,
            -0.10485738029592806
          ],
          [
            0.20597872814282372,
            0.8223131774424929,
            -0.12778373010032792
          ],
          [
            0.2312235767942098,
            0.9230962626462326,
            -0.12501823362755446
          ],
          [
            0.2536346167731494,
            1.0125661494691773,
            -0.10932954550004977
          ],
          [
            0.26909376196218093,
            1.074282516569584,
            -0.08572955036532043
          ],
          [
            0.27540802342341053,
            1.0994904613520475,
            -0.05172691716507762
          ],
          [
            0.1650326318265549,
            1.1125596327990945,
            -0.001369400820011666
          ],
          [
            0.16172518814459988,
            1.0902626586336046,
            0.06312375394086005
          ],
          [
            0.15345248944356785,
            1.0344926540762587,
            0.136468580370281
          ],
          [
            0.14008172738331146,
            0.9443542980229118,
            0.19089204987791236
          ],
          [
            0.12404847951694836,
            0.8362669206276035,
            0.22631096016090174
          ],
          [
            0.10781599450342846,
            0.726836395487347,
            0.2356000957283816
          ],
          [
            0.09440649907063424,
            0.6364369202465351,
            0.20293597895658103
          ],
          [
            0.08619916226171134,
            0.5811075497739709,
            0.1276653492024838
          ],
          [
            0.08545118775945444,
            0.576065115266542,
            0.022061472133158556
          ],
          [
            0.0924032941668547,
            0.6229324097294113,
            -0.07247872620978715
          ],
          [
            0.10424698831739121,
            0.7027761101495452,
            -0.13048418791144534
          ],
          [
            0.1189697389202085,
            0.8020288326152328,
            -0.15320337953087598
          ],
          [
            0.1346179073361437,
            0.9075202152231779,
            -0.14553251720685548
          ],
          [
            0.14907283673258506,
            1.0049674337729215,
            -0.1216100675429917
          ],
          [
            0.15969864773780562,
            1.0766008329335508,
            -0.0876727015311224
          ],
          [
            0.16468688889580105,
            1.110228823286909,
            -0.0472708913144958
          ],
          [
            0.055074802974069054,
            1.1210733688912082,
            -0.0008128613675431028
          ],
          [
            0.054285246968199585,
            1.105001587175618,
            0.051933414726083565
          ],
          [
            0.05185323277199236,
            1.0554968009412127,
            0.11446980357089227
          ],
          [
            0.047625445717929774,
            0.9694382184369019,
            0.16469293955047137
          ],
          [
            0.04239214433093792,
            0.8629119214821891,
            0.19805388506439778
          ],
          [
            0.037005090280028824,
            0.7532559171548531,
            0.20824736007229872
          ],
          [
            0.032364734156573385,
            0.6587992983154451,
            0.17972148138610852
          ],
          [
            0.02920370739731102,
            0.5944551204555619,
            0.1104798899053711
          ],
          [
            0.02824619349565874,
            0.5749644772300039,
            0.007104853581286869
          ],
          [
            0.029896847716459174,
            0.6085643157815555,
            -0.09240159600653472
          ],
          [
            0.03346058323295857,
            0.6811058187116757,
            -0.1556240929739464
          ],
          [
            0.03824818726041752,
            0.7785597374938744,
            -0.1805493427096989
          ],
          [
            0.04357152649259974,
            0.8869187968913835,
            -0.17062098282681076
          ],
          [
            0.04863543214567222,
            0.9899969644684897,
            -0.14086090229314538
          ],
          [
            0.05256058745638489,
            1.0698953363187478,
            -0.09758644013082811
          ],
          [
            0.0546238474251565,
            1.1118939578150104,
            -0.04683611694128871
          ]
        ]
      }
    }
  }
}