{
  "metadata": {
    "method_name": "",
    "contact": "akaptano",
    "hardware": "CPU: AMD EPYC 7763 64-Core Processor | RAM: 15.6GB",
    "notes": "",
    "run_date": "2026-01-23T00:44:49.905419"
  },
  "metrics": {
    "initial_B_field": 0.9999914411644067,
    "final_B_field": 2.0570738524600767,
    "target_B_field": 1.0,
    "optimization_time": 3.150329351425171,
    "final_normalized_squared_flux": 0.04168832054021159,
    "_cached_thresholds": {
      "length_threshold": 20.0,
      "flux_threshold": 1e-08,
      "cc_threshold": 0.08,
      "cs_threshold": 0.13,
      "msc_threshold": 10.0,
      "arclength_variation_threshold": 0.0,
      "curvature_threshold": 10.0,
      "force_threshold": 0.03077870113881194,
      "torque_threshold": 0.03077870113881194,
      "coil_width": 0.04,
      "R0": 10.0
    },
    "final_min_cs_separation": 0.12254785770366454,
    "final_min_cc_separation": 0.08689020652800913,
    "final_total_length": 17.327674609914574,
    "final_max_curvature": 10.03383199440132,
    "final_average_curvature": 1.7899320024910983,
    "final_arclength_variation": 1.169907717726568,
    "final_mean_squared_curvature": 9.95466628261083,
    "final_linking_number": 0,
    "final_max_max_coil_force": 8482588.334658485,
    "final_avg_max_coil_force": 3861521.1312916465,
    "final_max_max_coil_torque": 4849907.615976994,
    "final_avg_max_coil_torque": 1886226.096943337,
    "avg_BdotN_over_B": 0.282571169421317,
    "max_BdotN_over_B": 0.9997611769414996,
    "lagrange_multipliers": null,
    "output_directory": "/home/runner/work/stellcoilbench/stellcoilbench/submissions/cfqs_2b40/akaptano/01-23-2026_00-44",
    "flux_threshold": 1e-08,
    "cc_threshold": 0.08,
    "cs_threshold": 0.13,
    "msc_threshold": 10.0,
    "arclength_variation_threshold": 0.0,
    "curvature_threshold": 10.0,
    "force_threshold": 0.03077870113881194,
    "torque_threshold": 0.03077870113881194
  }
}