{
  "metadata": {
    "method_name": "",
    "contact": "akaptano",
    "hardware": "CPU: AMD EPYC 7763 64-Core Processor | RAM: 7.8GB",
    "notes": "",
    "run_date": "2025-11-29T19:00:20.376609"
  },
  "metrics": {
    "initial_B_field": 0.9999344609744618,
    "final_B_field": 1.0184453123103192,
    "target_B_field": 1.0,
    "optimization_time": 4.157422065734863,
    "final_normalized_squared_flux": 0.009628668158454584,
    "final_min_cs_separation": 0.05343600828865894,
    "final_min_cc_separation": 0.006507893653496369,
    "final_total_length": 13.128659430946989,
    "final_max_curvature": 6.545296678903845,
    "final_average_curvature": 2.1609750844957034,
    "final_mean_squared_curvature": 7.444579584624942,
    "final_linking_number": 0,
    "final_max_max_coil_force": 5039841.643078282,
    "final_avg_max_coil_force": 2339499.0970422565,
    "final_max_max_coil_torque": 1839908.534655478,
    "final_avg_max_coil_torque": 888203.0338781235,
    "avg_BdotN_over_B": 0.11381596463729798,
    "max_BdotN_over_B": 0.40402403594706293,
    "lagrange_multipliers": null,
    "output_directory": "."
  }
}