{
  "@module": "simsopt._core.json",
  "@class": "SIMSON",
  "@version": "0.1.dev5271+g32ace0e13",
  "graph": [
    {
      "$type": "ref",
      "value": "RegularizedCoil97"
    },
    {
      "$type": "ref",
      "value": "RegularizedCoil98"
    },
    {
      "$type": "ref",
      "value": "RegularizedCoil99"
    },
    {
      "$type": "ref",
      "value": "RegularizedCoil100"
    },
    {
      "$type": "ref",
      "value": "RegularizedCoil101"
    },
    {
      "$type": "ref",
      "value": "RegularizedCoil102"
    },
    {
      "$type": "ref",
      "value": "RegularizedCoil103"
    },
    {
      "$type": "ref",
      "value": "RegularizedCoil104"
    },
    {
      "$type": "ref",
      "value": "RegularizedCoil105"
    },
    {
      "$type": "ref",
      "value": "RegularizedCoil106"
    },
    {
      "$type": "ref",
      "value": "RegularizedCoil107"
    },
    {
      "$type": "ref",
      "value": "RegularizedCoil108"
    },
    {
      "$type": "ref",
      "value": "RegularizedCoil109"
    },
    {
      "$type": "ref",
      "value": "RegularizedCoil110"
    },
    {
      "$type": "ref",
      "value": "RegularizedCoil111"
    },
    {
      "$type": "ref",
      "value": "RegularizedCoil112"
    },
    {
      "$type": "ref",
      "value": "RegularizedCoil113"
    },
    {
      "$type": "ref",
      "value": "RegularizedCoil114"
    },
    {
      "$type": "ref",
      "value": "RegularizedCoil115"
    },
    {
      "$type": "ref",
      "value": "RegularizedCoil116"
    },
    {
      "$type": "ref",
      "value": "RegularizedCoil117"
    },
    {
      "$type": "ref",
      "value": "RegularizedCoil118"
    },
    {
      "$type": "ref",
      "value": "RegularizedCoil119"
    },
    {
      "$type": "ref",
      "value": "RegularizedCoil120"
    }
  ],
  "simsopt_objs": {
    "140146144095952": {
      "@module": "simsopt._core.optimizable",
      "@class": "DOFs",
      "@name": "140146144095952",
      "@version": "0.1.dev5271+g32ace0e13",
      "x": {
        "@module": "numpy",
        "@class": "array",
        "dtype": "float64",
        "data": [
          5.00378315156972,
          -0.03845363813015302,
          3.6353442813888264,
          0.10545926977289627,
          -0.28551921748151954,
          0.0011031490513473466,
          -0.18862805025172286,
          0.06947389894130904,
          -0.0677141515119038,
          -0.05532199889707321,
          -0.10404359089529894,
          0.0022578621513947125,
          -0.016872403955595514,
          -0.02546638425864107,
          -0.019350133709947936,
          0.00045825792311691673,
          -0.014896583430002342,
          1.4742902708747438,
          0.4244222970149979,
          0.9480768679312961,
          -0.3211444215967806,
          1.0711110946912676,
          0.03663486139908344,
          0.09554691159305562,
          0.003355092371942934,
          0.09108069562115932,
          -0.04525185816761937,
          0.03332749985627272,
          -0.0003060350544725778,
          -0.02996195329102168,
          0.01795906634535477,
          0.006821930730313855,
          -0.03593838999489656,
          0.0045804634118204015,
          -0.21398449241826023,
          -3.1773018704881304,
          -0.03409021777480839,
          0.16988849435742095,
          -0.09173871203184748,
          -0.3036536419873672,
          -0.02934034195592143,
          -0.10020342627286319,
          0.09606413709541359,
          0.04150233629726747,
          0.043750884189132234,
          0.021746517138883814,
          -0.02907666282021348,
          0.005905700283196619,
          -0.039263698310032666,
          -0.025063437489890907,
          -0.0011417745951333212
        ]
      },
      "names": [
        "xc(0)",
        "xs(1)",
        "xc(1)",
        "xs(2)",
        "xc(2)",
        "xs(3)",
        "xc(3)",
        "xs(4)",
        "xc(4)",
        "xs(5)",
        "xc(5)",
        "xs(6)",
        "xc(6)",
        "xs(7)",
        "xc(7)",
        "xs(8)",
        "xc(8)",
        "yc(0)",
        "ys(1)",
        "yc(1)",
        "ys(2)",
        "yc(2)",
        "ys(3)",
        "yc(3)",
        "ys(4)",
        "yc(4)",
        "ys(5)",
        "yc(5)",
        "ys(6)",
        "yc(6)",
        "ys(7)",
        "yc(7)",
        "ys(8)",
        "yc(8)",
        "zc(0)",
        "zs(1)",
        "zc(1)",
        "zs(2)",
        "zc(2)",
        "zs(3)",
        "zc(3)",
        "zs(4)",
        "zc(4)",
        "zs(5)",
        "zc(5)",
        "zs(6)",
        "zc(6)",
        "zs(7)",
        "zc(7)",
        "zs(8)",
        "zc(8)"
      ],
      "free": {
        "@module": "numpy",
        "@class": "array",
        "dtype": "bool",
        "data": [
          true,
          true,
          true,
          true,
          true,
          true,
          true,
          true,
          true,
          true,
          true,
          true,
          true,
          true,
          true,
          true,
          true,
          true,
          true,
          true,
          true,
          true,
          true,
          true,
          true,
          true,
          true,
          true,
          true,
          true,
          true,
          true,
          true,
          true,
          true,
          true,
          true,
          true,
          true,
          true,
          true,
          true,
          true,
          true,
          true,
          true,
          true,
          true,
          true,
          true,
          true
        ]
      },
      "lower_bounds": {
        "@module": "numpy",
        "@class": "array",
        "dtype": "float64",
        "data": [
          -Infinity,
          -Infinity,
          -Infinity,
          -Infinity,
          -Infinity,
          -Infinity,
          -Infinity,
          -Infinity,
          -Infinity,
          -Infinity,
          -Infinity,
          -Infinity,
          -Infinity,
          -Infinity,
          -Infinity,
          -Infinity,
          -Infinity,
          -Infinity,
          -Infinity,
          -Infinity,
          -Infinity,
          -Infinity,
          -Infinity,
          -Infinity,
          -Infinity,
          -Infinity,
          -Infinity,
          -Infinity,
          -Infinity,
          -Infinity,
          -Infinity,
          -Infinity,
          -Infinity,
          -Infinity,
          -Infinity,
          -Infinity,
          -Infinity,
          -Infinity,
          -Infinity,
          -Infinity,
          -Infinity,
          -Infinity,
          -Infinity,
          -Infinity,
          -Infinity,
          -Infinity,
          -Infinity,
          -Infinity,
          -Infinity,
          -Infinity,
          -Infinity
        ]
      },
      "upper_bounds": {
        "@module": "numpy",
        "@class": "array",
        "dtype": "float64",
        "data": [
          Infinity,
          Infinity,
          Infinity,
          Infinity,
          Infinity,
          Infinity,
          Infinity,
          Infinity,
          Infinity,
          Infinity,
          Infinity,
          Infinity,
          Infinity,
          Infinity,
          Infinity,
          Infinity,
          Infinity,
          Infinity,
          Infinity,
          Infinity,
          Infinity,
          Infinity,
          Infinity,
          Infinity,
          Infinity,
          Infinity,
          Infinity,
          Infinity,
          Infinity,
          Infinity,
          Infinity,
          Infinity,
          Infinity,
          Infinity,
          Infinity,
          Infinity,
          Infinity,
          Infinity,
          Infinity,
          Infinity,
          Infinity,
          Infinity,
          Infinity,
          Infinity,
          Infinity,
          Infinity,
          Infinity,
          Infinity,
          Infinity,
          Infinity,
          Infinity
        ]
      }
    },
    "CurveXYZFourier9": {
      "@module": "simsopt.geo.curvexyzfourier",
      "@class": "CurveXYZFourier",
      "@name": "CurveXYZFourier9",
      "@version": "0.1.dev5271+g32ace0e13",
      "quadpoints": {
        "@module": "numpy",
        "@class": "array",
        "dtype": "float64",
        "data": [
          0.0,
          0.00390625,
          0.0078125,
          0.01171875,
          0.015625,
          0.01953125,
          0.0234375,
          0.02734375,
          0.03125,
          0.03515625,
          0.0390625,
          0.04296875,
          0.046875,
          0.05078125,
          0.0546875,
          0.05859375,
          0.0625,
          0.06640625,
          0.0703125,
          0.07421875,
          0.078125,
          0.08203125,
          0.0859375,
          0.08984375,
          0.09375,
          0.09765625,
          0.1015625,
          0.10546875,
          0.109375,
          0.11328125,
          0.1171875,
          0.12109375,
          0.125,
          0.12890625,
          0.1328125,
          0.13671875,
          0.140625,
          0.14453125,
          0.1484375,
          0.15234375,
          0.15625,
          0.16015625,
          0.1640625,
          0.16796875,
          0.171875,
          0.17578125,
          0.1796875,
          0.18359375,
          0.1875,
          0.19140625,
          0.1953125,
          0.19921875,
          0.203125,
          0.20703125,
          0.2109375,
          0.21484375,
          0.21875,
          0.22265625,
          0.2265625,
          0.23046875,
          0.234375,
          0.23828125,
          0.2421875,
          0.24609375,
          0.25,
          0.25390625,
          0.2578125,
          0.26171875,
          0.265625,
          0.26953125,
          0.2734375,
          0.27734375,
          0.28125,
          0.28515625,
          0.2890625,
          0.29296875,
          0.296875,
          0.30078125,
          0.3046875,
          0.30859375,
          0.3125,
          0.31640625,
          0.3203125,
          0.32421875,
          0.328125,
          0.33203125,
          0.3359375,
          0.33984375,
          0.34375,
          0.34765625,
          0.3515625,
          0.35546875,
          0.359375,
          0.36328125,
          0.3671875,
          0.37109375,
          0.375,
          0.37890625,
          0.3828125,
          0.38671875,
          0.390625,
          0.39453125,
          0.3984375,
          0.40234375,
          0.40625,
          0.41015625,
          0.4140625,
          0.41796875,
          0.421875,
          0.42578125,
          0.4296875,
          0.43359375,
          0.4375,
          0.44140625,
          0.4453125,
          0.44921875,
          0.453125,
          0.45703125,
          0.4609375,
          0.46484375,
          0.46875,
          0.47265625,
          0.4765625,
          0.48046875,
          0.484375,
          0.48828125,
          0.4921875,
          0.49609375,
          0.5,
          0.50390625,
          0.5078125,
          0.51171875,
          0.515625,
          0.51953125,
          0.5234375,
          0.52734375,
          0.53125,
          0.53515625,
          0.5390625,
          0.54296875,
          0.546875,
          0.55078125,
          0.5546875,
          0.55859375,
          0.5625,
          0.56640625,
          0.5703125,
          0.57421875,
          0.578125,
          0.58203125,
          0.5859375,
          0.58984375,
          0.59375,
          0.59765625,
          0.6015625,
          0.60546875,
          0.609375,
          0.61328125,
          0.6171875,
          0.62109375,
          0.625,
          0.62890625,
          0.6328125,
          0.63671875,
          0.640625,
          0.64453125,
          0.6484375,
          0.65234375,
          0.65625,
          0.66015625,
          0.6640625,
          0.66796875,
          0.671875,
          0.67578125,
          0.6796875,
          0.68359375,
          0.6875,
          0.69140625,
          0.6953125,
          0.69921875,
          0.703125,
          0.70703125,
          0.7109375,
          0.71484375,
          0.71875,
          0.72265625,
          0.7265625,
          0.73046875,
          0.734375,
          0.73828125,
          0.7421875,
          0.74609375,
          0.75,
          0.75390625,
          0.7578125,
          0.76171875,
          0.765625,
          0.76953125,
          0.7734375,
          0.77734375,
          0.78125,
          0.78515625,
          0.7890625,
          0.79296875,
          0.796875,
          0.80078125,
          0.8046875,
          0.80859375,
          0.8125,
          0.81640625,
          0.8203125,
          0.82421875,
          0.828125,
          0.83203125,
          0.8359375,
          0.83984375,
          0.84375,
          0.84765625,
          0.8515625,
          0.85546875,
          0.859375,
          0.86328125,
          0.8671875,
          0.87109375,
          0.875,
          0.87890625,
          0.8828125,
          0.88671875,
          0.890625,
          0.89453125,
          0.8984375,
          0.90234375,
          0.90625,
          0.91015625,
          0.9140625,
          0.91796875,
          0.921875,
          0.92578125,
          0.9296875,
          0.93359375,
          0.9375,
          0.94140625,
          0.9453125,
          0.94921875,
          0.953125,
          0.95703125,
          0.9609375,
          0.96484375,
          0.96875,
          0.97265625,
          0.9765625,
          0.98046875,
          0.984375,
          0.98828125,
          0.9921875,
          0.99609375
        ]
      },
      "order": 8,
      "dofs": {
        "$type": "ref",
        "value": "140146144095952"
      }
    },
    "140146144828336": {
      "@module": "simsopt._core.optimizable",
      "@class": "DOFs",
      "@name": "140146144828336",
      "@version": "0.1.dev5271+g32ace0e13",
      "x": {
        "@module": "numpy",
        "@class": "array",
        "dtype": "float64",
        "data": [
          -0.2147212480619647
        ]
      },
      "names": [
        "x0"
      ],
      "free": {
        "@module": "numpy",
        "@class": "array",
        "dtype": "bool",
        "data": [
          true
        ]
      },
      "lower_bounds": {
        "@module": "numpy",
        "@class": "array",
        "dtype": "float64",
        "data": [
          -Infinity
        ]
      },
      "upper_bounds": {
        "@module": "numpy",
        "@class": "array",
        "dtype": "float64",
        "data": [
          Infinity
        ]
      }
    },
    "Current17": {
      "@module": "simsopt.field.coil",
      "@class": "Current",
      "@name": "Current17",
      "@version": "0.1.dev5271+g32ace0e13",
      "current": -0.2147212480619647,
      "dofs": {
        "$type": "ref",
        "value": "140146144828336"
      }
    },
    "ScaledCurrent65": {
      "@module": "simsopt.field.coil",
      "@class": "ScaledCurrent",
      "@name": "ScaledCurrent65",
      "@version": "0.1.dev5271+g32ace0e13",
      "current_to_scale": {
        "$type": "ref",
        "value": "Current17"
      },
      "scale": 10000000.0
    },
    "RegularizedCoil97": {
      "@module": "simsopt.field.coil",
      "@class": "RegularizedCoil",
      "@name": "RegularizedCoil97",
      "@version": "0.1.dev5271+g32ace0e13",
      "curve": {
        "$type": "ref",
        "value": "CurveXYZFourier9"
      },
      "current": {
        "$type": "ref",
        "value": "ScaledCurrent65"
      },
      "regularization": {
        "@module": "numpy",
        "@class": "array",
        "dtype": "float64",
        "data": 0.02426122638850534
      }
    },
    "140146144096528": {
      "@module": "simsopt._core.optimizable",
      "@class": "DOFs",
      "@name": "140146144096528",
      "@version": "0.1.dev5271+g32ace0e13",
      "x": {
        "@module": "numpy",
        "@class": "array",
        "dtype": "float64",
        "data": [
          5.345340307990635,
          -0.42610259975395165,
          3.958780671830367,
          0.06751395117135853,
          -0.25264243981654483,
          -0.12125666690917183,
          -0.11033211387880595,
          0.08757621695493656,
          0.005175236734671597,
          -0.0073210058550845425,
          0.0467709984275177,
          0.008600182720515185,
          0.06530390877579081,
          -0.004936371983158391,
          0.0033986268415305307,
          -0.004807377992295885,
          0.026360017527768037,
          2.004044229536967,
          -0.023588427305694857,
          1.0239129908391875,
          0.20906032041830253,
          1.4522653934719483,
          0.06317532390931647,
          0.12679278032219773,
          -0.11651507110773915,
          -0.0026259753009737945,
          0.05810849869499302,
          0.012004944829315412,
          -0.014667519171036082,
          -0.0009168808398040832,
          -0.01174587018761072,
          -0.0012804944808028785,
          -0.0043374403910760185,
          -0.00020769073410916583,
          -0.5179732893721033,
          -3.548567528044215,
          0.6585017588406046,
          0.09670216751960377,
          -0.4531090384211142,
          -0.3525059608310673,
          0.015335438281429446,
          -0.0036869075213130493,
          0.19366359576021752,
          0.034191863620802815,
          -0.059848257896967356,
          -0.03258429010975787,
          0.006020279443004647,
          -0.005030209067085614,
          0.008674110354211877,
          -0.014791585766961922,
          -0.018348214327504275
        ]
      },
      "names": [
        "xc(0)",
        "xs(1)",
        "xc(1)",
        "xs(2)",
        "xc(2)",
        "xs(3)",
        "xc(3)",
        "xs(4)",
        "xc(4)",
        "xs(5)",
        "xc(5)",
        "xs(6)",
        "xc(6)",
        "xs(7)",
        "xc(7)",
        "xs(8)",
        "xc(8)",
        "yc(0)",
        "ys(1)",
        "yc(1)",
        "ys(2)",
        "yc(2)",
        "ys(3)",
        "yc(3)",
        "ys(4)",
        "yc(4)",
        "ys(5)",
        "yc(5)",
        "ys(6)",
        "yc(6)",
        "ys(7)",
        "yc(7)",
        "ys(8)",
        "yc(8)",
        "zc(0)",
        "zs(1)",
        "zc(1)",
        "zs(2)",
        "zc(2)",
        "zs(3)",
        "zc(3)",
        "zs(4)",
        "zc(4)",
        "zs(5)",
        "zc(5)",
        "zs(6)",
        "zc(6)",
        "zs(7)",
        "zc(7)",
        "zs(8)",
        "zc(8)"
      ],
      "free": {
        "@module": "numpy",
        "@class": "array",
        "dtype": "bool",
        "data": [
          true,
          true,
          true,
          true,
          true,
          true,
          true,
          true,
          true,
          true,
          true,
          true,
          true,
          true,
          true,
          true,
          true,
          true,
          true,
          true,
          true,
          true,
          true,
          true,
          true,
          true,
          true,
          true,
          true,
          true,
          true,
          true,
          true,
          true,
          true,
          true,
          true,
          true,
          true,
          true,
          true,
          true,
          true,
          true,
          true,
          true,
          true,
          true,
          true,
          true,
          true
        ]
      },
      "lower_bounds": {
        "@module": "numpy",
        "@class": "array",
        "dtype": "float64",
        "data": [
          -Infinity,
          -Infinity,
          -Infinity,
          -Infinity,
          -Infinity,
          -Infinity,
          -Infinity,
          -Infinity,
          -Infinity,
          -Infinity,
          -Infinity,
          -Infinity,
          -Infinity,
          -Infinity,
          -Infinity,
          -Infinity,
          -Infinity,
          -Infinity,
          -Infinity,
          -Infinity,
          -Infinity,
          -Infinity,
          -Infinity,
          -Infinity,
          -Infinity,
          -Infinity,
          -Infinity,
          -Infinity,
          -Infinity,
          -Infinity,
          -Infinity,
          -Infinity,
          -Infinity,
          -Infinity,
          -Infinity,
          -Infinity,
          -Infinity,
          -Infinity,
          -Infinity,
          -Infinity,
          -Infinity,
          -Infinity,
          -Infinity,
          -Infinity,
          -Infinity,
          -Infinity,
          -Infinity,
          -Infinity,
          -Infinity,
          -Infinity,
          -Infinity
        ]
      },
      "upper_bounds": {
        "@module": "numpy",
        "@class": "array",
        "dtype": "float64",
        "data": [
          Infinity,
          Infinity,
          Infinity,
          Infinity,
          Infinity,
          Infinity,
          Infinity,
          Infinity,
          Infinity,
          Infinity,
          Infinity,
          Infinity,
          Infinity,
          Infinity,
          Infinity,
          Infinity,
          Infinity,
          Infinity,
          Infinity,
          Infinity,
          Infinity,
          Infinity,
          Infinity,
          Infinity,
          Infinity,
          Infinity,
          Infinity,
          Infinity,
          Infinity,
          Infinity,
          Infinity,
          Infinity,
          Infinity,
          Infinity,
          Infinity,
          Infinity,
          Infinity,
          Infinity,
          Infinity,
          Infinity,
          Infinity,
          Infinity,
          Infinity,
          Infinity,
          Infinity,
          Infinity,
          Infinity,
          Infinity,
          Infinity,
          Infinity,
          Infinity
        ]
      }
    },
    "CurveXYZFourier10": {
      "@module": "simsopt.geo.curvexyzfourier",
      "@class": "CurveXYZFourier",
      "@name": "CurveXYZFourier10",
      "@version": "0.1.dev5271+g32ace0e13",
      "quadpoints": {
        "@module": "numpy",
        "@class": "array",
        "dtype": "float64",
        "data": [
          0.0,
          0.00390625,
          0.0078125,
          0.01171875,
          0.015625,
          0.01953125,
          0.0234375,
          0.02734375,
          0.03125,
          0.03515625,
          0.0390625,
          0.04296875,
          0.046875,
          0.05078125,
          0.0546875,
          0.05859375,
          0.0625,
          0.06640625,
          0.0703125,
          0.07421875,
          0.078125,
          0.08203125,
          0.0859375,
          0.08984375,
          0.09375,
          0.09765625,
          0.1015625,
          0.10546875,
          0.109375,
          0.11328125,
          0.1171875,
          0.12109375,
          0.125,
          0.12890625,
          0.1328125,
          0.13671875,
          0.140625,
          0.14453125,
          0.1484375,
          0.15234375,
          0.15625,
          0.16015625,
          0.1640625,
          0.16796875,
          0.171875,
          0.17578125,
          0.1796875,
          0.18359375,
          0.1875,
          0.19140625,
          0.1953125,
          0.19921875,
          0.203125,
          0.20703125,
          0.2109375,
          0.21484375,
          0.21875,
          0.22265625,
          0.2265625,
          0.23046875,
          0.234375,
          0.23828125,
          0.2421875,
          0.24609375,
          0.25,
          0.25390625,
          0.2578125,
          0.26171875,
          0.265625,
          0.26953125,
          0.2734375,
          0.27734375,
          0.28125,
          0.28515625,
          0.2890625,
          0.29296875,
          0.296875,
          0.30078125,
          0.3046875,
          0.30859375,
          0.3125,
          0.31640625,
          0.3203125,
          0.32421875,
          0.328125,
          0.33203125,
          0.3359375,
          0.33984375,
          0.34375,
          0.34765625,
          0.3515625,
          0.35546875,
          0.359375,
          0.36328125,
          0.3671875,
          0.37109375,
          0.375,
          0.37890625,
          0.3828125,
          0.38671875,
          0.390625,
          0.39453125,
          0.3984375,
          0.40234375,
          0.40625,
          0.41015625,
          0.4140625,
          0.41796875,
          0.421875,
          0.42578125,
          0.4296875,
          0.43359375,
          0.4375,
          0.44140625,
          0.4453125,
          0.44921875,
          0.453125,
          0.45703125,
          0.4609375,
          0.46484375,
          0.46875,
          0.47265625,
          0.4765625,
          0.48046875,
          0.484375,
          0.48828125,
          0.4921875,
          0.49609375,
          0.5,
          0.50390625,
          0.5078125,
          0.51171875,
          0.515625,
          0.51953125,
          0.5234375,
          0.52734375,
          0.53125,
          0.53515625,
          0.5390625,
          0.54296875,
          0.546875,
          0.55078125,
          0.5546875,
          0.55859375,
          0.5625,
          0.56640625,
          0.5703125,
          0.57421875,
          0.578125,
          0.58203125,
          0.5859375,
          0.58984375,
          0.59375,
          0.59765625,
          0.6015625,
          0.60546875,
          0.609375,
          0.61328125,
          0.6171875,
          0.62109375,
          0.625,
          0.62890625,
          0.6328125,
          0.63671875,
          0.640625,
          0.64453125,
          0.6484375,
          0.65234375,
          0.65625,
          0.66015625,
          0.6640625,
          0.66796875,
          0.671875,
          0.67578125,
          0.6796875,
          0.68359375,
          0.6875,
          0.69140625,
          0.6953125,
          0.69921875,
          0.703125,
          0.70703125,
          0.7109375,
          0.71484375,
          0.71875,
          0.72265625,
          0.7265625,
          0.73046875,
          0.734375,
          0.73828125,
          0.7421875,
          0.74609375,
          0.75,
          0.75390625,
          0.7578125,
          0.76171875,
          0.765625,
          0.76953125,
          0.7734375,
          0.77734375,
          0.78125,
          0.78515625,
          0.7890625,
          0.79296875,
          0.796875,
          0.80078125,
          0.8046875,
          0.80859375,
          0.8125,
          0.81640625,
          0.8203125,
          0.82421875,
          0.828125,
          0.83203125,
          0.8359375,
          0.83984375,
          0.84375,
          0.84765625,
          0.8515625,
          0.85546875,
          0.859375,
          0.86328125,
          0.8671875,
          0.87109375,
          0.875,
          0.87890625,
          0.8828125,
          0.88671875,
          0.890625,
          0.89453125,
          0.8984375,
          0.90234375,
          0.90625,
          0.91015625,
          0.9140625,
          0.91796875,
          0.921875,
          0.92578125,
          0.9296875,
          0.93359375,
          0.9375,
          0.94140625,
          0.9453125,
          0.94921875,
          0.953125,
          0.95703125,
          0.9609375,
          0.96484375,
          0.96875,
          0.97265625,
          0.9765625,
          0.98046875,
          0.984375,
          0.98828125,
          0.9921875,
          0.99609375
        ]
      },
      "order": 8,
      "dofs": {
        "$type": "ref",
        "value": "140146144096528"
      }
    },
    "140146144836400": {
      "@module": "simsopt._core.optimizable",
      "@class": "DOFs",
      "@name": "140146144836400",
      "@version": "0.1.dev5271+g32ace0e13",
      "x": {
        "@module": "numpy",
        "@class": "array",
        "dtype": "float64",
        "data": [
          0.5443482028964197
        ]
      },
      "names": [
        "x0"
      ],
      "free": {
        "@module": "numpy",
        "@class": "array",
        "dtype": "bool",
        "data": [
          true
        ]
      },
      "lower_bounds": {
        "@module": "numpy",
        "@class": "array",
        "dtype": "float64",
        "data": [
          -Infinity
        ]
      },
      "upper_bounds": {
        "@module": "numpy",
        "@class": "array",
        "dtype": "float64",
        "data": [
          Infinity
        ]
      }
    },
    "Current18": {
      "@module": "simsopt.field.coil",
      "@class": "Current",
      "@name": "Current18",
      "@version": "0.1.dev5271+g32ace0e13",
      "current": 0.5443482028964197,
      "dofs": {
        "$type": "ref",
        "value": "140146144836400"
      }
    },
    "ScaledCurrent66": {
      "@module": "simsopt.field.coil",
      "@class": "ScaledCurrent",
      "@name": "ScaledCurrent66",
      "@version": "0.1.dev5271+g32ace0e13",
      "current_to_scale": {
        "$type": "ref",
        "value": "Current18"
      },
      "scale": 10000000.0
    },
    "RegularizedCoil98": {
      "@module": "simsopt.field.coil",
      "@class": "RegularizedCoil",
      "@name": "RegularizedCoil98",
      "@version": "0.1.dev5271+g32ace0e13",
      "curve": {
        "$type": "ref",
        "value": "CurveXYZFourier10"
      },
      "current": {
        "$type": "ref",
        "value": "ScaledCurrent66"
      },
      "regularization": {
        "@module": "numpy",
        "@class": "array",
        "dtype": "float64",
        "data": 0.02426122638850534
      }
    },
    "140146144097200": {
      "@module": "simsopt._core.optimizable",
      "@class": "DOFs",
      "@name": "140146144097200",
      "@version": "0.1.dev5271+g32ace0e13",
      "x": {
        "@module": "numpy",
        "@class": "array",
        "dtype": "float64",
        "data": [
          4.332900804079337,
          -0.397985909857962,
          2.6377203418616415,
          -0.1814900714088796,
          -0.011073099767365846,
          -0.06652943293855353,
          0.18585587145182017,
          0.11648243539582553,
          -0.015626349249179695,
          -0.018119335177050194,
          -0.04875892289363306,
          -0.0023117568908893223,
          0.012697017772154852,
          -0.018968655378230954,
          0.00880625374159393,
          0.020283356202499218,
          -0.008346821130104192,
          3.490578333664408,
          0.15276639001512687,
          1.1334461005139769,
          0.179172575487994,
          -0.06395449420539269,
          0.0775099635092569,
          -0.27050456987421434,
          -0.09752329144682916,
          -0.05278587444182917,
          0.09622903712163808,
          0.03205227878306457,
          0.018965579961122234,
          -0.015636394363810112,
          -0.009880023645593893,
          -0.001687471879518546,
          -0.002457886851830949,
          0.014142868458126477,
          0.010540349064741706,
          -3.1852265801917157,
          0.313875680805301,
          -0.01870975781876889,
          -0.11887859637568399,
          0.07701734466388223,
          -0.1674120310421261,
          0.013773307592468512,
          -0.02368809062505394,
          -0.05703637031091866,
          0.05526172042985478,
          -0.005143703123245473,
          0.015948497412845205,
          0.026662578689204873,
          -0.024468668666748673,
          -0.008355413483795574,
          -0.0004503516484707302
        ]
      },
      "names": [
        "xc(0)",
        "xs(1)",
        "xc(1)",
        "xs(2)",
        "xc(2)",
        "xs(3)",
        "xc(3)",
        "xs(4)",
        "xc(4)",
        "xs(5)",
        "xc(5)",
        "xs(6)",
        "xc(6)",
        "xs(7)",
        "xc(7)",
        "xs(8)",
        "xc(8)",
        "yc(0)",
        "ys(1)",
        "yc(1)",
        "ys(2)",
        "yc(2)",
        "ys(3)",
        "yc(3)",
        "ys(4)",
        "yc(4)",
        "ys(5)",
        "yc(5)",
        "ys(6)",
        "yc(6)",
        "ys(7)",
        "yc(7)",
        "ys(8)",
        "yc(8)",
        "zc(0)",
        "zs(1)",
        "zc(1)",
        "zs(2)",
        "zc(2)",
        "zs(3)",
        "zc(3)",
        "zs(4)",
        "zc(4)",
        "zs(5)",
        "zc(5)",
        "zs(6)",
        "zc(6)",
        "zs(7)",
        "zc(7)",
        "zs(8)",
        "zc(8)"
      ],
      "free": {
        "@module": "numpy",
        "@class": "array",
        "dtype": "bool",
        "data": [
          true,
          true,
          true,
          true,
          true,
          true,
          true,
          true,
          true,
          true,
          true,
          true,
          true,
          true,
          true,
          true,
          true,
          true,
          true,
          true,
          true,
          true,
          true,
          true,
          true,
          true,
          true,
          true,
          true,
          true,
          true,
          true,
          true,
          true,
          true,
          true,
          true,
          true,
          true,
          true,
          true,
          true,
          true,
          true,
          true,
          true,
          true,
          true,
          true,
          true,
          true
        ]
      },
      "lower_bounds": {
        "@module": "numpy",
        "@class": "array",
        "dtype": "float64",
        "data": [
          -Infinity,
          -Infinity,
          -Infinity,
          -Infinity,
          -Infinity,
          -Infinity,
          -Infinity,
          -Infinity,
          -Infinity,
          -Infinity,
          -Infinity,
          -Infinity,
          -Infinity,
          -Infinity,
          -Infinity,
          -Infinity,
          -Infinity,
          -Infinity,
          -Infinity,
          -Infinity,
          -Infinity,
          -Infinity,
          -Infinity,
          -Infinity,
          -Infinity,
          -Infinity,
          -Infinity,
          -Infinity,
          -Infinity,
          -Infinity,
          -Infinity,
          -Infinity,
          -Infinity,
          -Infinity,
          -Infinity,
          -Infinity,
          -Infinity,
          -Infinity,
          -Infinity,
          -Infinity,
          -Infinity,
          -Infinity,
          -Infinity,
          -Infinity,
          -Infinity,
          -Infinity,
          -Infinity,
          -Infinity,
          -Infinity,
          -Infinity,
          -Infinity
        ]
      },
      "upper_bounds": {
        "@module": "numpy",
        "@class": "array",
        "dtype": "float64",
        "data": [
          Infinity,
          Infinity,
          Infinity,
          Infinity,
          Infinity,
          Infinity,
          Infinity,
          Infinity,
          Infinity,
          Infinity,
          Infinity,
          Infinity,
          Infinity,
          Infinity,
          Infinity,
          Infinity,
          Infinity,
          Infinity,
          Infinity,
          Infinity,
          Infinity,
          Infinity,
          Infinity,
          Infinity,
          Infinity,
          Infinity,
          Infinity,
          Infinity,
          Infinity,
          Infinity,
          Infinity,
          Infinity,
          Infinity,
          Infinity,
          Infinity,
          Infinity,
          Infinity,
          Infinity,
          Infinity,
          Infinity,
          Infinity,
          Infinity,
          Infinity,
          Infinity,
          Infinity,
          Infinity,
          Infinity,
          Infinity,
          Infinity,
          Infinity,
          Infinity
        ]
      }
    },
    "CurveXYZFourier11": {
      "@module": "simsopt.geo.curvexyzfourier",
      "@class": "CurveXYZFourier",
      "@name": "CurveXYZFourier11",
      "@version": "0.1.dev5271+g32ace0e13",
      "quadpoints": {
        "@module": "numpy",
        "@class": "array",
        "dtype": "float64",
        "data": [
          0.0,
          0.00390625,
          0.0078125,
          0.01171875,
          0.015625,
          0.01953125,
          0.0234375,
          0.02734375,
          0.03125,
          0.03515625,
          0.0390625,
          0.04296875,
          0.046875,
          0.05078125,
          0.0546875,
          0.05859375,
          0.0625,
          0.06640625,
          0.0703125,
          0.07421875,
          0.078125,
          0.08203125,
          0.0859375,
          0.08984375,
          0.09375,
          0.09765625,
          0.1015625,
          0.10546875,
          0.109375,
          0.11328125,
          0.1171875,
          0.12109375,
          0.125,
          0.12890625,
          0.1328125,
          0.13671875,
          0.140625,
          0.14453125,
          0.1484375,
          0.15234375,
          0.15625,
          0.16015625,
          0.1640625,
          0.16796875,
          0.171875,
          0.17578125,
          0.1796875,
          0.18359375,
          0.1875,
          0.19140625,
          0.1953125,
          0.19921875,
          0.203125,
          0.20703125,
          0.2109375,
          0.21484375,
          0.21875,
          0.22265625,
          0.2265625,
          0.23046875,
          0.234375,
          0.23828125,
          0.2421875,
          0.24609375,
          0.25,
          0.25390625,
          0.2578125,
          0.26171875,
          0.265625,
          0.26953125,
          0.2734375,
          0.27734375,
          0.28125,
          0.28515625,
          0.2890625,
          0.29296875,
          0.296875,
          0.30078125,
          0.3046875,
          0.30859375,
          0.3125,
          0.31640625,
          0.3203125,
          0.32421875,
          0.328125,
          0.33203125,
          0.3359375,
          0.33984375,
          0.34375,
          0.34765625,
          0.3515625,
          0.35546875,
          0.359375,
          0.36328125,
          0.3671875,
          0.37109375,
          0.375,
          0.37890625,
          0.3828125,
          0.38671875,
          0.390625,
          0.39453125,
          0.3984375,
          0.40234375,
          0.40625,
          0.41015625,
          0.4140625,
          0.41796875,
          0.421875,
          0.42578125,
          0.4296875,
          0.43359375,
          0.4375,
          0.44140625,
          0.4453125,
          0.44921875,
          0.453125,
          0.45703125,
          0.4609375,
          0.46484375,
          0.46875,
          0.47265625,
          0.4765625,
          0.48046875,
          0.484375,
          0.48828125,
          0.4921875,
          0.49609375,
          0.5,
          0.50390625,
          0.5078125,
          0.51171875,
          0.515625,
          0.51953125,
          0.5234375,
          0.52734375,
          0.53125,
          0.53515625,
          0.5390625,
          0.54296875,
          0.546875,
          0.55078125,
          0.5546875,
          0.55859375,
          0.5625,
          0.56640625,
          0.5703125,
          0.57421875,
          0.578125,
          0.58203125,
          0.5859375,
          0.58984375,
          0.59375,
          0.59765625,
          0.6015625,
          0.60546875,
          0.609375,
          0.61328125,
          0.6171875,
          0.62109375,
          0.625,
          0.62890625,
          0.6328125,
          0.63671875,
          0.640625,
          0.64453125,
          0.6484375,
          0.65234375,
          0.65625,
          0.66015625,
          0.6640625,
          0.66796875,
          0.671875,
          0.67578125,
          0.6796875,
          0.68359375,
          0.6875,
          0.69140625,
          0.6953125,
          0.69921875,
          0.703125,
          0.70703125,
          0.7109375,
          0.71484375,
          0.71875,
          0.72265625,
          0.7265625,
          0.73046875,
          0.734375,
          0.73828125,
          0.7421875,
          0.74609375,
          0.75,
          0.75390625,
          0.7578125,
          0.76171875,
          0.765625,
          0.76953125,
          0.7734375,
          0.77734375,
          0.78125,
          0.78515625,
          0.7890625,
          0.79296875,
          0.796875,
          0.80078125,
          0.8046875,
          0.80859375,
          0.8125,
          0.81640625,
          0.8203125,
          0.82421875,
          0.828125,
          0.83203125,
          0.8359375,
          0.83984375,
          0.84375,
          0.84765625,
          0.8515625,
          0.85546875,
          0.859375,
          0.86328125,
          0.8671875,
          0.87109375,
          0.875,
          0.87890625,
          0.8828125,
          0.88671875,
          0.890625,
          0.89453125,
          0.8984375,
          0.90234375,
          0.90625,
          0.91015625,
          0.9140625,
          0.91796875,
          0.921875,
          0.92578125,
          0.9296875,
          0.93359375,
          0.9375,
          0.94140625,
          0.9453125,
          0.94921875,
          0.953125,
          0.95703125,
          0.9609375,
          0.96484375,
          0.96875,
          0.97265625,
          0.9765625,
          0.98046875,
          0.984375,
          0.98828125,
          0.9921875,
          0.99609375
        ]
      },
      "order": 8,
      "dofs": {
        "$type": "ref",
        "value": "140146144097200"
      }
    },
    "140146144870480": {
      "@module": "simsopt._core.optimizable",
      "@class": "DOFs",
      "@name": "140146144870480",
      "@version": "0.1.dev5271+g32ace0e13",
      "x": {
        "@module": "numpy",
        "@class": "array",
        "dtype": "float64",
        "data": [
          -0.019641639932008924
        ]
      },
      "names": [
        "x0"
      ],
      "free": {
        "@module": "numpy",
        "@class": "array",
        "dtype": "bool",
        "data": [
          true
        ]
      },
      "lower_bounds": {
        "@module": "numpy",
        "@class": "array",
        "dtype": "float64",
        "data": [
          -Infinity
        ]
      },
      "upper_bounds": {
        "@module": "numpy",
        "@class": "array",
        "dtype": "float64",
        "data": [
          Infinity
        ]
      }
    },
    "Current19": {
      "@module": "simsopt.field.coil",
      "@class": "Current",
      "@name": "Current19",
      "@version": "0.1.dev5271+g32ace0e13",
      "current": -0.019641639932008924,
      "dofs": {
        "$type": "ref",
        "value": "140146144870480"
      }
    },
    "ScaledCurrent67": {
      "@module": "simsopt.field.coil",
      "@class": "ScaledCurrent",
      "@name": "ScaledCurrent67",
      "@version": "0.1.dev5271+g32ace0e13",
      "current_to_scale": {
        "$type": "ref",
        "value": "Current19"
      },
      "scale": 10000000.0
    },
    "RegularizedCoil99": {
      "@module": "simsopt.field.coil",
      "@class": "RegularizedCoil",
      "@name": "RegularizedCoil99",
      "@version": "0.1.dev5271+g32ace0e13",
      "curve": {
        "$type": "ref",
        "value": "CurveXYZFourier11"
      },
      "current": {
        "$type": "ref",
        "value": "ScaledCurrent67"
      },
      "regularization": {
        "@module": "numpy",
        "@class": "array",
        "dtype": "float64",
        "data": 0.02426122638850534
      }
    },
    "140146144097872": {
      "@module": "simsopt._core.optimizable",
      "@class": "DOFs",
      "@name": "140146144097872",
      "@version": "0.1.dev5271+g32ace0e13",
      "x": {
        "@module": "numpy",
        "@class": "array",
        "dtype": "float64",
        "data": [
          3.9713598088045763,
          -0.591884088579977,
          1.9920301917453918,
          0.7357496934926057,
          -0.4266078581465,
          0.21257450645257422,
          -0.1088959504508908,
          0.01431326866507402,
          0.11145976024137719,
          0.030079125862039775,
          -0.006406826725241785,
          0.006545887932750709,
          0.0134969386682234,
          0.0013912109350481788,
          0.009490969488881713,
          -0.009327104028060135,
          -0.02237948843086823,
          4.786142583067057,
          0.17667182802155368,
          2.0856410141615123,
          -0.9650730164071001,
          0.2928351880381367,
          -0.12365857834305108,
          0.16770310800337576,
          0.13594776079702084,
          -0.05075619379136505,
          -0.0648998052731251,
          -0.019881962508159857,
          0.0026135909760446386,
          0.022137441105858476,
          0.04102309709947853,
          -0.00458478519157828,
          -0.008654057982793268,
          -0.002945759836192875,
          -0.2667914892095015,
          -3.6824546619247966,
          0.3264795299827062,
          0.017546086813142906,
          0.07703809928874615,
          0.08855192602808681,
          -0.09759168284112589,
          0.04016103869646823,
          -0.1420943667371594,
          0.0013277580801433664,
          -0.019853489056523736,
          0.007600918824456789,
          0.02857763650708608,
          0.0025816358210861983,
          -0.0005269939630607706,
          -0.007587109799467453,
          0.005095253747646161
        ]
      },
      "names": [
        "xc(0)",
        "xs(1)",
        "xc(1)",
        "xs(2)",
        "xc(2)",
        "xs(3)",
        "xc(3)",
        "xs(4)",
        "xc(4)",
        "xs(5)",
        "xc(5)",
        "xs(6)",
        "xc(6)",
        "xs(7)",
        "xc(7)",
        "xs(8)",
        "xc(8)",
        "yc(0)",
        "ys(1)",
        "yc(1)",
        "ys(2)",
        "yc(2)",
        "ys(3)",
        "yc(3)",
        "ys(4)",
        "yc(4)",
        "ys(5)",
        "yc(5)",
        "ys(6)",
        "yc(6)",
        "ys(7)",
        "yc(7)",
        "ys(8)",
        "yc(8)",
        "zc(0)",
        "zs(1)",
        "zc(1)",
        "zs(2)",
        "zc(2)",
        "zs(3)",
        "zc(3)",
        "zs(4)",
        "zc(4)",
        "zs(5)",
        "zc(5)",
        "zs(6)",
        "zc(6)",
        "zs(7)",
        "zc(7)",
        "zs(8)",
        "zc(8)"
      ],
      "free": {
        "@module": "numpy",
        "@class": "array",
        "dtype": "bool",
        "data": [
          true,
          true,
          true,
          true,
          true,
          true,
          true,
          true,
          true,
          true,
          true,
          true,
          true,
          true,
          true,
          true,
          true,
          true,
          true,
          true,
          true,
          true,
          true,
          true,
          true,
          true,
          true,
          true,
          true,
          true,
          true,
          true,
          true,
          true,
          true,
          true,
          true,
          true,
          true,
          true,
          true,
          true,
          true,
          true,
          true,
          true,
          true,
          true,
          true,
          true,
          true
        ]
      },
      "lower_bounds": {
        "@module": "numpy",
        "@class": "array",
        "dtype": "float64",
        "data": [
          -Infinity,
          -Infinity,
          -Infinity,
          -Infinity,
          -Infinity,
          -Infinity,
          -Infinity,
          -Infinity,
          -Infinity,
          -Infinity,
          -Infinity,
          -Infinity,
          -Infinity,
          -Infinity,
          -Infinity,
          -Infinity,
          -Infinity,
          -Infinity,
          -Infinity,
          -Infinity,
          -Infinity,
          -Infinity,
          -Infinity,
          -Infinity,
          -Infinity,
          -Infinity,
          -Infinity,
          -Infinity,
          -Infinity,
          -Infinity,
          -Infinity,
          -Infinity,
          -Infinity,
          -Infinity,
          -Infinity,
          -Infinity,
          -Infinity,
          -Infinity,
          -Infinity,
          -Infinity,
          -Infinity,
          -Infinity,
          -Infinity,
          -Infinity,
          -Infinity,
          -Infinity,
          -Infinity,
          -Infinity,
          -Infinity,
          -Infinity,
          -Infinity
        ]
      },
      "upper_bounds": {
        "@module": "numpy",
        "@class": "array",
        "dtype": "float64",
        "data": [
          Infinity,
          Infinity,
          Infinity,
          Infinity,
          Infinity,
          Infinity,
          Infinity,
          Infinity,
          Infinity,
          Infinity,
          Infinity,
          Infinity,
          Infinity,
          Infinity,
          Infinity,
          Infinity,
          Infinity,
          Infinity,
          Infinity,
          Infinity,
          Infinity,
          Infinity,
          Infinity,
          Infinity,
          Infinity,
          Infinity,
          Infinity,
          Infinity,
          Infinity,
          Infinity,
          Infinity,
          Infinity,
          Infinity,
          Infinity,
          Infinity,
          Infinity,
          Infinity,
          Infinity,
          Infinity,
          Infinity,
          Infinity,
          Infinity,
          Infinity,
          Infinity,
          Infinity,
          Infinity,
          Infinity,
          Infinity,
          Infinity,
          Infinity,
          Infinity
        ]
      }
    },
    "CurveXYZFourier12": {
      "@module": "simsopt.geo.curvexyzfourier",
      "@class": "CurveXYZFourier",
      "@name": "CurveXYZFourier12",
      "@version": "0.1.dev5271+g32ace0e13",
      "quadpoints": {
        "@module": "numpy",
        "@class": "array",
        "dtype": "float64",
        "data": [
          0.0,
          0.00390625,
          0.0078125,
          0.01171875,
          0.015625,
          0.01953125,
          0.0234375,
          0.02734375,
          0.03125,
          0.03515625,
          0.0390625,
          0.04296875,
          0.046875,
          0.05078125,
          0.0546875,
          0.05859375,
          0.0625,
          0.06640625,
          0.0703125,
          0.07421875,
          0.078125,
          0.08203125,
          0.0859375,
          0.08984375,
          0.09375,
          0.09765625,
          0.1015625,
          0.10546875,
          0.109375,
          0.11328125,
          0.1171875,
          0.12109375,
          0.125,
          0.12890625,
          0.1328125,
          0.13671875,
          0.140625,
          0.14453125,
          0.1484375,
          0.15234375,
          0.15625,
          0.16015625,
          0.1640625,
          0.16796875,
          0.171875,
          0.17578125,
          0.1796875,
          0.18359375,
          0.1875,
          0.19140625,
          0.1953125,
          0.19921875,
          0.203125,
          0.20703125,
          0.2109375,
          0.21484375,
          0.21875,
          0.22265625,
          0.2265625,
          0.23046875,
          0.234375,
          0.23828125,
          0.2421875,
          0.24609375,
          0.25,
          0.25390625,
          0.2578125,
          0.26171875,
          0.265625,
          0.26953125,
          0.2734375,
          0.27734375,
          0.28125,
          0.28515625,
          0.2890625,
          0.29296875,
          0.296875,
          0.30078125,
          0.3046875,
          0.30859375,
          0.3125,
          0.31640625,
          0.3203125,
          0.32421875,
          0.328125,
          0.33203125,
          0.3359375,
          0.33984375,
          0.34375,
          0.34765625,
          0.3515625,
          0.35546875,
          0.359375,
          0.36328125,
          0.3671875,
          0.37109375,
          0.375,
          0.37890625,
          0.3828125,
          0.38671875,
          0.390625,
          0.39453125,
          0.3984375,
          0.40234375,
          0.40625,
          0.41015625,
          0.4140625,
          0.41796875,
          0.421875,
          0.42578125,
          0.4296875,
          0.43359375,
          0.4375,
          0.44140625,
          0.4453125,
          0.44921875,
          0.453125,
          0.45703125,
          0.4609375,
          0.46484375,
          0.46875,
          0.47265625,
          0.4765625,
          0.48046875,
          0.484375,
          0.48828125,
          0.4921875,
          0.49609375,
          0.5,
          0.50390625,
          0.5078125,
          0.51171875,
          0.515625,
          0.51953125,
          0.5234375,
          0.52734375,
          0.53125,
          0.53515625,
          0.5390625,
          0.54296875,
          0.546875,
          0.55078125,
          0.5546875,
          0.55859375,
          0.5625,
          0.56640625,
          0.5703125,
          0.57421875,
          0.578125,
          0.58203125,
          0.5859375,
          0.58984375,
          0.59375,
          0.59765625,
          0.6015625,
          0.60546875,
          0.609375,
          0.61328125,
          0.6171875,
          0.62109375,
          0.625,
          0.62890625,
          0.6328125,
          0.63671875,
          0.640625,
          0.64453125,
          0.6484375,
          0.65234375,
          0.65625,
          0.66015625,
          0.6640625,
          0.66796875,
          0.671875,
          0.67578125,
          0.6796875,
          0.68359375,
          0.6875,
          0.69140625,
          0.6953125,
          0.69921875,
          0.703125,
          0.70703125,
          0.7109375,
          0.71484375,
          0.71875,
          0.72265625,
          0.7265625,
          0.73046875,
          0.734375,
          0.73828125,
          0.7421875,
          0.74609375,
          0.75,
          0.75390625,
          0.7578125,
          0.76171875,
          0.765625,
          0.76953125,
          0.7734375,
          0.77734375,
          0.78125,
          0.78515625,
          0.7890625,
          0.79296875,
          0.796875,
          0.80078125,
          0.8046875,
          0.80859375,
          0.8125,
          0.81640625,
          0.8203125,
          0.82421875,
          0.828125,
          0.83203125,
          0.8359375,
          0.83984375,
          0.84375,
          0.84765625,
          0.8515625,
          0.85546875,
          0.859375,
          0.86328125,
          0.8671875,
          0.87109375,
          0.875,
          0.87890625,
          0.8828125,
          0.88671875,
          0.890625,
          0.89453125,
          0.8984375,
          0.90234375,
          0.90625,
          0.91015625,
          0.9140625,
          0.91796875,
          0.921875,
          0.92578125,
          0.9296875,
          0.93359375,
          0.9375,
          0.94140625,
          0.9453125,
          0.94921875,
          0.953125,
          0.95703125,
          0.9609375,
          0.96484375,
          0.96875,
          0.97265625,
          0.9765625,
          0.98046875,
          0.984375,
          0.98828125,
          0.9921875,
          0.99609375
        ]
      },
      "order": 8,
      "dofs": {
        "$type": "ref",
        "value": "140146144097872"
      }
    },
    "140146144871632": {
      "@module": "simsopt._core.optimizable",
      "@class": "DOFs",
      "@name": "140146144871632",
      "@version": "0.1.dev5271+g32ace0e13",
      "x": {
        "@module": "numpy",
        "@class": "array",
        "dtype": "float64",
        "data": [
          4166666.666665687
        ]
      },
      "names": [
        "x0"
      ],
      "free": {
        "@module": "numpy",
        "@class": "array",
        "dtype": "bool",
        "data": [
          false
        ]
      },
      "lower_bounds": {
        "@module": "numpy",
        "@class": "array",
        "dtype": "float64",
        "data": [
          -Infinity
        ]
      },
      "upper_bounds": {
        "@module": "numpy",
        "@class": "array",
        "dtype": "float64",
        "data": [
          Infinity
        ]
      }
    },
    "Current20": {
      "@module": "simsopt.field.coil",
      "@class": "Current",
      "@name": "Current20",
      "@version": "0.1.dev5271+g32ace0e13",
      "current": 4166666.666665687,
      "dofs": {
        "$type": "ref",
        "value": "140146144871632"
      }
    },
    "CurrentSum13": {
      "@module": "simsopt.field.coil",
      "@class": "CurrentSum",
      "@name": "CurrentSum13",
      "@version": "0.1.dev5271+g32ace0e13",
      "current_a": {
        "$type": "ref",
        "value": "ScaledCurrent65"
      },
      "current_b": {
        "$type": "ref",
        "value": "ScaledCurrent66"
      }
    },
    "CurrentSum14": {
      "@module": "simsopt.field.coil",
      "@class": "CurrentSum",
      "@name": "CurrentSum14",
      "@version": "0.1.dev5271+g32ace0e13",
      "current_a": {
        "$type": "ref",
        "value": "CurrentSum13"
      },
      "current_b": {
        "$type": "ref",
        "value": "ScaledCurrent67"
      }
    },
    "ScaledCurrent68": {
      "@module": "simsopt.field.coil",
      "@class": "ScaledCurrent",
      "@name": "ScaledCurrent68",
      "@version": "0.1.dev5271+g32ace0e13",
      "current_to_scale": {
        "$type": "ref",
        "value": "CurrentSum14"
      },
      "scale": -1.0
    },
    "CurrentSum15": {
      "@module": "simsopt.field.coil",
      "@class": "CurrentSum",
      "@name": "CurrentSum15",
      "@version": "0.1.dev5271+g32ace0e13",
      "current_a": {
        "$type": "ref",
        "value": "Current20"
      },
      "current_b": {
        "$type": "ref",
        "value": "ScaledCurrent68"
      }
    },
    "RegularizedCoil100": {
      "@module": "simsopt.field.coil",
      "@class": "RegularizedCoil",
      "@name": "RegularizedCoil100",
      "@version": "0.1.dev5271+g32ace0e13",
      "curve": {
        "$type": "ref",
        "value": "CurveXYZFourier12"
      },
      "current": {
        "$type": "ref",
        "value": "CurrentSum15"
      },
      "regularization": {
        "@module": "numpy",
        "@class": "array",
        "dtype": "float64",
        "data": 0.02426122638850534
      }
    },
    "RotatedCurve81": {
      "@module": "simsopt.geo.curve",
      "@class": "RotatedCurve",
      "@name": "RotatedCurve81",
      "@version": "0.1.dev5271+g32ace0e13",
      "curve": {
        "$type": "ref",
        "value": "CurveXYZFourier9"
      },
      "phi": 0.0,
      "flip": true
    },
    "ScaledCurrent69": {
      "@module": "simsopt.field.coil",
      "@class": "ScaledCurrent",
      "@name": "ScaledCurrent69",
      "@version": "0.1.dev5271+g32ace0e13",
      "current_to_scale": {
        "$type": "ref",
        "value": "ScaledCurrent65"
      },
      "scale": -1.0
    },
    "RegularizedCoil101": {
      "@module": "simsopt.field.coil",
      "@class": "RegularizedCoil",
      "@name": "RegularizedCoil101",
      "@version": "0.1.dev5271+g32ace0e13",
      "curve": {
        "$type": "ref",
        "value": "RotatedCurve81"
      },
      "current": {
        "$type": "ref",
        "value": "ScaledCurrent69"
      },
      "regularization": {
        "@module": "numpy",
        "@class": "array",
        "dtype": "float64",
        "data": 0.02426122638850534
      }
    },
    "RotatedCurve82": {
      "@module": "simsopt.geo.curve",
      "@class": "RotatedCurve",
      "@name": "RotatedCurve82",
      "@version": "0.1.dev5271+g32ace0e13",
      "curve": {
        "$type": "ref",
        "value": "CurveXYZFourier10"
      },
      "phi": 0.0,
      "flip": true
    },
    "ScaledCurrent70": {
      "@module": "simsopt.field.coil",
      "@class": "ScaledCurrent",
      "@name": "ScaledCurrent70",
      "@version": "0.1.dev5271+g32ace0e13",
      "current_to_scale": {
        "$type": "ref",
        "value": "ScaledCurrent66"
      },
      "scale": -1.0
    },
    "RegularizedCoil102": {
      "@module": "simsopt.field.coil",
      "@class": "RegularizedCoil",
      "@name": "RegularizedCoil102",
      "@version": "0.1.dev5271+g32ace0e13",
      "curve": {
        "$type": "ref",
        "value": "RotatedCurve82"
      },
      "current": {
        "$type": "ref",
        "value": "ScaledCurrent70"
      },
      "regularization": {
        "@module": "numpy",
        "@class": "array",
        "dtype": "float64",
        "data": 0.02426122638850534
      }
    },
    "RotatedCurve83": {
      "@module": "simsopt.geo.curve",
      "@class": "RotatedCurve",
      "@name": "RotatedCurve83",
      "@version": "0.1.dev5271+g32ace0e13",
      "curve": {
        "$type": "ref",
        "value": "CurveXYZFourier11"
      },
      "phi": 0.0,
      "flip": true
    },
    "ScaledCurrent71": {
      "@module": "simsopt.field.coil",
      "@class": "ScaledCurrent",
      "@name": "ScaledCurrent71",
      "@version": "0.1.dev5271+g32ace0e13",
      "current_to_scale": {
        "$type": "ref",
        "value": "ScaledCurrent67"
      },
      "scale": -1.0
    },
    "RegularizedCoil103": {
      "@module": "simsopt.field.coil",
      "@class": "RegularizedCoil",
      "@name": "RegularizedCoil103",
      "@version": "0.1.dev5271+g32ace0e13",
      "curve": {
        "$type": "ref",
        "value": "RotatedCurve83"
      },
      "current": {
        "$type": "ref",
        "value": "ScaledCurrent71"
      },
      "regularization": {
        "@module": "numpy",
        "@class": "array",
        "dtype": "float64",
        "data": 0.02426122638850534
      }
    },
    "RotatedCurve84": {
      "@module": "simsopt.geo.curve",
      "@class": "RotatedCurve",
      "@name": "RotatedCurve84",
      "@version": "0.1.dev5271+g32ace0e13",
      "curve": {
        "$type": "ref",
        "value": "CurveXYZFourier12"
      },
      "phi": 0.0,
      "flip": true
    },
    "ScaledCurrent72": {
      "@module": "simsopt.field.coil",
      "@class": "ScaledCurrent",
      "@name": "ScaledCurrent72",
      "@version": "0.1.dev5271+g32ace0e13",
      "current_to_scale": {
        "$type": "ref",
        "value": "CurrentSum15"
      },
      "scale": -1.0
    },
    "RegularizedCoil104": {
      "@module": "simsopt.field.coil",
      "@class": "RegularizedCoil",
      "@name": "RegularizedCoil104",
      "@version": "0.1.dev5271+g32ace0e13",
      "curve": {
        "$type": "ref",
        "value": "RotatedCurve84"
      },
      "current": {
        "$type": "ref",
        "value": "ScaledCurrent72"
      },
      "regularization": {
        "@module": "numpy",
        "@class": "array",
        "dtype": "float64",
        "data": 0.02426122638850534
      }
    },
    "RotatedCurve85": {
      "@module": "simsopt.geo.curve",
      "@class": "RotatedCurve",
      "@name": "RotatedCurve85",
      "@version": "0.1.dev5271+g32ace0e13",
      "curve": {
        "$type": "ref",
        "value": "CurveXYZFourier9"
      },
      "phi": 2.0943951023931953,
      "flip": false
    },
    "RegularizedCoil105": {
      "@module": "simsopt.field.coil",
      "@class": "RegularizedCoil",
      "@name": "RegularizedCoil105",
      "@version": "0.1.dev5271+g32ace0e13",
      "curve": {
        "$type": "ref",
        "value": "RotatedCurve85"
      },
      "current": {
        "$type": "ref",
        "value": "ScaledCurrent65"
      },
      "regularization": {
        "@module": "numpy",
        "@class": "array",
        "dtype": "float64",
        "data": 0.02426122638850534
      }
    },
    "RotatedCurve86": {
      "@module": "simsopt.geo.curve",
      "@class": "RotatedCurve",
      "@name": "RotatedCurve86",
      "@version": "0.1.dev5271+g32ace0e13",
      "curve": {
        "$type": "ref",
        "value": "CurveXYZFourier10"
      },
      "phi": 2.0943951023931953,
      "flip": false
    },
    "RegularizedCoil106": {
      "@module": "simsopt.field.coil",
      "@class": "RegularizedCoil",
      "@name": "RegularizedCoil106",
      "@version": "0.1.dev5271+g32ace0e13",
      "curve": {
        "$type": "ref",
        "value": "RotatedCurve86"
      },
      "current": {
        "$type": "ref",
        "value": "ScaledCurrent66"
      },
      "regularization": {
        "@module": "numpy",
        "@class": "array",
        "dtype": "float64",
        "data": 0.02426122638850534
      }
    },
    "RotatedCurve87": {
      "@module": "simsopt.geo.curve",
      "@class": "RotatedCurve",
      "@name": "RotatedCurve87",
      "@version": "0.1.dev5271+g32ace0e13",
      "curve": {
        "$type": "ref",
        "value": "CurveXYZFourier11"
      },
      "phi": 2.0943951023931953,
      "flip": false
    },
    "RegularizedCoil107": {
      "@module": "simsopt.field.coil",
      "@class": "RegularizedCoil",
      "@name": "RegularizedCoil107",
      "@version": "0.1.dev5271+g32ace0e13",
      "curve": {
        "$type": "ref",
        "value": "RotatedCurve87"
      },
      "current": {
        "$type": "ref",
        "value": "ScaledCurrent67"
      },
      "regularization": {
        "@module": "numpy",
        "@class": "array",
        "dtype": "float64",
        "data": 0.02426122638850534
      }
    },
    "RotatedCurve88": {
      "@module": "simsopt.geo.curve",
      "@class": "RotatedCurve",
      "@name": "RotatedCurve88",
      "@version": "0.1.dev5271+g32ace0e13",
      "curve": {
        "$type": "ref",
        "value": "CurveXYZFourier12"
      },
      "phi": 2.0943951023931953,
      "flip": false
    },
    "RegularizedCoil108": {
      "@module": "simsopt.field.coil",
      "@class": "RegularizedCoil",
      "@name": "RegularizedCoil108",
      "@version": "0.1.dev5271+g32ace0e13",
      "curve": {
        "$type": "ref",
        "value": "RotatedCurve88"
      },
      "current": {
        "$type": "ref",
        "value": "CurrentSum15"
      },
      "regularization": {
        "@module": "numpy",
        "@class": "array",
        "dtype": "float64",
        "data": 0.02426122638850534
      }
    },
    "RotatedCurve89": {
      "@module": "simsopt.geo.curve",
      "@class": "RotatedCurve",
      "@name": "RotatedCurve89",
      "@version": "0.1.dev5271+g32ace0e13",
      "curve": {
        "$type": "ref",
        "value": "CurveXYZFourier9"
      },
      "phi": 2.0943951023931953,
      "flip": true
    },
    "ScaledCurrent73": {
      "@module": "simsopt.field.coil",
      "@class": "ScaledCurrent",
      "@name": "ScaledCurrent73",
      "@version": "0.1.dev5271+g32ace0e13",
      "current_to_scale": {
        "$type": "ref",
        "value": "ScaledCurrent65"
      },
      "scale": -1.0
    },
    "RegularizedCoil109": {
      "@module": "simsopt.field.coil",
      "@class": "RegularizedCoil",
      "@name": "RegularizedCoil109",
      "@version": "0.1.dev5271+g32ace0e13",
      "curve": {
        "$type": "ref",
        "value": "RotatedCurve89"
      },
      "current": {
        "$type": "ref",
        "value": "ScaledCurrent73"
      },
      "regularization": {
        "@module": "numpy",
        "@class": "array",
        "dtype": "float64",
        "data": 0.02426122638850534
      }
    },
    "RotatedCurve90": {
      "@module": "simsopt.geo.curve",
      "@class": "RotatedCurve",
      "@name": "RotatedCurve90",
      "@version": "0.1.dev5271+g32ace0e13",
      "curve": {
        "$type": "ref",
        "value": "CurveXYZFourier10"
      },
      "phi": 2.0943951023931953,
      "flip": true
    },
    "ScaledCurrent74": {
      "@module": "simsopt.field.coil",
      "@class": "ScaledCurrent",
      "@name": "ScaledCurrent74",
      "@version": "0.1.dev5271+g32ace0e13",
      "current_to_scale": {
        "$type": "ref",
        "value": "ScaledCurrent66"
      },
      "scale": -1.0
    },
    "RegularizedCoil110": {
      "@module": "simsopt.field.coil",
      "@class": "RegularizedCoil",
      "@name": "RegularizedCoil110",
      "@version": "0.1.dev5271+g32ace0e13",
      "curve": {
        "$type": "ref",
        "value": "RotatedCurve90"
      },
      "current": {
        "$type": "ref",
        "value": "ScaledCurrent74"
      },
      "regularization": {
        "@module": "numpy",
        "@class": "array",
        "dtype": "float64",
        "data": 0.02426122638850534
      }
    },
    "RotatedCurve91": {
      "@module": "simsopt.geo.curve",
      "@class": "RotatedCurve",
      "@name": "RotatedCurve91",
      "@version": "0.1.dev5271+g32ace0e13",
      "curve": {
        "$type": "ref",
        "value": "CurveXYZFourier11"
      },
      "phi": 2.0943951023931953,
      "flip": true
    },
    "ScaledCurrent75": {
      "@module": "simsopt.field.coil",
      "@class": "ScaledCurrent",
      "@name": "ScaledCurrent75",
      "@version": "0.1.dev5271+g32ace0e13",
      "current_to_scale": {
        "$type": "ref",
        "value": "ScaledCurrent67"
      },
      "scale": -1.0
    },
    "RegularizedCoil111": {
      "@module": "simsopt.field.coil",
      "@class": "RegularizedCoil",
      "@name": "RegularizedCoil111",
      "@version": "0.1.dev5271+g32ace0e13",
      "curve": {
        "$type": "ref",
        "value": "RotatedCurve91"
      },
      "current": {
        "$type": "ref",
        "value": "ScaledCurrent75"
      },
      "regularization": {
        "@module": "numpy",
        "@class": "array",
        "dtype": "float64",
        "data": 0.02426122638850534
      }
    },
    "RotatedCurve92": {
      "@module": "simsopt.geo.curve",
      "@class": "RotatedCurve",
      "@name": "RotatedCurve92",
      "@version": "0.1.dev5271+g32ace0e13",
      "curve": {
        "$type": "ref",
        "value": "CurveXYZFourier12"
      },
      "phi": 2.0943951023931953,
      "flip": true
    },
    "ScaledCurrent76": {
      "@module": "simsopt.field.coil",
      "@class": "ScaledCurrent",
      "@name": "ScaledCurrent76",
      "@version": "0.1.dev5271+g32ace0e13",
      "current_to_scale": {
        "$type": "ref",
        "value": "CurrentSum15"
      },
      "scale": -1.0
    },
    "RegularizedCoil112": {
      "@module": "simsopt.field.coil",
      "@class": "RegularizedCoil",
      "@name": "RegularizedCoil112",
      "@version": "0.1.dev5271+g32ace0e13",
      "curve": {
        "$type": "ref",
        "value": "RotatedCurve92"
      },
      "current": {
        "$type": "ref",
        "value": "ScaledCurrent76"
      },
      "regularization": {
        "@module": "numpy",
        "@class": "array",
        "dtype": "float64",
        "data": 0.02426122638850534
      }
    },
    "RotatedCurve93": {
      "@module": "simsopt.geo.curve",
      "@class": "RotatedCurve",
      "@name": "RotatedCurve93",
      "@version": "0.1.dev5271+g32ace0e13",
      "curve": {
        "$type": "ref",
        "value": "CurveXYZFourier9"
      },
      "phi": 4.1887902047863905,
      "flip": false
    },
    "RegularizedCoil113": {
      "@module": "simsopt.field.coil",
      "@class": "RegularizedCoil",
      "@name": "RegularizedCoil113",
      "@version": "0.1.dev5271+g32ace0e13",
      "curve": {
        "$type": "ref",
        "value": "RotatedCurve93"
      },
      "current": {
        "$type": "ref",
        "value": "ScaledCurrent65"
      },
      "regularization": {
        "@module": "numpy",
        "@class": "array",
        "dtype": "float64",
        "data": 0.02426122638850534
      }
    },
    "RotatedCurve94": {
      "@module": "simsopt.geo.curve",
      "@class": "RotatedCurve",
      "@name": "RotatedCurve94",
      "@version": "0.1.dev5271+g32ace0e13",
      "curve": {
        "$type": "ref",
        "value": "CurveXYZFourier10"
      },
      "phi": 4.1887902047863905,
      "flip": false
    },
    "RegularizedCoil114": {
      "@module": "simsopt.field.coil",
      "@class": "RegularizedCoil",
      "@name": "RegularizedCoil114",
      "@version": "0.1.dev5271+g32ace0e13",
      "curve": {
        "$type": "ref",
        "value": "RotatedCurve94"
      },
      "current": {
        "$type": "ref",
        "value": "ScaledCurrent66"
      },
      "regularization": {
        "@module": "numpy",
        "@class": "array",
        "dtype": "float64",
        "data": 0.02426122638850534
      }
    },
    "RotatedCurve95": {
      "@module": "simsopt.geo.curve",
      "@class": "RotatedCurve",
      "@name": "RotatedCurve95",
      "@version": "0.1.dev5271+g32ace0e13",
      "curve": {
        "$type": "ref",
        "value": "CurveXYZFourier11"
      },
      "phi": 4.1887902047863905,
      "flip": false
    },
    "RegularizedCoil115": {
      "@module": "simsopt.field.coil",
      "@class": "RegularizedCoil",
      "@name": "RegularizedCoil115",
      "@version": "0.1.dev5271+g32ace0e13",
      "curve": {
        "$type": "ref",
        "value": "RotatedCurve95"
      },
      "current": {
        "$type": "ref",
        "value": "ScaledCurrent67"
      },
      "regularization": {
        "@module": "numpy",
        "@class": "array",
        "dtype": "float64",
        "data": 0.02426122638850534
      }
    },
    "RotatedCurve96": {
      "@module": "simsopt.geo.curve",
      "@class": "RotatedCurve",
      "@name": "RotatedCurve96",
      "@version": "0.1.dev5271+g32ace0e13",
      "curve": {
        "$type": "ref",
        "value": "CurveXYZFourier12"
      },
      "phi": 4.1887902047863905,
      "flip": false
    },
    "RegularizedCoil116": {
      "@module": "simsopt.field.coil",
      "@class": "RegularizedCoil",
      "@name": "RegularizedCoil116",
      "@version": "0.1.dev5271+g32ace0e13",
      "curve": {
        "$type": "ref",
        "value": "RotatedCurve96"
      },
      "current": {
        "$type": "ref",
        "value": "CurrentSum15"
      },
      "regularization": {
        "@module": "numpy",
        "@class": "array",
        "dtype": "float64",
        "data": 0.02426122638850534
      }
    },
    "RotatedCurve97": {
      "@module": "simsopt.geo.curve",
      "@class": "RotatedCurve",
      "@name": "RotatedCurve97",
      "@version": "0.1.dev5271+g32ace0e13",
      "curve": {
        "$type": "ref",
        "value": "CurveXYZFourier9"
      },
      "phi": 4.1887902047863905,
      "flip": true
    },
    "ScaledCurrent77": {
      "@module": "simsopt.field.coil",
      "@class": "ScaledCurrent",
      "@name": "ScaledCurrent77",
      "@version": "0.1.dev5271+g32ace0e13",
      "current_to_scale": {
        "$type": "ref",
        "value": "ScaledCurrent65"
      },
      "scale": -1.0
    },
    "RegularizedCoil117": {
      "@module": "simsopt.field.coil",
      "@class": "RegularizedCoil",
      "@name": "RegularizedCoil117",
      "@version": "0.1.dev5271+g32ace0e13",
      "curve": {
        "$type": "ref",
        "value": "RotatedCurve97"
      },
      "current": {
        "$type": "ref",
        "value": "ScaledCurrent77"
      },
      "regularization": {
        "@module": "numpy",
        "@class": "array",
        "dtype": "float64",
        "data": 0.02426122638850534
      }
    },
    "RotatedCurve98": {
      "@module": "simsopt.geo.curve",
      "@class": "RotatedCurve",
      "@name": "RotatedCurve98",
      "@version": "0.1.dev5271+g32ace0e13",
      "curve": {
        "$type": "ref",
        "value": "CurveXYZFourier10"
      },
      "phi": 4.1887902047863905,
      "flip": true
    },
    "ScaledCurrent78": {
      "@module": "simsopt.field.coil",
      "@class": "ScaledCurrent",
      "@name": "ScaledCurrent78",
      "@version": "0.1.dev5271+g32ace0e13",
      "current_to_scale": {
        "$type": "ref",
        "value": "ScaledCurrent66"
      },
      "scale": -1.0
    },
    "RegularizedCoil118": {
      "@module": "simsopt.field.coil",
      "@class": "RegularizedCoil",
      "@name": "RegularizedCoil118",
      "@version": "0.1.dev5271+g32ace0e13",
      "curve": {
        "$type": "ref",
        "value": "RotatedCurve98"
      },
      "current": {
        "$type": "ref",
        "value": "ScaledCurrent78"
      },
      "regularization": {
        "@module": "numpy",
        "@class": "array",
        "dtype": "float64",
        "data": 0.02426122638850534
      }
    },
    "RotatedCurve99": {
      "@module": "simsopt.geo.curve",
      "@class": "RotatedCurve",
      "@name": "RotatedCurve99",
      "@version": "0.1.dev5271+g32ace0e13",
      "curve": {
        "$type": "ref",
        "value": "CurveXYZFourier11"
      },
      "phi": 4.1887902047863905,
      "flip": true
    },
    "ScaledCurrent79": {
      "@module": "simsopt.field.coil",
      "@class": "ScaledCurrent",
      "@name": "ScaledCurrent79",
      "@version": "0.1.dev5271+g32ace0e13",
      "current_to_scale": {
        "$type": "ref",
        "value": "ScaledCurrent67"
      },
      "scale": -1.0
    },
    "RegularizedCoil119": {
      "@module": "simsopt.field.coil",
      "@class": "RegularizedCoil",
      "@name": "RegularizedCoil119",
      "@version": "0.1.dev5271+g32ace0e13",
      "curve": {
        "$type": "ref",
        "value": "RotatedCurve99"
      },
      "current": {
        "$type": "ref",
        "value": "ScaledCurrent79"
      },
      "regularization": {
        "@module": "numpy",
        "@class": "array",
        "dtype": "float64",
        "data": 0.02426122638850534
      }
    },
    "RotatedCurve100": {
      "@module": "simsopt.geo.curve",
      "@class": "RotatedCurve",
      "@name": "RotatedCurve100",
      "@version": "0.1.dev5271+g32ace0e13",
      "curve": {
        "$type": "ref",
        "value": "CurveXYZFourier12"
      },
      "phi": 4.1887902047863905,
      "flip": true
    },
    "ScaledCurrent80": {
      "@module": "simsopt.field.coil",
      "@class": "ScaledCurrent",
      "@name": "ScaledCurrent80",
      "@version": "0.1.dev5271+g32ace0e13",
      "current_to_scale": {
        "$type": "ref",
        "value": "CurrentSum15"
      },
      "scale": -1.0
    },
    "RegularizedCoil120": {
      "@module": "simsopt.field.coil",
      "@class": "RegularizedCoil",
      "@name": "RegularizedCoil120",
      "@version": "0.1.dev5271+g32ace0e13",
      "curve": {
        "$type": "ref",
        "value": "RotatedCurve100"
      },
      "current": {
        "$type": "ref",
        "value": "ScaledCurrent80"
      },
      "regularization": {
        "@module": "numpy",
        "@class": "array",
        "dtype": "float64",
        "data": 0.02426122638850534
      }
    }
  }
}