{
  "metadata": {
    "method_name": "",
    "contact": "akaptano",
    "hardware": "CPU: AMD EPYC 7763 64-Core Processor | RAM: 7.8GB",
    "notes": "",
    "run_date": "2025-11-29T15:44:57.512301"
  },
  "metrics": {
    "initial_B_field": 1.9999638491132898,
    "final_B_field": 2.169384995951834,
    "target_B_field": 2.0,
    "optimization_time": 10.036187648773193,
    "final_normalized_squared_flux": 0.017518080445817177,
    "final_min_cs_separation": 0.40775056010601723,
    "final_min_cc_separation": 0.006150671918359774,
    "final_total_length": 17.74231407539676,
    "final_max_curvature": 2.2872471612611505,
    "final_average_curvature": 1.4550110511317271,
    "final_mean_squared_curvature": 2.432888032215037,
    "final_linking_number": 0,
    "final_max_max_coil_force": 36080342.011743814,
    "final_avg_max_coil_force": 19200372.570152886,
    "final_max_max_coil_torque": 19546049.57880091,
    "final_avg_max_coil_torque": 8457951.54759049,
    "avg_BdotN_over_B": 0.1869281056174037,
    "max_BdotN_over_B": 0.8725073786577351,
    "lagrange_multipliers": null,
    "output_directory": "."
  }
}