{
  "metadata": {
    "method_name": "",
    "contact": "akaptano",
    "hardware": "CPU: AMD EPYC 7763 64-Core Processor | RAM: 15.6GB",
    "notes": "",
    "run_date": "2026-01-22T20:01:39.527492"
  },
  "metrics": {
    "initial_B_field": 0.9999749591471006,
    "final_B_field": 0.2703750047346975,
    "target_B_field": 1.0,
    "optimization_time": 1481.5493245124817,
    "final_normalized_squared_flux": 1.6485989965883581e-06,
    "final_min_cs_separation": 0.00030088587566265613,
    "final_min_cc_separation": 0.12464764575904863,
    "final_total_length": 21.35032753511748,
    "final_max_curvature": 10.434738089760826,
    "final_average_curvature": 3.1156442126377586,
    "final_arclength_variation": 32.480086799129886,
    "final_mean_squared_curvature": 20.225992338738514,
    "final_linking_number": 0,
    "final_max_max_coil_force": 61113.56474537407,
    "final_avg_max_coil_force": 49604.62904893531,
    "final_max_max_coil_torque": 36810.4770609184,
    "final_avg_max_coil_torque": 26487.401817438844,
    "avg_BdotN_over_B": 0.012368607864644474,
    "max_BdotN_over_B": 0.998753618081334,
    "lagrange_multipliers": [
      -1854248.132560431,
      -0.003400424255910755,
      -0.0,
      -7305881.348378412,
      -61800.37817179227,
      -679420.7047993048,
      -0.0,
      -101236318.11338827
    ],
    "output_directory": "/home/runner/work/stellcoilbench/stellcoilbench/submissions/LandremanPaul2021_QA/akaptano/01-22-2026_20-01",
    "flux_threshold": 1e-08,
    "cc_threshold": 0.08,
    "cs_threshold": 0.13,
    "msc_threshold": 10.0,
    "arclength_variation_threshold": 0.0,
    "curvature_threshold": 10.0,
    "force_threshold": 0.03077870113881195,
    "torque_threshold": 0.03077870113881195
  }
}