{
  "metadata": {
    "method_name": "",
    "contact": "akaptano",
    "hardware": "CPU: AMD EPYC 7763 64-Core Processor | RAM: 15.6GB",
    "notes": "",
    "run_date": "2026-01-25T03:40:51.632288"
  },
  "metrics": {
    "initial_B_field": 0.9999393542736246,
    "final_B_field": 1.1074794689859093,
    "target_B_field": 1.0,
    "optimization_time": 1338.816611289978,
    "final_normalized_squared_flux": 0.011965336537382182,
    "_cached_thresholds": {
      "length_threshold": 20.0,
      "flux_threshold": 1e-08,
      "cc_threshold": 0.08,
      "cs_threshold": 0.13,
      "msc_threshold": 10.0,
      "arclength_variation_threshold": 0.0,
      "curvature_threshold": 10.0,
      "force_threshold": 0.03077870113881194,
      "torque_threshold": 0.03077870113881194,
      "coil_width": 0.04,
      "R0": 10.0
    },
    "final_min_cs_separation": 0.11028585944845291,
    "final_min_cc_separation": 0.07256538957138818,
    "final_total_length": 20.503023912102368,
    "final_max_curvature": 10.758186069668035,
    "final_average_curvature": 3.0535869799111506,
    "final_arclength_variation": 2.9820210515758823,
    "final_mean_squared_curvature": 13.718538747859311,
    "final_linking_number": 0,
    "final_max_max_coil_force": 149242.23256790455,
    "final_avg_max_coil_force": 131463.3520376798,
    "final_max_max_coil_torque": 87423.76782794499,
    "final_avg_max_coil_torque": 67322.38634929736,
    "avg_BdotN_over_B": 0.0495703337177639,
    "max_BdotN_over_B": 0.22136105858046518,
    "lagrange_multipliers": [
      -149871425.50002483,
      -1364857.211143876,
      -0.0,
      -43854167.337681584,
      -1077266.3778983615,
      -2060567.18752226,
      -0.0,
      -389933921.65201443
    ],
    "output_directory": "/home/runner/work/stellcoilbench/stellcoilbench/submissions/LandremanPaul2021_QA/akaptano/01-25-2026_03-40",
    "flux_threshold": 1e-08,
    "cc_threshold": 0.08,
    "cs_threshold": 0.13,
    "msc_threshold": 10.0,
    "arclength_variation_threshold": 0.0,
    "curvature_threshold": 10.0,
    "force_threshold": 0.03077870113881194,
    "torque_threshold": 0.03077870113881194
  }
}