{
  "metadata": {
    "method_name": "",
    "contact": "akaptano",
    "hardware": "CPU: AMD EPYC 7763 64-Core Processor | RAM: 15.6GB",
    "notes": "",
    "run_date": "2026-01-23T00:47:40.398047"
  },
  "metrics": {
    "initial_B_field": 0.4999999767093911,
    "final_B_field": 0.5090849106685476,
    "target_B_field": 0.5,
    "optimization_time": 4.047573566436768,
    "final_normalized_squared_flux": 0.007905335260111173,
    "_cached_thresholds": {
      "length_threshold": 28.188333999999998,
      "flux_threshold": 1e-08,
      "cc_threshold": 0.112753336,
      "cs_threshold": 0.183224171,
      "msc_threshold": 7.095133752849672,
      "arclength_variation_threshold": 0.0,
      "curvature_threshold": 7.095133752849672,
      "force_threshold": 0.0076946752847029875,
      "torque_threshold": 0.0076946752847029875,
      "coil_width": 0.056376668,
      "R0": 7.095133752849672
    },
    "final_min_cs_separation": 0.1980141145281662,
    "final_min_cc_separation": 0.013225496057341994,
    "final_total_length": 26.207975304400936,
    "final_max_curvature": 4.856560682270607,
    "final_average_curvature": 1.4527828326154661,
    "final_arclength_variation": 1.4770830929743184,
    "final_mean_squared_curvature": 3.1628367453542974,
    "final_linking_number": 0,
    "final_max_max_coil_force": 1238622.325016029,
    "final_avg_max_coil_force": 642947.0735795579,
    "final_max_max_coil_torque": 776169.547422441,
    "final_avg_max_coil_torque": 351251.34720855753,
    "avg_BdotN_over_B": 0.10987090989497529,
    "max_BdotN_over_B": 0.45813474804228155,
    "lagrange_multipliers": null,
    "output_directory": "/home/runner/work/stellcoilbench/stellcoilbench/submissions/c09r00_B_axis_half_tesla_PM4Stell/akaptano/01-23-2026_00-47",
    "flux_threshold": 1e-08,
    "cc_threshold": 0.112753336,
    "cs_threshold": 0.183224171,
    "msc_threshold": 7.095133752849672,
    "arclength_variation_threshold": 0.0,
    "curvature_threshold": 7.095133752849672,
    "force_threshold": 0.0076946752847029875,
    "torque_threshold": 0.0076946752847029875
  }
}