{
  "metadata": {
    "method_name": "",
    "contact": "akaptano",
    "hardware": "CPU: AMD EPYC 7763 64-Core Processor | RAM: 15.6GB",
    "notes": "",
    "run_date": "2026-01-23T01:13:42.044455"
  },
  "metrics": {
    "initial_B_field": 2.4993218419931615,
    "final_B_field": 0.5674840067000764,
    "target_B_field": 2.5,
    "optimization_time": 1631.5145947933197,
    "final_normalized_squared_flux": 0.035070416683346546,
    "_cached_thresholds": {
      "length_threshold": 40.0,
      "flux_threshold": 1e-08,
      "cc_threshold": 0.44000000000000006,
      "cs_threshold": 0.7150000000000001,
      "msc_threshold": 1.8181818181818181,
      "arclength_variation_threshold": 0.0,
      "curvature_threshold": 1.8181818181818181,
      "force_threshold": 0.1923668821175746,
      "torque_threshold": 0.1923668821175746,
      "coil_width": 0.22000000000000003,
      "R0": 1.8181818181818181
    },
    "final_min_cs_separation": 0.4051202697079983,
    "final_min_cc_separation": 0.2875463576210467,
    "final_total_length": 40.14025445876912,
    "final_max_curvature": 1.9910131161708575,
    "final_average_curvature": 1.0814135441180965,
    "final_arclength_variation": 0.0612775060362011,
    "final_mean_squared_curvature": 1.9718252891519936,
    "final_linking_number": 0,
    "final_max_max_coil_force": 342694.6710747997,
    "final_avg_max_coil_force": 307769.96303796733,
    "final_max_max_coil_torque": 444543.00860539195,
    "final_avg_max_coil_torque": 273303.204619046,
    "avg_BdotN_over_B": 0.21717756207828348,
    "max_BdotN_over_B": 0.642284242411795,
    "lagrange_multipliers": [
      -98064.61296765773,
      -27502.20909193512,
      -0.0,
      -27584.548894870546,
      -9921.551245488936,
      -60288.312269786955,
      -51300.72015231493,
      -0.0,
      -259093.33624504544
    ],
    "output_directory": "/home/runner/work/stellcoilbench/stellcoilbench/submissions/W7-X_without_coil_ripple_beta0p05_d23p4_tm/akaptano/01-23-2026_01-13",
    "flux_threshold": 1e-08,
    "cc_threshold": 0.44000000000000006,
    "cs_threshold": 0.7150000000000001,
    "msc_threshold": 1.8181818181818181,
    "arclength_variation_threshold": 0.0,
    "curvature_threshold": 1.8181818181818181,
    "force_threshold": 0.1923668821175746,
    "torque_threshold": 0.1923668821175746
  }
}