{
  "metadata": {
    "method_name": "",
    "contact": "akaptano",
    "hardware": "CPU: AMD EPYC 7763 64-Core Processor | RAM: 7.8GB",
    "notes": "",
    "run_date": "2025-11-30T15:04:56.370875"
  },
  "metrics": {
    "initial_B_field": 2.4999411989153506,
    "final_B_field": 2.5497307270119047,
    "target_B_field": 2.5,
    "optimization_time": 6.058525562286377,
    "final_normalized_squared_flux": 0.00493245371937412,
    "final_min_cs_separation": 0.5280280305876827,
    "final_min_cc_separation": 0.33898018490684256,
    "final_total_length": 38.05681102361976,
    "final_max_curvature": 1.5603333876394825,
    "final_average_curvature": 0.7675951661303072,
    "final_mean_squared_curvature": 0.820404875367703,
    "final_linking_number": 0,
    "final_max_max_coil_force": 4602093.6211151965,
    "final_avg_max_coil_force": 3026849.779300325,
    "final_max_max_coil_torque": 4041262.0840717424,
    "final_avg_max_coil_torque": 2114170.2627320974,
    "avg_BdotN_over_B": 0.08673004103257974,
    "max_BdotN_over_B": 0.27322455691307085,
    "lagrange_multipliers": null,
    "output_directory": "."
  }
}