{
  "metadata": {
    "method_name": "",
    "contact": "akaptano",
    "hardware": "CPU: AMD EPYC 7763 64-Core Processor | RAM: 15.6GB",
    "notes": "",
    "run_date": "2026-01-27T22:20:04.420262"
  },
  "metrics": {
    "fourier_continuation": true,
    "fourier_orders": [
      4,
      8,
      16
    ],
    "final_order": 16,
    "continuation_results": [
      {
        "initial_B_field": 1.9999997350972842,
        "final_B_field": 2.159295839339835,
        "target_B_field": 2.0,
        "optimization_time": 704.1620967388153,
        "final_normalized_squared_flux": 0.004278922721069246,
        "_cached_thresholds": {
          "length_threshold": 15.0,
          "flux_threshold": 1e-08,
          "cc_threshold": 0.09692,
          "cs_threshold": 0.157495,
          "msc_threshold": 8.254230293025175,
          "arclength_variation_threshold": 0.0,
          "curvature_threshold": 8.254230293025175,
          "force_threshold": 0.12311480455524772,
          "torque_threshold": 0.12311480455524772,
          "coil_width": 0.04846,
          "R0": 8.254230293025175
        },
        "final_min_cs_separation": 0.1513628571386157,
        "final_min_cc_separation": 0.09180642001425623,
        "final_total_length": 15.00164430691628,
        "final_max_curvature": 4.754198843457525,
        "final_average_curvature": 2.7277780458684853,
        "final_arclength_variation": 0.005774346921792482,
        "final_mean_squared_curvature": 8.362469574538732,
        "final_linking_number": 0,
        "final_max_max_coil_force": 1030929.4621973919,
        "final_avg_max_coil_force": 568111.423306874,
        "final_max_max_coil_torque": 374054.56333435274,
        "final_avg_max_coil_torque": 162183.13695310112,
        "avg_BdotN_over_B": 0.01604447740835816,
        "max_BdotN_over_B": 0.10328901741238626,
        "lagrange_multipliers": null,
        "output_directory": "/home/runner/work/stellcoilbench/stellcoilbench/submissions/HSX_QHS_mn1824_ns101/akaptano/01-27-2026_22-20/order_4",
        "flux_threshold": 1e-08,
        "cc_threshold": 0.09692,
        "cs_threshold": 0.157495,
        "msc_threshold": 8.254230293025175,
        "arclength_variation_threshold": 0.0,
        "curvature_threshold": 8.254230293025175,
        "force_threshold": 0.12311480455524772,
        "torque_threshold": 0.12311480455524772,
        "fourier_order": 4,
        "continuation_step": 1
      },
      {
        "initial_B_field": 2.159295839339835,
        "final_B_field": 2.3879827856511935,
        "target_B_field": 2.0,
        "optimization_time": 619.7400150299072,
        "final_normalized_squared_flux": 0.0037521060870220847,
        "_cached_thresholds": {
          "length_threshold": 15.0,
          "flux_threshold": 1e-08,
          "cc_threshold": 0.09692,
          "cs_threshold": 0.157495,
          "msc_threshold": 8.254230293025175,
          "arclength_variation_threshold": 0.0,
          "curvature_threshold": 8.254230293025175,
          "force_threshold": 1.0,
          "torque_threshold": 1.0,
          "coil_width": 0.04846,
          "R0": 8.254230293025175
        },
        "final_min_cs_separation": 0.15189991424319066,
        "final_min_cc_separation": 0.09272763057846524,
        "final_total_length": 15.000852123710157,
        "final_max_curvature": 4.366205907590542,
        "final_average_curvature": 2.727714242249259,
        "final_arclength_variation": 0.0026573942951239903,
        "final_mean_squared_curvature": 8.29758131110938,
        "final_linking_number": 0,
        "final_max_max_coil_force": 987403.6727177683,
        "final_avg_max_coil_force": 537986.2687590842,
        "final_max_max_coil_torque": 539453.7915272753,
        "final_avg_max_coil_torque": 184977.56462905896,
        "avg_BdotN_over_B": 0.01520668725778592,
        "max_BdotN_over_B": 0.08859582658016452,
        "lagrange_multipliers": null,
        "output_directory": "/home/runner/work/stellcoilbench/stellcoilbench/submissions/HSX_QHS_mn1824_ns101/akaptano/01-27-2026_22-20/order_8",
        "flux_threshold": 1e-08,
        "cc_threshold": 0.09692,
        "cs_threshold": 0.157495,
        "msc_threshold": 8.254230293025175,
        "arclength_variation_threshold": 0.0,
        "curvature_threshold": 8.254230293025175,
        "force_threshold": 1.0,
        "torque_threshold": 1.0,
        "fourier_order": 8,
        "continuation_step": 2
      },
      {
        "initial_B_field": 2.3879827856511935,
        "final_B_field": 2.4431764560358866,
        "target_B_field": 2.0,
        "optimization_time": 644.4582207202911,
        "final_normalized_squared_flux": 0.0036428193538348805,
        "_cached_thresholds": {
          "length_threshold": 15.0,
          "flux_threshold": 1e-08,
          "cc_threshold": 0.09692,
          "cs_threshold": 0.157495,
          "msc_threshold": 8.254230293025175,
          "arclength_variation_threshold": 0.0,
          "curvature_threshold": 8.254230293025175,
          "force_threshold": 1.0,
          "torque_threshold": 1.0,
          "coil_width": 0.04846,
          "R0": 8.254230293025175
        },
        "final_min_cs_separation": 0.15083044459302142,
        "final_min_cc_separation": 0.09305362052346952,
        "final_total_length": 15.00151143171763,
        "final_max_curvature": 4.638495916703043,
        "final_average_curvature": 2.736597102417117,
        "final_arclength_variation": 0.0021765089048246178,
        "final_mean_squared_curvature": 8.279520296224865,
        "final_linking_number": 0,
        "final_max_max_coil_force": 1041990.4268422801,
        "final_avg_max_coil_force": 546088.1493342186,
        "final_max_max_coil_torque": 590668.7327203192,
        "final_avg_max_coil_torque": 196118.6120683364,
        "avg_BdotN_over_B": 0.015005957794527621,
        "max_BdotN_over_B": 0.08763082965373653,
        "lagrange_multipliers": null,
        "output_directory": "/home/runner/work/stellcoilbench/stellcoilbench/submissions/HSX_QHS_mn1824_ns101/akaptano/01-27-2026_22-20/order_16",
        "flux_threshold": 1e-08,
        "cc_threshold": 0.09692,
        "cs_threshold": 0.157495,
        "msc_threshold": 8.254230293025175,
        "arclength_variation_threshold": 0.0,
        "curvature_threshold": 8.254230293025175,
        "force_threshold": 1.0,
        "torque_threshold": 1.0,
        "fourier_order": 16,
        "continuation_step": 3
      }
    ],
    "initial_B_field": 2.3879827856511935,
    "final_B_field": 2.4431764560358866,
    "target_B_field": 2.0,
    "optimization_time": 644.4582207202911,
    "final_normalized_squared_flux": 0.0036428193538348805,
    "_cached_thresholds": {
      "length_threshold": 15.0,
      "flux_threshold": 1e-08,
      "cc_threshold": 0.09692,
      "cs_threshold": 0.157495,
      "msc_threshold": 8.254230293025175,
      "arclength_variation_threshold": 0.0,
      "curvature_threshold": 8.254230293025175,
      "force_threshold": 1.0,
      "torque_threshold": 1.0,
      "coil_width": 0.04846,
      "R0": 8.254230293025175
    },
    "final_min_cs_separation": 0.15083044459302142,
    "final_min_cc_separation": 0.09305362052346952,
    "final_total_length": 15.00151143171763,
    "final_max_curvature": 4.638495916703043,
    "final_average_curvature": 2.736597102417117,
    "final_arclength_variation": 0.0021765089048246178,
    "final_mean_squared_curvature": 8.279520296224865,
    "final_linking_number": 0,
    "final_max_max_coil_force": 1041990.4268422801,
    "final_avg_max_coil_force": 546088.1493342186,
    "final_max_max_coil_torque": 590668.7327203192,
    "final_avg_max_coil_torque": 196118.6120683364,
    "avg_BdotN_over_B": 0.015005957794527621,
    "max_BdotN_over_B": 0.08763082965373653,
    "lagrange_multipliers": null,
    "output_directory": "/home/runner/work/stellcoilbench/stellcoilbench/submissions/HSX_QHS_mn1824_ns101/akaptano/01-27-2026_22-20/order_16",
    "flux_threshold": 1e-08,
    "cc_threshold": 0.09692,
    "cs_threshold": 0.157495,
    "msc_threshold": 8.254230293025175,
    "arclength_variation_threshold": 0.0,
    "curvature_threshold": 8.254230293025175,
    "force_threshold": 1.0,
    "torque_threshold": 1.0,
    "fourier_order": 16,
    "continuation_step": 3
  }
}