{
  "metadata": {
    "method_name": "",
    "contact": "akaptano",
    "hardware": "CPU: AMD EPYC 7763 64-Core Processor | RAM: 15.6GB",
    "notes": "",
    "run_date": "2026-01-25T03:40:28.636913"
  },
  "metrics": {
    "initial_B_field": 0.99973526077695,
    "final_B_field": 0.999735240399179,
    "target_B_field": 1.0,
    "optimization_time": 7.384711742401123,
    "final_normalized_squared_flux": 0.18822814263119808,
    "_cached_thresholds": {
      "length_threshold": 120.0,
      "flux_threshold": 1e-08,
      "cc_threshold": 0.48,
      "cs_threshold": 0.78,
      "msc_threshold": 1.6666666666666667,
      "arclength_variation_threshold": 0.0,
      "curvature_threshold": 1.6666666666666667,
      "force_threshold": 0.03077870113881193,
      "torque_threshold": 0.03077870113881193,
      "coil_width": 0.24,
      "R0": 1.6666666666666667
    },
    "final_min_cs_separation": 1.6872980921626466,
    "final_min_cc_separation": 1.770062491516722,
    "final_total_length": 120.55020073184417,
    "final_max_curvature": 0.21838090113765912,
    "final_average_curvature": 0.20835137744719362,
    "final_arclength_variation": 9.784097105747092,
    "final_mean_squared_curvature": 0.04346198754892179,
    "final_linking_number": 0,
    "final_max_max_coil_force": 4387503.157311667,
    "final_avg_max_coil_force": 4387499.542806231,
    "final_max_max_coil_torque": 570814.8589632189,
    "final_avg_max_coil_torque": 570804.3485128931,
    "avg_BdotN_over_B": 0.01691803998600821,
    "max_BdotN_over_B": 0.06905047912044601,
    "lagrange_multipliers": null,
    "output_directory": "/home/runner/work/stellcoilbench/stellcoilbench/submissions/circular_tokamak/akaptano/01-25-2026_03-40",
    "flux_threshold": 1e-08,
    "cc_threshold": 0.48,
    "cs_threshold": 0.78,
    "msc_threshold": 1.6666666666666667,
    "arclength_variation_threshold": 0.0,
    "curvature_threshold": 1.6666666666666667,
    "force_threshold": 0.03077870113881193,
    "torque_threshold": 0.03077870113881193
  }
}