{
  "metadata": {
    "method_name": "",
    "contact": "akaptano",
    "hardware": "CPU: AMD EPYC 7763 64-Core Processor | RAM: 15.6GB",
    "notes": "",
    "run_date": "2026-01-22T21:34:06.672205"
  },
  "metrics": {
    "fourier_continuation": true,
    "fourier_orders": [
      4,
      6,
      8
    ],
    "final_order": 8,
    "continuation_results": [
      {
        "initial_B_field": 0.9999749591471006,
        "final_B_field": 0.5873515980418013,
        "target_B_field": 1.0,
        "optimization_time": 1182.9987075328827,
        "final_normalized_squared_flux": 0.00012138054723775898,
        "final_min_cs_separation": 0.0012701677560064525,
        "final_min_cc_separation": 0.09795094005697882,
        "final_total_length": 20.18180626197142,
        "final_max_curvature": 10.353874958875238,
        "final_average_curvature": 2.3954643429452305,
        "final_arclength_variation": 9.217103205494842,
        "final_mean_squared_curvature": 11.426982212624157,
        "final_linking_number": 0,
        "final_max_max_coil_force": 48920.5426906404,
        "final_avg_max_coil_force": 44560.719128240074,
        "final_max_max_coil_torque": 40597.99458438778,
        "final_avg_max_coil_torque": 27472.708858222402,
        "avg_BdotN_over_B": 0.13183480206136652,
        "max_BdotN_over_B": 0.9994965568794657,
        "lagrange_multipliers": [
          -2914495.3669880917,
          -353712.3589744826,
          -0.0,
          -280570948.02360696,
          -53040.59180915214,
          -4.757855546069111,
          -0.0,
          -396003764.54164153
        ],
        "output_directory": "/home/runner/work/stellcoilbench/stellcoilbench/submissions/LandremanPaul2021_QA/akaptano/01-22-2026_21-34/order_4",
        "flux_threshold": 1e-08,
        "cc_threshold": 0.08,
        "cs_threshold": 0.13,
        "msc_threshold": 10.0,
        "arclength_variation_threshold": 0.0,
        "curvature_threshold": 10.0,
        "force_threshold": 0.03077870113881195,
        "torque_threshold": 0.03077870113881195,
        "fourier_order": 4,
        "continuation_step": 1
      },
      {
        "initial_B_field": 0.5873515980418013,
        "final_B_field": 0.25394649552240084,
        "target_B_field": 1.0,
        "optimization_time": 685.5053043365479,
        "final_normalized_squared_flux": 0.0043335347325383095,
        "final_min_cs_separation": 0.00476944105042133,
        "final_min_cc_separation": 0.2411339817536279,
        "final_total_length": 20.114557869004205,
        "final_max_curvature": 10.010017338477853,
        "final_average_curvature": 2.947604023292592,
        "final_arclength_variation": 10.8899095164585,
        "final_mean_squared_curvature": 20.439820858013857,
        "final_linking_number": 0,
        "final_max_max_coil_force": 35996.170824146655,
        "final_avg_max_coil_force": 31740.507082712957,
        "final_max_max_coil_torque": 24331.996863598935,
        "final_avg_max_coil_torque": 17645.263834343146,
        "avg_BdotN_over_B": 0.27291549811962335,
        "max_BdotN_over_B": 0.9989128087514956,
        "lagrange_multipliers": [
          -11861.314229225925,
          -14.148447950546306,
          -0.0,
          -179902428.90024063,
          -604127.5453880116,
          -36.470876645557496,
          -0.0,
          -1311027.4145383188
        ],
        "output_directory": "/home/runner/work/stellcoilbench/stellcoilbench/submissions/LandremanPaul2021_QA/akaptano/01-22-2026_21-34/order_6",
        "flux_threshold": 1e-08,
        "cc_threshold": 0.08,
        "cs_threshold": 0.13,
        "msc_threshold": 10.0,
        "arclength_variation_threshold": 0.0,
        "curvature_threshold": 10.0,
        "force_threshold": 0.03077870113881195,
        "torque_threshold": 0.03077870113881195,
        "fourier_order": 6,
        "continuation_step": 2
      },
      {
        "initial_B_field": 0.25394649552240084,
        "final_B_field": 0.25343813719235664,
        "target_B_field": 1.0,
        "optimization_time": 787.5399754047394,
        "final_normalized_squared_flux": 4.444639637388304e-05,
        "final_min_cs_separation": 0.0011125480855027083,
        "final_min_cc_separation": 0.24084937443430454,
        "final_total_length": 20.010519877331237,
        "final_max_curvature": 10.012610070209101,
        "final_average_curvature": 2.8935700453115816,
        "final_arclength_variation": 10.699965004739196,
        "final_mean_squared_curvature": 21.405447464700536,
        "final_linking_number": 0,
        "final_max_max_coil_force": 33550.92088994267,
        "final_avg_max_coil_force": 30241.745762137572,
        "final_max_max_coil_torque": 23964.637881758194,
        "final_avg_max_coil_torque": 17079.181987490323,
        "avg_BdotN_over_B": 0.08835458093761023,
        "max_BdotN_over_B": 0.9998966548434004,
        "lagrange_multipliers": [
          -127311.10749665959,
          -597.2201212784012,
          -0.0,
          -179820756.9874708,
          -728831.4494286976,
          -94.82531466000803,
          -0.0,
          -359344.70712002076
        ],
        "output_directory": "/home/runner/work/stellcoilbench/stellcoilbench/submissions/LandremanPaul2021_QA/akaptano/01-22-2026_21-34/order_8",
        "flux_threshold": 1e-08,
        "cc_threshold": 0.08,
        "cs_threshold": 0.13,
        "msc_threshold": 10.0,
        "arclength_variation_threshold": 0.0,
        "curvature_threshold": 10.0,
        "force_threshold": 0.03077870113881195,
        "torque_threshold": 0.03077870113881195,
        "fourier_order": 8,
        "continuation_step": 3
      }
    ],
    "initial_B_field": 0.25394649552240084,
    "final_B_field": 0.25343813719235664,
    "target_B_field": 1.0,
    "optimization_time": 787.5399754047394,
    "final_normalized_squared_flux": 4.444639637388304e-05,
    "final_min_cs_separation": 0.0011125480855027083,
    "final_min_cc_separation": 0.24084937443430454,
    "final_total_length": 20.010519877331237,
    "final_max_curvature": 10.012610070209101,
    "final_average_curvature": 2.8935700453115816,
    "final_arclength_variation": 10.699965004739196,
    "final_mean_squared_curvature": 21.405447464700536,
    "final_linking_number": 0,
    "final_max_max_coil_force": 33550.92088994267,
    "final_avg_max_coil_force": 30241.745762137572,
    "final_max_max_coil_torque": 23964.637881758194,
    "final_avg_max_coil_torque": 17079.181987490323,
    "avg_BdotN_over_B": 0.08835458093761023,
    "max_BdotN_over_B": 0.9998966548434004,
    "lagrange_multipliers": [
      -127311.10749665959,
      -597.2201212784012,
      -0.0,
      -179820756.9874708,
      -728831.4494286976,
      -94.82531466000803,
      -0.0,
      -359344.70712002076
    ],
    "output_directory": "/home/runner/work/stellcoilbench/stellcoilbench/submissions/LandremanPaul2021_QA/akaptano/01-22-2026_21-34/order_8",
    "flux_threshold": 1e-08,
    "cc_threshold": 0.08,
    "cs_threshold": 0.13,
    "msc_threshold": 10.0,
    "arclength_variation_threshold": 0.0,
    "curvature_threshold": 10.0,
    "force_threshold": 0.03077870113881195,
    "torque_threshold": 0.03077870113881195,
    "fourier_order": 8,
    "continuation_step": 3
  }
}