{
  "metadata": {
    "method_name": "",
    "contact": "akaptano",
    "hardware": "CPU: AMD EPYC 7763 64-Core Processor | RAM: 15.6GB",
    "notes": "",
    "run_date": "2026-01-23T00:50:01.267176"
  },
  "metrics": {
    "initial_B_field": 0.9999401852633265,
    "final_B_field": 0.3376412816562852,
    "target_B_field": 1.0,
    "optimization_time": 1391.350422859192,
    "final_normalized_squared_flux": 4.502421565869689e-06,
    "_cached_thresholds": {
      "length_threshold": 20.0,
      "flux_threshold": 1e-08,
      "cc_threshold": 0.08,
      "cs_threshold": 0.13,
      "msc_threshold": 10.0,
      "arclength_variation_threshold": 0.0,
      "curvature_threshold": 10.0,
      "force_threshold": 0.03077870113881195,
      "torque_threshold": 0.03077870113881195,
      "coil_width": 0.04,
      "R0": 10.0
    },
    "final_min_cs_separation": 0.00041109165046074054,
    "final_min_cc_separation": 0.10647349665747077,
    "final_total_length": 20.763561730180818,
    "final_max_curvature": 10.669479517500651,
    "final_average_curvature": 3.0279083270702127,
    "final_arclength_variation": 39.38762633799418,
    "final_mean_squared_curvature": 21.264660515819948,
    "final_linking_number": 0,
    "final_max_max_coil_force": 49013.615172547245,
    "final_avg_max_coil_force": 44205.59816895067,
    "final_max_max_coil_torque": 40845.11031801036,
    "final_avg_max_coil_torque": 23160.841928087495,
    "avg_BdotN_over_B": 0.02731761356234247,
    "max_BdotN_over_B": 0.9979356955156667,
    "lagrange_multipliers": [
      -6585.051419845866,
      -1.9085494535664183,
      -0.0,
      -56553.14110682836,
      -167.32017175192055,
      -5736.269956959957,
      -0.0,
      -375459.88777900254
    ],
    "output_directory": "/home/runner/work/stellcoilbench/stellcoilbench/submissions/LandremanPaul2021_QA/akaptano/01-23-2026_00-50",
    "flux_threshold": 1e-08,
    "cc_threshold": 0.08,
    "cs_threshold": 0.13,
    "msc_threshold": 10.0,
    "arclength_variation_threshold": 0.0,
    "curvature_threshold": 10.0,
    "force_threshold": 0.03077870113881195,
    "torque_threshold": 0.03077870113881195
  }
}