{
  "@module": "simsopt._core.json",
  "@class": "SIMSON",
  "@version": "0.1.dev5270+gee055f063",
  "graph": [
    {
      "$type": "ref",
      "value": "RegularizedCoil33"
    },
    {
      "$type": "ref",
      "value": "RegularizedCoil34"
    },
    {
      "$type": "ref",
      "value": "RegularizedCoil35"
    },
    {
      "$type": "ref",
      "value": "RegularizedCoil36"
    },
    {
      "$type": "ref",
      "value": "RegularizedCoil37"
    },
    {
      "$type": "ref",
      "value": "RegularizedCoil38"
    },
    {
      "$type": "ref",
      "value": "RegularizedCoil39"
    },
    {
      "$type": "ref",
      "value": "RegularizedCoil40"
    },
    {
      "$type": "ref",
      "value": "RegularizedCoil41"
    },
    {
      "$type": "ref",
      "value": "RegularizedCoil42"
    },
    {
      "$type": "ref",
      "value": "RegularizedCoil43"
    },
    {
      "$type": "ref",
      "value": "RegularizedCoil44"
    },
    {
      "$type": "ref",
      "value": "RegularizedCoil45"
    },
    {
      "$type": "ref",
      "value": "RegularizedCoil46"
    },
    {
      "$type": "ref",
      "value": "RegularizedCoil47"
    },
    {
      "$type": "ref",
      "value": "RegularizedCoil48"
    }
  ],
  "simsopt_objs": {
    "140680440241840": {
      "@module": "simsopt._core.optimizable",
      "@class": "DOFs",
      "@name": "140680440241840",
      "@version": "0.1.dev5270+gee055f063",
      "x": {
        "@module": "numpy",
        "@class": "array",
        "dtype": "float64",
        "data": [
          0.999155120327549,
          0.0012381771757298897,
          0.486493173123422,
          0.003374013980365041,
          -9.363932613337819e-05,
          0.0007291376050835178,
          -0.006839838947917797,
          -0.0002631118372126282,
          -0.0031369771725832437,
          0.19264681699606834,
          0.0013734815181719884,
          0.10189390574392819,
          -0.0076997825216184035,
          0.0016699604792841222,
          -0.0009571118910150748,
          -0.00497032116389791,
          0.006948332961691844,
          0.00030879620452071554,
          0.008655992694434941,
          -0.5195353793572497,
          -0.0002721330654913279,
          -0.0195220135951331,
          -0.010533625584091226,
          0.01523660020628946,
          -0.0009933751575808226,
          0.018849676622614445,
          0.011439946725803923
        ]
      },
      "names": [
        "xc(0)",
        "xs(1)",
        "xc(1)",
        "xs(2)",
        "xc(2)",
        "xs(3)",
        "xc(3)",
        "xs(4)",
        "xc(4)",
        "yc(0)",
        "ys(1)",
        "yc(1)",
        "ys(2)",
        "yc(2)",
        "ys(3)",
        "yc(3)",
        "ys(4)",
        "yc(4)",
        "zc(0)",
        "zs(1)",
        "zc(1)",
        "zs(2)",
        "zc(2)",
        "zs(3)",
        "zc(3)",
        "zs(4)",
        "zc(4)"
      ],
      "free": {
        "@module": "numpy",
        "@class": "array",
        "dtype": "bool",
        "data": [
          true,
          true,
          true,
          true,
          true,
          true,
          true,
          true,
          true,
          true,
          true,
          true,
          true,
          true,
          true,
          true,
          true,
          true,
          true,
          true,
          true,
          true,
          true,
          true,
          true,
          true,
          true
        ]
      },
      "lower_bounds": {
        "@module": "numpy",
        "@class": "array",
        "dtype": "float64",
        "data": [
          -Infinity,
          -Infinity,
          -Infinity,
          -Infinity,
          -Infinity,
          -Infinity,
          -Infinity,
          -Infinity,
          -Infinity,
          -Infinity,
          -Infinity,
          -Infinity,
          -Infinity,
          -Infinity,
          -Infinity,
          -Infinity,
          -Infinity,
          -Infinity,
          -Infinity,
          -Infinity,
          -Infinity,
          -Infinity,
          -Infinity,
          -Infinity,
          -Infinity,
          -Infinity,
          -Infinity
        ]
      },
      "upper_bounds": {
        "@module": "numpy",
        "@class": "array",
        "dtype": "float64",
        "data": [
          Infinity,
          Infinity,
          Infinity,
          Infinity,
          Infinity,
          Infinity,
          Infinity,
          Infinity,
          Infinity,
          Infinity,
          Infinity,
          Infinity,
          Infinity,
          Infinity,
          Infinity,
          Infinity,
          Infinity,
          Infinity,
          Infinity,
          Infinity,
          Infinity,
          Infinity,
          Infinity,
          Infinity,
          Infinity,
          Infinity,
          Infinity
        ]
      }
    },
    "CurveXYZFourier1": {
      "@module": "simsopt.geo.curvexyzfourier",
      "@class": "CurveXYZFourier",
      "@name": "CurveXYZFourier1",
      "@version": "0.1.dev5270+gee055f063",
      "quadpoints": {
        "@module": "numpy",
        "@class": "array",
        "dtype": "float64",
        "data": [
          0.0,
          0.00390625,
          0.0078125,
          0.01171875,
          0.015625,
          0.01953125,
          0.0234375,
          0.02734375,
          0.03125,
          0.03515625,
          0.0390625,
          0.04296875,
          0.046875,
          0.05078125,
          0.0546875,
          0.05859375,
          0.0625,
          0.06640625,
          0.0703125,
          0.07421875,
          0.078125,
          0.08203125,
          0.0859375,
          0.08984375,
          0.09375,
          0.09765625,
          0.1015625,
          0.10546875,
          0.109375,
          0.11328125,
          0.1171875,
          0.12109375,
          0.125,
          0.12890625,
          0.1328125,
          0.13671875,
          0.140625,
          0.14453125,
          0.1484375,
          0.15234375,
          0.15625,
          0.16015625,
          0.1640625,
          0.16796875,
          0.171875,
          0.17578125,
          0.1796875,
          0.18359375,
          0.1875,
          0.19140625,
          0.1953125,
          0.19921875,
          0.203125,
          0.20703125,
          0.2109375,
          0.21484375,
          0.21875,
          0.22265625,
          0.2265625,
          0.23046875,
          0.234375,
          0.23828125,
          0.2421875,
          0.24609375,
          0.25,
          0.25390625,
          0.2578125,
          0.26171875,
          0.265625,
          0.26953125,
          0.2734375,
          0.27734375,
          0.28125,
          0.28515625,
          0.2890625,
          0.29296875,
          0.296875,
          0.30078125,
          0.3046875,
          0.30859375,
          0.3125,
          0.31640625,
          0.3203125,
          0.32421875,
          0.328125,
          0.33203125,
          0.3359375,
          0.33984375,
          0.34375,
          0.34765625,
          0.3515625,
          0.35546875,
          0.359375,
          0.36328125,
          0.3671875,
          0.37109375,
          0.375,
          0.37890625,
          0.3828125,
          0.38671875,
          0.390625,
          0.39453125,
          0.3984375,
          0.40234375,
          0.40625,
          0.41015625,
          0.4140625,
          0.41796875,
          0.421875,
          0.42578125,
          0.4296875,
          0.43359375,
          0.4375,
          0.44140625,
          0.4453125,
          0.44921875,
          0.453125,
          0.45703125,
          0.4609375,
          0.46484375,
          0.46875,
          0.47265625,
          0.4765625,
          0.48046875,
          0.484375,
          0.48828125,
          0.4921875,
          0.49609375,
          0.5,
          0.50390625,
          0.5078125,
          0.51171875,
          0.515625,
          0.51953125,
          0.5234375,
          0.52734375,
          0.53125,
          0.53515625,
          0.5390625,
          0.54296875,
          0.546875,
          0.55078125,
          0.5546875,
          0.55859375,
          0.5625,
          0.56640625,
          0.5703125,
          0.57421875,
          0.578125,
          0.58203125,
          0.5859375,
          0.58984375,
          0.59375,
          0.59765625,
          0.6015625,
          0.60546875,
          0.609375,
          0.61328125,
          0.6171875,
          0.62109375,
          0.625,
          0.62890625,
          0.6328125,
          0.63671875,
          0.640625,
          0.64453125,
          0.6484375,
          0.65234375,
          0.65625,
          0.66015625,
          0.6640625,
          0.66796875,
          0.671875,
          0.67578125,
          0.6796875,
          0.68359375,
          0.6875,
          0.69140625,
          0.6953125,
          0.69921875,
          0.703125,
          0.70703125,
          0.7109375,
          0.71484375,
          0.71875,
          0.72265625,
          0.7265625,
          0.73046875,
          0.734375,
          0.73828125,
          0.7421875,
          0.74609375,
          0.75,
          0.75390625,
          0.7578125,
          0.76171875,
          0.765625,
          0.76953125,
          0.7734375,
          0.77734375,
          0.78125,
          0.78515625,
          0.7890625,
          0.79296875,
          0.796875,
          0.80078125,
          0.8046875,
          0.80859375,
          0.8125,
          0.81640625,
          0.8203125,
          0.82421875,
          0.828125,
          0.83203125,
          0.8359375,
          0.83984375,
          0.84375,
          0.84765625,
          0.8515625,
          0.85546875,
          0.859375,
          0.86328125,
          0.8671875,
          0.87109375,
          0.875,
          0.87890625,
          0.8828125,
          0.88671875,
          0.890625,
          0.89453125,
          0.8984375,
          0.90234375,
          0.90625,
          0.91015625,
          0.9140625,
          0.91796875,
          0.921875,
          0.92578125,
          0.9296875,
          0.93359375,
          0.9375,
          0.94140625,
          0.9453125,
          0.94921875,
          0.953125,
          0.95703125,
          0.9609375,
          0.96484375,
          0.96875,
          0.97265625,
          0.9765625,
          0.98046875,
          0.984375,
          0.98828125,
          0.9921875,
          0.99609375
        ]
      },
      "order": 4,
      "dofs": {
        "$type": "ref",
        "value": "140680440241840"
      }
    },
    "140680277296144": {
      "@module": "simsopt._core.optimizable",
      "@class": "DOFs",
      "@name": "140680277296144",
      "@version": "0.1.dev5270+gee055f063",
      "x": {
        "@module": "numpy",
        "@class": "array",
        "dtype": "float64",
        "data": [
          0.008534726870611834
        ]
      },
      "names": [
        "x0"
      ],
      "free": {
        "@module": "numpy",
        "@class": "array",
        "dtype": "bool",
        "data": [
          true
        ]
      },
      "lower_bounds": {
        "@module": "numpy",
        "@class": "array",
        "dtype": "float64",
        "data": [
          -Infinity
        ]
      },
      "upper_bounds": {
        "@module": "numpy",
        "@class": "array",
        "dtype": "float64",
        "data": [
          Infinity
        ]
      }
    },
    "Current9": {
      "@module": "simsopt.field.coil",
      "@class": "Current",
      "@name": "Current9",
      "@version": "0.1.dev5270+gee055f063",
      "current": 0.008534726870611834,
      "dofs": {
        "$type": "ref",
        "value": "140680277296144"
      }
    },
    "ScaledCurrent25": {
      "@module": "simsopt.field.coil",
      "@class": "ScaledCurrent",
      "@name": "ScaledCurrent25",
      "@version": "0.1.dev5270+gee055f063",
      "current_to_scale": {
        "$type": "ref",
        "value": "Current9"
      },
      "scale": 10000000.0
    },
    "RegularizedCoil33": {
      "@module": "simsopt.field.coil",
      "@class": "RegularizedCoil",
      "@name": "RegularizedCoil33",
      "@version": "0.1.dev5270+gee055f063",
      "curve": {
        "$type": "ref",
        "value": "CurveXYZFourier1"
      },
      "current": {
        "$type": "ref",
        "value": "ScaledCurrent25"
      },
      "regularization": {
        "@module": "numpy",
        "@class": "array",
        "dtype": "float64",
        "data": 0.0009704490555402135
      }
    },
    "140680440242320": {
      "@module": "simsopt._core.optimizable",
      "@class": "DOFs",
      "@name": "140680440242320",
      "@version": "0.1.dev5270+gee055f063",
      "x": {
        "@module": "numpy",
        "@class": "array",
        "dtype": "float64",
        "data": [
          0.8381867281769304,
          0.0008914705779764535,
          0.4033406662118178,
          0.005306125153233276,
          0.005147204596661165,
          -0.005603004464011546,
          0.0020935441644969713,
          -0.00011811466166835154,
          -0.005976683722324918,
          0.5450415026278751,
          0.005127503138766618,
          0.2850541099645643,
          -0.010902925890428154,
          0.0010456345935630834,
          0.004613127545515032,
          -0.009370838264746504,
          0.006160699284549493,
          0.0072965057292064175,
          0.014630133497357482,
          -0.5084381461611102,
          -0.0027861404329906627,
          0.003725537910370895,
          -0.013670813238209331,
          0.012335987650688704,
          0.007530775574581051,
          -0.009038626276657104,
          0.00995225061357914
        ]
      },
      "names": [
        "xc(0)",
        "xs(1)",
        "xc(1)",
        "xs(2)",
        "xc(2)",
        "xs(3)",
        "xc(3)",
        "xs(4)",
        "xc(4)",
        "yc(0)",
        "ys(1)",
        "yc(1)",
        "ys(2)",
        "yc(2)",
        "ys(3)",
        "yc(3)",
        "ys(4)",
        "yc(4)",
        "zc(0)",
        "zs(1)",
        "zc(1)",
        "zs(2)",
        "zc(2)",
        "zs(3)",
        "zc(3)",
        "zs(4)",
        "zc(4)"
      ],
      "free": {
        "@module": "numpy",
        "@class": "array",
        "dtype": "bool",
        "data": [
          true,
          true,
          true,
          true,
          true,
          true,
          true,
          true,
          true,
          true,
          true,
          true,
          true,
          true,
          true,
          true,
          true,
          true,
          true,
          true,
          true,
          true,
          true,
          true,
          true,
          true,
          true
        ]
      },
      "lower_bounds": {
        "@module": "numpy",
        "@class": "array",
        "dtype": "float64",
        "data": [
          -Infinity,
          -Infinity,
          -Infinity,
          -Infinity,
          -Infinity,
          -Infinity,
          -Infinity,
          -Infinity,
          -Infinity,
          -Infinity,
          -Infinity,
          -Infinity,
          -Infinity,
          -Infinity,
          -Infinity,
          -Infinity,
          -Infinity,
          -Infinity,
          -Infinity,
          -Infinity,
          -Infinity,
          -Infinity,
          -Infinity,
          -Infinity,
          -Infinity,
          -Infinity,
          -Infinity
        ]
      },
      "upper_bounds": {
        "@module": "numpy",
        "@class": "array",
        "dtype": "float64",
        "data": [
          Infinity,
          Infinity,
          Infinity,
          Infinity,
          Infinity,
          Infinity,
          Infinity,
          Infinity,
          Infinity,
          Infinity,
          Infinity,
          Infinity,
          Infinity,
          Infinity,
          Infinity,
          Infinity,
          Infinity,
          Infinity,
          Infinity,
          Infinity,
          Infinity,
          Infinity,
          Infinity,
          Infinity,
          Infinity,
          Infinity,
          Infinity
        ]
      }
    },
    "CurveXYZFourier2": {
      "@module": "simsopt.geo.curvexyzfourier",
      "@class": "CurveXYZFourier",
      "@name": "CurveXYZFourier2",
      "@version": "0.1.dev5270+gee055f063",
      "quadpoints": {
        "@module": "numpy",
        "@class": "array",
        "dtype": "float64",
        "data": [
          0.0,
          0.00390625,
          0.0078125,
          0.01171875,
          0.015625,
          0.01953125,
          0.0234375,
          0.02734375,
          0.03125,
          0.03515625,
          0.0390625,
          0.04296875,
          0.046875,
          0.05078125,
          0.0546875,
          0.05859375,
          0.0625,
          0.06640625,
          0.0703125,
          0.07421875,
          0.078125,
          0.08203125,
          0.0859375,
          0.08984375,
          0.09375,
          0.09765625,
          0.1015625,
          0.10546875,
          0.109375,
          0.11328125,
          0.1171875,
          0.12109375,
          0.125,
          0.12890625,
          0.1328125,
          0.13671875,
          0.140625,
          0.14453125,
          0.1484375,
          0.15234375,
          0.15625,
          0.16015625,
          0.1640625,
          0.16796875,
          0.171875,
          0.17578125,
          0.1796875,
          0.18359375,
          0.1875,
          0.19140625,
          0.1953125,
          0.19921875,
          0.203125,
          0.20703125,
          0.2109375,
          0.21484375,
          0.21875,
          0.22265625,
          0.2265625,
          0.23046875,
          0.234375,
          0.23828125,
          0.2421875,
          0.24609375,
          0.25,
          0.25390625,
          0.2578125,
          0.26171875,
          0.265625,
          0.26953125,
          0.2734375,
          0.27734375,
          0.28125,
          0.28515625,
          0.2890625,
          0.29296875,
          0.296875,
          0.30078125,
          0.3046875,
          0.30859375,
          0.3125,
          0.31640625,
          0.3203125,
          0.32421875,
          0.328125,
          0.33203125,
          0.3359375,
          0.33984375,
          0.34375,
          0.34765625,
          0.3515625,
          0.35546875,
          0.359375,
          0.36328125,
          0.3671875,
          0.37109375,
          0.375,
          0.37890625,
          0.3828125,
          0.38671875,
          0.390625,
          0.39453125,
          0.3984375,
          0.40234375,
          0.40625,
          0.41015625,
          0.4140625,
          0.41796875,
          0.421875,
          0.42578125,
          0.4296875,
          0.43359375,
          0.4375,
          0.44140625,
          0.4453125,
          0.44921875,
          0.453125,
          0.45703125,
          0.4609375,
          0.46484375,
          0.46875,
          0.47265625,
          0.4765625,
          0.48046875,
          0.484375,
          0.48828125,
          0.4921875,
          0.49609375,
          0.5,
          0.50390625,
          0.5078125,
          0.51171875,
          0.515625,
          0.51953125,
          0.5234375,
          0.52734375,
          0.53125,
          0.53515625,
          0.5390625,
          0.54296875,
          0.546875,
          0.55078125,
          0.5546875,
          0.55859375,
          0.5625,
          0.56640625,
          0.5703125,
          0.57421875,
          0.578125,
          0.58203125,
          0.5859375,
          0.58984375,
          0.59375,
          0.59765625,
          0.6015625,
          0.60546875,
          0.609375,
          0.61328125,
          0.6171875,
          0.62109375,
          0.625,
          0.62890625,
          0.6328125,
          0.63671875,
          0.640625,
          0.64453125,
          0.6484375,
          0.65234375,
          0.65625,
          0.66015625,
          0.6640625,
          0.66796875,
          0.671875,
          0.67578125,
          0.6796875,
          0.68359375,
          0.6875,
          0.69140625,
          0.6953125,
          0.69921875,
          0.703125,
          0.70703125,
          0.7109375,
          0.71484375,
          0.71875,
          0.72265625,
          0.7265625,
          0.73046875,
          0.734375,
          0.73828125,
          0.7421875,
          0.74609375,
          0.75,
          0.75390625,
          0.7578125,
          0.76171875,
          0.765625,
          0.76953125,
          0.7734375,
          0.77734375,
          0.78125,
          0.78515625,
          0.7890625,
          0.79296875,
          0.796875,
          0.80078125,
          0.8046875,
          0.80859375,
          0.8125,
          0.81640625,
          0.8203125,
          0.82421875,
          0.828125,
          0.83203125,
          0.8359375,
          0.83984375,
          0.84375,
          0.84765625,
          0.8515625,
          0.85546875,
          0.859375,
          0.86328125,
          0.8671875,
          0.87109375,
          0.875,
          0.87890625,
          0.8828125,
          0.88671875,
          0.890625,
          0.89453125,
          0.8984375,
          0.90234375,
          0.90625,
          0.91015625,
          0.9140625,
          0.91796875,
          0.921875,
          0.92578125,
          0.9296875,
          0.93359375,
          0.9375,
          0.94140625,
          0.9453125,
          0.94921875,
          0.953125,
          0.95703125,
          0.9609375,
          0.96484375,
          0.96875,
          0.97265625,
          0.9765625,
          0.98046875,
          0.984375,
          0.98828125,
          0.9921875,
          0.99609375
        ]
      },
      "order": 4,
      "dofs": {
        "$type": "ref",
        "value": "140680440242320"
      }
    },
    "140680277302672": {
      "@module": "simsopt._core.optimizable",
      "@class": "DOFs",
      "@name": "140680277302672",
      "@version": "0.1.dev5270+gee055f063",
      "x": {
        "@module": "numpy",
        "@class": "array",
        "dtype": "float64",
        "data": [
          0.012087005105063667
        ]
      },
      "names": [
        "x0"
      ],
      "free": {
        "@module": "numpy",
        "@class": "array",
        "dtype": "bool",
        "data": [
          true
        ]
      },
      "lower_bounds": {
        "@module": "numpy",
        "@class": "array",
        "dtype": "float64",
        "data": [
          -Infinity
        ]
      },
      "upper_bounds": {
        "@module": "numpy",
        "@class": "array",
        "dtype": "float64",
        "data": [
          Infinity
        ]
      }
    },
    "Current10": {
      "@module": "simsopt.field.coil",
      "@class": "Current",
      "@name": "Current10",
      "@version": "0.1.dev5270+gee055f063",
      "current": 0.012087005105063667,
      "dofs": {
        "$type": "ref",
        "value": "140680277302672"
      }
    },
    "ScaledCurrent26": {
      "@module": "simsopt.field.coil",
      "@class": "ScaledCurrent",
      "@name": "ScaledCurrent26",
      "@version": "0.1.dev5270+gee055f063",
      "current_to_scale": {
        "$type": "ref",
        "value": "Current10"
      },
      "scale": 10000000.0
    },
    "RegularizedCoil34": {
      "@module": "simsopt.field.coil",
      "@class": "RegularizedCoil",
      "@name": "RegularizedCoil34",
      "@version": "0.1.dev5270+gee055f063",
      "curve": {
        "$type": "ref",
        "value": "CurveXYZFourier2"
      },
      "current": {
        "$type": "ref",
        "value": "ScaledCurrent26"
      },
      "regularization": {
        "@module": "numpy",
        "@class": "array",
        "dtype": "float64",
        "data": 0.0009704490555402135
      }
    },
    "140680440243088": {
      "@module": "simsopt._core.optimizable",
      "@class": "DOFs",
      "@name": "140680440243088",
      "@version": "0.1.dev5270+gee055f063",
      "x": {
        "@module": "numpy",
        "@class": "array",
        "dtype": "float64",
        "data": [
          0.5558759007952456,
          0.015182294842493128,
          0.2678180988839358,
          -0.015108725223685334,
          0.016168683648612164,
          0.005382162009522956,
          -0.017882832227044503,
          0.004630359591444612,
          0.015408259892657917,
          0.8132560951778462,
          0.010116544154297562,
          0.4287101739935179,
          -0.01967578860440059,
          -0.007516253053534006,
          0.01938483029671487,
          -0.006097493281273847,
          -0.008835956848711572,
          0.015080755920816775,
          0.0261439382648694,
          -0.5076454493196481,
          -0.017332557730758254,
          0.01873949509235001,
          -0.0008256473834518007,
          -0.01376787202184814,
          0.015026701720430968,
          7.001138129334188e-05,
          -0.018921306601348987
        ]
      },
      "names": [
        "xc(0)",
        "xs(1)",
        "xc(1)",
        "xs(2)",
        "xc(2)",
        "xs(3)",
        "xc(3)",
        "xs(4)",
        "xc(4)",
        "yc(0)",
        "ys(1)",
        "yc(1)",
        "ys(2)",
        "yc(2)",
        "ys(3)",
        "yc(3)",
        "ys(4)",
        "yc(4)",
        "zc(0)",
        "zs(1)",
        "zc(1)",
        "zs(2)",
        "zc(2)",
        "zs(3)",
        "zc(3)",
        "zs(4)",
        "zc(4)"
      ],
      "free": {
        "@module": "numpy",
        "@class": "array",
        "dtype": "bool",
        "data": [
          true,
          true,
          true,
          true,
          true,
          true,
          true,
          true,
          true,
          true,
          true,
          true,
          true,
          true,
          true,
          true,
          true,
          true,
          true,
          true,
          true,
          true,
          true,
          true,
          true,
          true,
          true
        ]
      },
      "lower_bounds": {
        "@module": "numpy",
        "@class": "array",
        "dtype": "float64",
        "data": [
          -Infinity,
          -Infinity,
          -Infinity,
          -Infinity,
          -Infinity,
          -Infinity,
          -Infinity,
          -Infinity,
          -Infinity,
          -Infinity,
          -Infinity,
          -Infinity,
          -Infinity,
          -Infinity,
          -Infinity,
          -Infinity,
          -Infinity,
          -Infinity,
          -Infinity,
          -Infinity,
          -Infinity,
          -Infinity,
          -Infinity,
          -Infinity,
          -Infinity,
          -Infinity,
          -Infinity
        ]
      },
      "upper_bounds": {
        "@module": "numpy",
        "@class": "array",
        "dtype": "float64",
        "data": [
          Infinity,
          Infinity,
          Infinity,
          Infinity,
          Infinity,
          Infinity,
          Infinity,
          Infinity,
          Infinity,
          Infinity,
          Infinity,
          Infinity,
          Infinity,
          Infinity,
          Infinity,
          Infinity,
          Infinity,
          Infinity,
          Infinity,
          Infinity,
          Infinity,
          Infinity,
          Infinity,
          Infinity,
          Infinity,
          Infinity,
          Infinity
        ]
      }
    },
    "CurveXYZFourier3": {
      "@module": "simsopt.geo.curvexyzfourier",
      "@class": "CurveXYZFourier",
      "@name": "CurveXYZFourier3",
      "@version": "0.1.dev5270+gee055f063",
      "quadpoints": {
        "@module": "numpy",
        "@class": "array",
        "dtype": "float64",
        "data": [
          0.0,
          0.00390625,
          0.0078125,
          0.01171875,
          0.015625,
          0.01953125,
          0.0234375,
          0.02734375,
          0.03125,
          0.03515625,
          0.0390625,
          0.04296875,
          0.046875,
          0.05078125,
          0.0546875,
          0.05859375,
          0.0625,
          0.06640625,
          0.0703125,
          0.07421875,
          0.078125,
          0.08203125,
          0.0859375,
          0.08984375,
          0.09375,
          0.09765625,
          0.1015625,
          0.10546875,
          0.109375,
          0.11328125,
          0.1171875,
          0.12109375,
          0.125,
          0.12890625,
          0.1328125,
          0.13671875,
          0.140625,
          0.14453125,
          0.1484375,
          0.15234375,
          0.15625,
          0.16015625,
          0.1640625,
          0.16796875,
          0.171875,
          0.17578125,
          0.1796875,
          0.18359375,
          0.1875,
          0.19140625,
          0.1953125,
          0.19921875,
          0.203125,
          0.20703125,
          0.2109375,
          0.21484375,
          0.21875,
          0.22265625,
          0.2265625,
          0.23046875,
          0.234375,
          0.23828125,
          0.2421875,
          0.24609375,
          0.25,
          0.25390625,
          0.2578125,
          0.26171875,
          0.265625,
          0.26953125,
          0.2734375,
          0.27734375,
          0.28125,
          0.28515625,
          0.2890625,
          0.29296875,
          0.296875,
          0.30078125,
          0.3046875,
          0.30859375,
          0.3125,
          0.31640625,
          0.3203125,
          0.32421875,
          0.328125,
          0.33203125,
          0.3359375,
          0.33984375,
          0.34375,
          0.34765625,
          0.3515625,
          0.35546875,
          0.359375,
          0.36328125,
          0.3671875,
          0.37109375,
          0.375,
          0.37890625,
          0.3828125,
          0.38671875,
          0.390625,
          0.39453125,
          0.3984375,
          0.40234375,
          0.40625,
          0.41015625,
          0.4140625,
          0.41796875,
          0.421875,
          0.42578125,
          0.4296875,
          0.43359375,
          0.4375,
          0.44140625,
          0.4453125,
          0.44921875,
          0.453125,
          0.45703125,
          0.4609375,
          0.46484375,
          0.46875,
          0.47265625,
          0.4765625,
          0.48046875,
          0.484375,
          0.48828125,
          0.4921875,
          0.49609375,
          0.5,
          0.50390625,
          0.5078125,
          0.51171875,
          0.515625,
          0.51953125,
          0.5234375,
          0.52734375,
          0.53125,
          0.53515625,
          0.5390625,
          0.54296875,
          0.546875,
          0.55078125,
          0.5546875,
          0.55859375,
          0.5625,
          0.56640625,
          0.5703125,
          0.57421875,
          0.578125,
          0.58203125,
          0.5859375,
          0.58984375,
          0.59375,
          0.59765625,
          0.6015625,
          0.60546875,
          0.609375,
          0.61328125,
          0.6171875,
          0.62109375,
          0.625,
          0.62890625,
          0.6328125,
          0.63671875,
          0.640625,
          0.64453125,
          0.6484375,
          0.65234375,
          0.65625,
          0.66015625,
          0.6640625,
          0.66796875,
          0.671875,
          0.67578125,
          0.6796875,
          0.68359375,
          0.6875,
          0.69140625,
          0.6953125,
          0.69921875,
          0.703125,
          0.70703125,
          0.7109375,
          0.71484375,
          0.71875,
          0.72265625,
          0.7265625,
          0.73046875,
          0.734375,
          0.73828125,
          0.7421875,
          0.74609375,
          0.75,
          0.75390625,
          0.7578125,
          0.76171875,
          0.765625,
          0.76953125,
          0.7734375,
          0.77734375,
          0.78125,
          0.78515625,
          0.7890625,
          0.79296875,
          0.796875,
          0.80078125,
          0.8046875,
          0.80859375,
          0.8125,
          0.81640625,
          0.8203125,
          0.82421875,
          0.828125,
          0.83203125,
          0.8359375,
          0.83984375,
          0.84375,
          0.84765625,
          0.8515625,
          0.85546875,
          0.859375,
          0.86328125,
          0.8671875,
          0.87109375,
          0.875,
          0.87890625,
          0.8828125,
          0.88671875,
          0.890625,
          0.89453125,
          0.8984375,
          0.90234375,
          0.90625,
          0.91015625,
          0.9140625,
          0.91796875,
          0.921875,
          0.92578125,
          0.9296875,
          0.93359375,
          0.9375,
          0.94140625,
          0.9453125,
          0.94921875,
          0.953125,
          0.95703125,
          0.9609375,
          0.96484375,
          0.96875,
          0.97265625,
          0.9765625,
          0.98046875,
          0.984375,
          0.98828125,
          0.9921875,
          0.99609375
        ]
      },
      "order": 4,
      "dofs": {
        "$type": "ref",
        "value": "140680440243088"
      }
    },
    "140680277303728": {
      "@module": "simsopt._core.optimizable",
      "@class": "DOFs",
      "@name": "140680277303728",
      "@version": "0.1.dev5270+gee055f063",
      "x": {
        "@module": "numpy",
        "@class": "array",
        "dtype": "float64",
        "data": [
          0.01772649269211877
        ]
      },
      "names": [
        "x0"
      ],
      "free": {
        "@module": "numpy",
        "@class": "array",
        "dtype": "bool",
        "data": [
          true
        ]
      },
      "lower_bounds": {
        "@module": "numpy",
        "@class": "array",
        "dtype": "float64",
        "data": [
          -Infinity
        ]
      },
      "upper_bounds": {
        "@module": "numpy",
        "@class": "array",
        "dtype": "float64",
        "data": [
          Infinity
        ]
      }
    },
    "Current11": {
      "@module": "simsopt.field.coil",
      "@class": "Current",
      "@name": "Current11",
      "@version": "0.1.dev5270+gee055f063",
      "current": 0.01772649269211877,
      "dofs": {
        "$type": "ref",
        "value": "140680277303728"
      }
    },
    "ScaledCurrent27": {
      "@module": "simsopt.field.coil",
      "@class": "ScaledCurrent",
      "@name": "ScaledCurrent27",
      "@version": "0.1.dev5270+gee055f063",
      "current_to_scale": {
        "$type": "ref",
        "value": "Current11"
      },
      "scale": 10000000.0
    },
    "RegularizedCoil35": {
      "@module": "simsopt.field.coil",
      "@class": "RegularizedCoil",
      "@name": "RegularizedCoil35",
      "@version": "0.1.dev5270+gee055f063",
      "curve": {
        "$type": "ref",
        "value": "CurveXYZFourier3"
      },
      "current": {
        "$type": "ref",
        "value": "ScaledCurrent27"
      },
      "regularization": {
        "@module": "numpy",
        "@class": "array",
        "dtype": "float64",
        "data": 0.0009704490555402135
      }
    },
    "140680440243856": {
      "@module": "simsopt._core.optimizable",
      "@class": "DOFs",
      "@name": "140680440243856",
      "@version": "0.1.dev5270+gee055f063",
      "x": {
        "@module": "numpy",
        "@class": "array",
        "dtype": "float64",
        "data": [
          0.21900076096526536,
          0.0791626157878664,
          0.06177572343030629,
          -0.07920074801805796,
          0.03724994305898926,
          0.052457996790889735,
          -0.032674663479615076,
          -0.02886612891951547,
          0.024910065236541143,
          0.9578438526877752,
          0.003931427712238328,
          0.5124424210716523,
          -0.020376512801020204,
          -0.03446488587293652,
          0.0253231933382722,
          0.034902305735220227,
          -0.02106070177682582,
          -0.023758571317539966,
          0.03234047063462961,
          -0.4905619842853176,
          -0.0181926375830991,
          0.0039064158416778644,
          0.0006492857152192436,
          -0.009113354548338812,
          0.003709713951963604,
          0.006636497901033773,
          -0.006374682928265691
        ]
      },
      "names": [
        "xc(0)",
        "xs(1)",
        "xc(1)",
        "xs(2)",
        "xc(2)",
        "xs(3)",
        "xc(3)",
        "xs(4)",
        "xc(4)",
        "yc(0)",
        "ys(1)",
        "yc(1)",
        "ys(2)",
        "yc(2)",
        "ys(3)",
        "yc(3)",
        "ys(4)",
        "yc(4)",
        "zc(0)",
        "zs(1)",
        "zc(1)",
        "zs(2)",
        "zc(2)",
        "zs(3)",
        "zc(3)",
        "zs(4)",
        "zc(4)"
      ],
      "free": {
        "@module": "numpy",
        "@class": "array",
        "dtype": "bool",
        "data": [
          true,
          true,
          true,
          true,
          true,
          true,
          true,
          true,
          true,
          true,
          true,
          true,
          true,
          true,
          true,
          true,
          true,
          true,
          true,
          true,
          true,
          true,
          true,
          true,
          true,
          true,
          true
        ]
      },
      "lower_bounds": {
        "@module": "numpy",
        "@class": "array",
        "dtype": "float64",
        "data": [
          -Infinity,
          -Infinity,
          -Infinity,
          -Infinity,
          -Infinity,
          -Infinity,
          -Infinity,
          -Infinity,
          -Infinity,
          -Infinity,
          -Infinity,
          -Infinity,
          -Infinity,
          -Infinity,
          -Infinity,
          -Infinity,
          -Infinity,
          -Infinity,
          -Infinity,
          -Infinity,
          -Infinity,
          -Infinity,
          -Infinity,
          -Infinity,
          -Infinity,
          -Infinity,
          -Infinity
        ]
      },
      "upper_bounds": {
        "@module": "numpy",
        "@class": "array",
        "dtype": "float64",
        "data": [
          Infinity,
          Infinity,
          Infinity,
          Infinity,
          Infinity,
          Infinity,
          Infinity,
          Infinity,
          Infinity,
          Infinity,
          Infinity,
          Infinity,
          Infinity,
          Infinity,
          Infinity,
          Infinity,
          Infinity,
          Infinity,
          Infinity,
          Infinity,
          Infinity,
          Infinity,
          Infinity,
          Infinity,
          Infinity,
          Infinity,
          Infinity
        ]
      }
    },
    "CurveXYZFourier4": {
      "@module": "simsopt.geo.curvexyzfourier",
      "@class": "CurveXYZFourier",
      "@name": "CurveXYZFourier4",
      "@version": "0.1.dev5270+gee055f063",
      "quadpoints": {
        "@module": "numpy",
        "@class": "array",
        "dtype": "float64",
        "data": [
          0.0,
          0.00390625,
          0.0078125,
          0.01171875,
          0.015625,
          0.01953125,
          0.0234375,
          0.02734375,
          0.03125,
          0.03515625,
          0.0390625,
          0.04296875,
          0.046875,
          0.05078125,
          0.0546875,
          0.05859375,
          0.0625,
          0.06640625,
          0.0703125,
          0.07421875,
          0.078125,
          0.08203125,
          0.0859375,
          0.08984375,
          0.09375,
          0.09765625,
          0.1015625,
          0.10546875,
          0.109375,
          0.11328125,
          0.1171875,
          0.12109375,
          0.125,
          0.12890625,
          0.1328125,
          0.13671875,
          0.140625,
          0.14453125,
          0.1484375,
          0.15234375,
          0.15625,
          0.16015625,
          0.1640625,
          0.16796875,
          0.171875,
          0.17578125,
          0.1796875,
          0.18359375,
          0.1875,
          0.19140625,
          0.1953125,
          0.19921875,
          0.203125,
          0.20703125,
          0.2109375,
          0.21484375,
          0.21875,
          0.22265625,
          0.2265625,
          0.23046875,
          0.234375,
          0.23828125,
          0.2421875,
          0.24609375,
          0.25,
          0.25390625,
          0.2578125,
          0.26171875,
          0.265625,
          0.26953125,
          0.2734375,
          0.27734375,
          0.28125,
          0.28515625,
          0.2890625,
          0.29296875,
          0.296875,
          0.30078125,
          0.3046875,
          0.30859375,
          0.3125,
          0.31640625,
          0.3203125,
          0.32421875,
          0.328125,
          0.33203125,
          0.3359375,
          0.33984375,
          0.34375,
          0.34765625,
          0.3515625,
          0.35546875,
          0.359375,
          0.36328125,
          0.3671875,
          0.37109375,
          0.375,
          0.37890625,
          0.3828125,
          0.38671875,
          0.390625,
          0.39453125,
          0.3984375,
          0.40234375,
          0.40625,
          0.41015625,
          0.4140625,
          0.41796875,
          0.421875,
          0.42578125,
          0.4296875,
          0.43359375,
          0.4375,
          0.44140625,
          0.4453125,
          0.44921875,
          0.453125,
          0.45703125,
          0.4609375,
          0.46484375,
          0.46875,
          0.47265625,
          0.4765625,
          0.48046875,
          0.484375,
          0.48828125,
          0.4921875,
          0.49609375,
          0.5,
          0.50390625,
          0.5078125,
          0.51171875,
          0.515625,
          0.51953125,
          0.5234375,
          0.52734375,
          0.53125,
          0.53515625,
          0.5390625,
          0.54296875,
          0.546875,
          0.55078125,
          0.5546875,
          0.55859375,
          0.5625,
          0.56640625,
          0.5703125,
          0.57421875,
          0.578125,
          0.58203125,
          0.5859375,
          0.58984375,
          0.59375,
          0.59765625,
          0.6015625,
          0.60546875,
          0.609375,
          0.61328125,
          0.6171875,
          0.62109375,
          0.625,
          0.62890625,
          0.6328125,
          0.63671875,
          0.640625,
          0.64453125,
          0.6484375,
          0.65234375,
          0.65625,
          0.66015625,
          0.6640625,
          0.66796875,
          0.671875,
          0.67578125,
          0.6796875,
          0.68359375,
          0.6875,
          0.69140625,
          0.6953125,
          0.69921875,
          0.703125,
          0.70703125,
          0.7109375,
          0.71484375,
          0.71875,
          0.72265625,
          0.7265625,
          0.73046875,
          0.734375,
          0.73828125,
          0.7421875,
          0.74609375,
          0.75,
          0.75390625,
          0.7578125,
          0.76171875,
          0.765625,
          0.76953125,
          0.7734375,
          0.77734375,
          0.78125,
          0.78515625,
          0.7890625,
          0.79296875,
          0.796875,
          0.80078125,
          0.8046875,
          0.80859375,
          0.8125,
          0.81640625,
          0.8203125,
          0.82421875,
          0.828125,
          0.83203125,
          0.8359375,
          0.83984375,
          0.84375,
          0.84765625,
          0.8515625,
          0.85546875,
          0.859375,
          0.86328125,
          0.8671875,
          0.87109375,
          0.875,
          0.87890625,
          0.8828125,
          0.88671875,
          0.890625,
          0.89453125,
          0.8984375,
          0.90234375,
          0.90625,
          0.91015625,
          0.9140625,
          0.91796875,
          0.921875,
          0.92578125,
          0.9296875,
          0.93359375,
          0.9375,
          0.94140625,
          0.9453125,
          0.94921875,
          0.953125,
          0.95703125,
          0.9609375,
          0.96484375,
          0.96875,
          0.97265625,
          0.9765625,
          0.98046875,
          0.984375,
          0.98828125,
          0.9921875,
          0.99609375
        ]
      },
      "order": 4,
      "dofs": {
        "$type": "ref",
        "value": "140680440243856"
      }
    },
    "140680277304880": {
      "@module": "simsopt._core.optimizable",
      "@class": "DOFs",
      "@name": "140680277304880",
      "@version": "0.1.dev5270+gee055f063",
      "x": {
        "@module": "numpy",
        "@class": "array",
        "dtype": "float64",
        "data": [
          1249996.9079891192
        ]
      },
      "names": [
        "x0"
      ],
      "free": {
        "@module": "numpy",
        "@class": "array",
        "dtype": "bool",
        "data": [
          false
        ]
      },
      "lower_bounds": {
        "@module": "numpy",
        "@class": "array",
        "dtype": "float64",
        "data": [
          -Infinity
        ]
      },
      "upper_bounds": {
        "@module": "numpy",
        "@class": "array",
        "dtype": "float64",
        "data": [
          Infinity
        ]
      }
    },
    "Current12": {
      "@module": "simsopt.field.coil",
      "@class": "Current",
      "@name": "Current12",
      "@version": "0.1.dev5270+gee055f063",
      "current": 1249996.9079891192,
      "dofs": {
        "$type": "ref",
        "value": "140680277304880"
      }
    },
    "CurrentSum7": {
      "@module": "simsopt.field.coil",
      "@class": "CurrentSum",
      "@name": "CurrentSum7",
      "@version": "0.1.dev5270+gee055f063",
      "current_a": {
        "$type": "ref",
        "value": "ScaledCurrent25"
      },
      "current_b": {
        "$type": "ref",
        "value": "ScaledCurrent26"
      }
    },
    "CurrentSum8": {
      "@module": "simsopt.field.coil",
      "@class": "CurrentSum",
      "@name": "CurrentSum8",
      "@version": "0.1.dev5270+gee055f063",
      "current_a": {
        "$type": "ref",
        "value": "CurrentSum7"
      },
      "current_b": {
        "$type": "ref",
        "value": "ScaledCurrent27"
      }
    },
    "ScaledCurrent28": {
      "@module": "simsopt.field.coil",
      "@class": "ScaledCurrent",
      "@name": "ScaledCurrent28",
      "@version": "0.1.dev5270+gee055f063",
      "current_to_scale": {
        "$type": "ref",
        "value": "CurrentSum8"
      },
      "scale": -1.0
    },
    "CurrentSum9": {
      "@module": "simsopt.field.coil",
      "@class": "CurrentSum",
      "@name": "CurrentSum9",
      "@version": "0.1.dev5270+gee055f063",
      "current_a": {
        "$type": "ref",
        "value": "Current12"
      },
      "current_b": {
        "$type": "ref",
        "value": "ScaledCurrent28"
      }
    },
    "RegularizedCoil36": {
      "@module": "simsopt.field.coil",
      "@class": "RegularizedCoil",
      "@name": "RegularizedCoil36",
      "@version": "0.1.dev5270+gee055f063",
      "curve": {
        "$type": "ref",
        "value": "CurveXYZFourier4"
      },
      "current": {
        "$type": "ref",
        "value": "CurrentSum9"
      },
      "regularization": {
        "@module": "numpy",
        "@class": "array",
        "dtype": "float64",
        "data": 0.0009704490555402135
      }
    },
    "RotatedCurve25": {
      "@module": "simsopt.geo.curve",
      "@class": "RotatedCurve",
      "@name": "RotatedCurve25",
      "@version": "0.1.dev5270+gee055f063",
      "curve": {
        "$type": "ref",
        "value": "CurveXYZFourier1"
      },
      "phi": 0.0,
      "flip": true
    },
    "ScaledCurrent29": {
      "@module": "simsopt.field.coil",
      "@class": "ScaledCurrent",
      "@name": "ScaledCurrent29",
      "@version": "0.1.dev5270+gee055f063",
      "current_to_scale": {
        "$type": "ref",
        "value": "ScaledCurrent25"
      },
      "scale": -1.0
    },
    "RegularizedCoil37": {
      "@module": "simsopt.field.coil",
      "@class": "RegularizedCoil",
      "@name": "RegularizedCoil37",
      "@version": "0.1.dev5270+gee055f063",
      "curve": {
        "$type": "ref",
        "value": "RotatedCurve25"
      },
      "current": {
        "$type": "ref",
        "value": "ScaledCurrent29"
      },
      "regularization": {
        "@module": "numpy",
        "@class": "array",
        "dtype": "float64",
        "data": 0.0009704490555402135
      }
    },
    "RotatedCurve26": {
      "@module": "simsopt.geo.curve",
      "@class": "RotatedCurve",
      "@name": "RotatedCurve26",
      "@version": "0.1.dev5270+gee055f063",
      "curve": {
        "$type": "ref",
        "value": "CurveXYZFourier2"
      },
      "phi": 0.0,
      "flip": true
    },
    "ScaledCurrent30": {
      "@module": "simsopt.field.coil",
      "@class": "ScaledCurrent",
      "@name": "ScaledCurrent30",
      "@version": "0.1.dev5270+gee055f063",
      "current_to_scale": {
        "$type": "ref",
        "value": "ScaledCurrent26"
      },
      "scale": -1.0
    },
    "RegularizedCoil38": {
      "@module": "simsopt.field.coil",
      "@class": "RegularizedCoil",
      "@name": "RegularizedCoil38",
      "@version": "0.1.dev5270+gee055f063",
      "curve": {
        "$type": "ref",
        "value": "RotatedCurve26"
      },
      "current": {
        "$type": "ref",
        "value": "ScaledCurrent30"
      },
      "regularization": {
        "@module": "numpy",
        "@class": "array",
        "dtype": "float64",
        "data": 0.0009704490555402135
      }
    },
    "RotatedCurve27": {
      "@module": "simsopt.geo.curve",
      "@class": "RotatedCurve",
      "@name": "RotatedCurve27",
      "@version": "0.1.dev5270+gee055f063",
      "curve": {
        "$type": "ref",
        "value": "CurveXYZFourier3"
      },
      "phi": 0.0,
      "flip": true
    },
    "ScaledCurrent31": {
      "@module": "simsopt.field.coil",
      "@class": "ScaledCurrent",
      "@name": "ScaledCurrent31",
      "@version": "0.1.dev5270+gee055f063",
      "current_to_scale": {
        "$type": "ref",
        "value": "ScaledCurrent27"
      },
      "scale": -1.0
    },
    "RegularizedCoil39": {
      "@module": "simsopt.field.coil",
      "@class": "RegularizedCoil",
      "@name": "RegularizedCoil39",
      "@version": "0.1.dev5270+gee055f063",
      "curve": {
        "$type": "ref",
        "value": "RotatedCurve27"
      },
      "current": {
        "$type": "ref",
        "value": "ScaledCurrent31"
      },
      "regularization": {
        "@module": "numpy",
        "@class": "array",
        "dtype": "float64",
        "data": 0.0009704490555402135
      }
    },
    "RotatedCurve28": {
      "@module": "simsopt.geo.curve",
      "@class": "RotatedCurve",
      "@name": "RotatedCurve28",
      "@version": "0.1.dev5270+gee055f063",
      "curve": {
        "$type": "ref",
        "value": "CurveXYZFourier4"
      },
      "phi": 0.0,
      "flip": true
    },
    "ScaledCurrent32": {
      "@module": "simsopt.field.coil",
      "@class": "ScaledCurrent",
      "@name": "ScaledCurrent32",
      "@version": "0.1.dev5270+gee055f063",
      "current_to_scale": {
        "$type": "ref",
        "value": "CurrentSum9"
      },
      "scale": -1.0
    },
    "RegularizedCoil40": {
      "@module": "simsopt.field.coil",
      "@class": "RegularizedCoil",
      "@name": "RegularizedCoil40",
      "@version": "0.1.dev5270+gee055f063",
      "curve": {
        "$type": "ref",
        "value": "RotatedCurve28"
      },
      "current": {
        "$type": "ref",
        "value": "ScaledCurrent32"
      },
      "regularization": {
        "@module": "numpy",
        "@class": "array",
        "dtype": "float64",
        "data": 0.0009704490555402135
      }
    },
    "RotatedCurve29": {
      "@module": "simsopt.geo.curve",
      "@class": "RotatedCurve",
      "@name": "RotatedCurve29",
      "@version": "0.1.dev5270+gee055f063",
      "curve": {
        "$type": "ref",
        "value": "CurveXYZFourier1"
      },
      "phi": 3.141592653589793,
      "flip": false
    },
    "RegularizedCoil41": {
      "@module": "simsopt.field.coil",
      "@class": "RegularizedCoil",
      "@name": "RegularizedCoil41",
      "@version": "0.1.dev5270+gee055f063",
      "curve": {
        "$type": "ref",
        "value": "RotatedCurve29"
      },
      "current": {
        "$type": "ref",
        "value": "ScaledCurrent25"
      },
      "regularization": {
        "@module": "numpy",
        "@class": "array",
        "dtype": "float64",
        "data": 0.0009704490555402135
      }
    },
    "RotatedCurve30": {
      "@module": "simsopt.geo.curve",
      "@class": "RotatedCurve",
      "@name": "RotatedCurve30",
      "@version": "0.1.dev5270+gee055f063",
      "curve": {
        "$type": "ref",
        "value": "CurveXYZFourier2"
      },
      "phi": 3.141592653589793,
      "flip": false
    },
    "RegularizedCoil42": {
      "@module": "simsopt.field.coil",
      "@class": "RegularizedCoil",
      "@name": "RegularizedCoil42",
      "@version": "0.1.dev5270+gee055f063",
      "curve": {
        "$type": "ref",
        "value": "RotatedCurve30"
      },
      "current": {
        "$type": "ref",
        "value": "ScaledCurrent26"
      },
      "regularization": {
        "@module": "numpy",
        "@class": "array",
        "dtype": "float64",
        "data": 0.0009704490555402135
      }
    },
    "RotatedCurve31": {
      "@module": "simsopt.geo.curve",
      "@class": "RotatedCurve",
      "@name": "RotatedCurve31",
      "@version": "0.1.dev5270+gee055f063",
      "curve": {
        "$type": "ref",
        "value": "CurveXYZFourier3"
      },
      "phi": 3.141592653589793,
      "flip": false
    },
    "RegularizedCoil43": {
      "@module": "simsopt.field.coil",
      "@class": "RegularizedCoil",
      "@name": "RegularizedCoil43",
      "@version": "0.1.dev5270+gee055f063",
      "curve": {
        "$type": "ref",
        "value": "RotatedCurve31"
      },
      "current": {
        "$type": "ref",
        "value": "ScaledCurrent27"
      },
      "regularization": {
        "@module": "numpy",
        "@class": "array",
        "dtype": "float64",
        "data": 0.0009704490555402135
      }
    },
    "RotatedCurve32": {
      "@module": "simsopt.geo.curve",
      "@class": "RotatedCurve",
      "@name": "RotatedCurve32",
      "@version": "0.1.dev5270+gee055f063",
      "curve": {
        "$type": "ref",
        "value": "CurveXYZFourier4"
      },
      "phi": 3.141592653589793,
      "flip": false
    },
    "RegularizedCoil44": {
      "@module": "simsopt.field.coil",
      "@class": "RegularizedCoil",
      "@name": "RegularizedCoil44",
      "@version": "0.1.dev5270+gee055f063",
      "curve": {
        "$type": "ref",
        "value": "RotatedCurve32"
      },
      "current": {
        "$type": "ref",
        "value": "CurrentSum9"
      },
      "regularization": {
        "@module": "numpy",
        "@class": "array",
        "dtype": "float64",
        "data": 0.0009704490555402135
      }
    },
    "RotatedCurve33": {
      "@module": "simsopt.geo.curve",
      "@class": "RotatedCurve",
      "@name": "RotatedCurve33",
      "@version": "0.1.dev5270+gee055f063",
      "curve": {
        "$type": "ref",
        "value": "CurveXYZFourier1"
      },
      "phi": 3.141592653589793,
      "flip": true
    },
    "ScaledCurrent33": {
      "@module": "simsopt.field.coil",
      "@class": "ScaledCurrent",
      "@name": "ScaledCurrent33",
      "@version": "0.1.dev5270+gee055f063",
      "current_to_scale": {
        "$type": "ref",
        "value": "ScaledCurrent25"
      },
      "scale": -1.0
    },
    "RegularizedCoil45": {
      "@module": "simsopt.field.coil",
      "@class": "RegularizedCoil",
      "@name": "RegularizedCoil45",
      "@version": "0.1.dev5270+gee055f063",
      "curve": {
        "$type": "ref",
        "value": "RotatedCurve33"
      },
      "current": {
        "$type": "ref",
        "value": "ScaledCurrent33"
      },
      "regularization": {
        "@module": "numpy",
        "@class": "array",
        "dtype": "float64",
        "data": 0.0009704490555402135
      }
    },
    "RotatedCurve34": {
      "@module": "simsopt.geo.curve",
      "@class": "RotatedCurve",
      "@name": "RotatedCurve34",
      "@version": "0.1.dev5270+gee055f063",
      "curve": {
        "$type": "ref",
        "value": "CurveXYZFourier2"
      },
      "phi": 3.141592653589793,
      "flip": true
    },
    "ScaledCurrent34": {
      "@module": "simsopt.field.coil",
      "@class": "ScaledCurrent",
      "@name": "ScaledCurrent34",
      "@version": "0.1.dev5270+gee055f063",
      "current_to_scale": {
        "$type": "ref",
        "value": "ScaledCurrent26"
      },
      "scale": -1.0
    },
    "RegularizedCoil46": {
      "@module": "simsopt.field.coil",
      "@class": "RegularizedCoil",
      "@name": "RegularizedCoil46",
      "@version": "0.1.dev5270+gee055f063",
      "curve": {
        "$type": "ref",
        "value": "RotatedCurve34"
      },
      "current": {
        "$type": "ref",
        "value": "ScaledCurrent34"
      },
      "regularization": {
        "@module": "numpy",
        "@class": "array",
        "dtype": "float64",
        "data": 0.0009704490555402135
      }
    },
    "RotatedCurve35": {
      "@module": "simsopt.geo.curve",
      "@class": "RotatedCurve",
      "@name": "RotatedCurve35",
      "@version": "0.1.dev5270+gee055f063",
      "curve": {
        "$type": "ref",
        "value": "CurveXYZFourier3"
      },
      "phi": 3.141592653589793,
      "flip": true
    },
    "ScaledCurrent35": {
      "@module": "simsopt.field.coil",
      "@class": "ScaledCurrent",
      "@name": "ScaledCurrent35",
      "@version": "0.1.dev5270+gee055f063",
      "current_to_scale": {
        "$type": "ref",
        "value": "ScaledCurrent27"
      },
      "scale": -1.0
    },
    "RegularizedCoil47": {
      "@module": "simsopt.field.coil",
      "@class": "RegularizedCoil",
      "@name": "RegularizedCoil47",
      "@version": "0.1.dev5270+gee055f063",
      "curve": {
        "$type": "ref",
        "value": "RotatedCurve35"
      },
      "current": {
        "$type": "ref",
        "value": "ScaledCurrent35"
      },
      "regularization": {
        "@module": "numpy",
        "@class": "array",
        "dtype": "float64",
        "data": 0.0009704490555402135
      }
    },
    "RotatedCurve36": {
      "@module": "simsopt.geo.curve",
      "@class": "RotatedCurve",
      "@name": "RotatedCurve36",
      "@version": "0.1.dev5270+gee055f063",
      "curve": {
        "$type": "ref",
        "value": "CurveXYZFourier4"
      },
      "phi": 3.141592653589793,
      "flip": true
    },
    "ScaledCurrent36": {
      "@module": "simsopt.field.coil",
      "@class": "ScaledCurrent",
      "@name": "ScaledCurrent36",
      "@version": "0.1.dev5270+gee055f063",
      "current_to_scale": {
        "$type": "ref",
        "value": "CurrentSum9"
      },
      "scale": -1.0
    },
    "RegularizedCoil48": {
      "@module": "simsopt.field.coil",
      "@class": "RegularizedCoil",
      "@name": "RegularizedCoil48",
      "@version": "0.1.dev5270+gee055f063",
      "curve": {
        "$type": "ref",
        "value": "RotatedCurve36"
      },
      "current": {
        "$type": "ref",
        "value": "ScaledCurrent36"
      },
      "regularization": {
        "@module": "numpy",
        "@class": "array",
        "dtype": "float64",
        "data": 0.0009704490555402135
      }
    }
  }
}