{
  "metadata": {
    "method_name": "",
    "contact": "akaptano",
    "hardware": "CPU: AMD EPYC 7763 64-Core Processor | RAM: 15.6GB",
    "notes": "",
    "run_date": "2026-01-23T00:48:15.636021"
  },
  "metrics": {
    "initial_B_field": 2.4984138160753355,
    "final_B_field": 1.9396059926817526,
    "target_B_field": 2.5,
    "optimization_time": 4.747840642929077,
    "final_normalized_squared_flux": 0.030857120792826896,
    "_cached_thresholds": {
      "length_threshold": 110.0,
      "flux_threshold": 1e-08,
      "cc_threshold": 0.44000000000000006,
      "cs_threshold": 0.7150000000000001,
      "msc_threshold": 1.8181818181818181,
      "arclength_variation_threshold": 0.0,
      "curvature_threshold": 1.8181818181818181,
      "force_threshold": 0.1923668821175746,
      "torque_threshold": 0.1923668821175746,
      "coil_width": 0.22000000000000003,
      "R0": 1.8181818181818181
    },
    "final_min_cs_separation": 0.07355079684258836,
    "final_min_cc_separation": 0.01745664416974291,
    "final_total_length": 46.85143930621839,
    "final_max_curvature": 4.422908280519484,
    "final_average_curvature": 0.8491279471443319,
    "final_arclength_variation": 10.61530081642623,
    "final_mean_squared_curvature": 1.7403357392355656,
    "final_linking_number": 0,
    "final_max_max_coil_force": 88967742.48202781,
    "final_avg_max_coil_force": 24676892.884036362,
    "final_max_max_coil_torque": 59485786.209489666,
    "final_avg_max_coil_torque": 17283240.97140519,
    "avg_BdotN_over_B": 0.22804590196494207,
    "max_BdotN_over_B": 0.9914231373240797,
    "lagrange_multipliers": null,
    "output_directory": "/home/runner/work/stellcoilbench/stellcoilbench/submissions/W7-X_without_coil_ripple_beta0p05_d23p4_tm/akaptano/01-23-2026_00-48",
    "flux_threshold": 1e-08,
    "cc_threshold": 0.44000000000000006,
    "cs_threshold": 0.7150000000000001,
    "msc_threshold": 1.8181818181818181,
    "arclength_variation_threshold": 0.0,
    "curvature_threshold": 1.8181818181818181,
    "force_threshold": 0.1923668821175746,
    "torque_threshold": 0.1923668821175746
  }
}