{
  "@module": "simsopt._core.json",
  "@class": "SIMSON",
  "@version": "0.1.dev5270+gee055f063",
  "graph": {
    "$type": "ref",
    "value": "BiotSavart5"
  },
  "simsopt_objs": {
    "139740821528144": {
      "@module": "simsopt._core.optimizable",
      "@class": "DOFs",
      "@name": "139740821528144",
      "@version": "0.1.dev5270+gee055f063",
      "x": {
        "@module": "numpy",
        "@class": "array",
        "dtype": "float64",
        "data": [
          0.297367065327354,
          -2.7656109194422358e-05,
          0.23773365717877928,
          7.020673187933276e-05,
          -0.00044495537117026734,
          -8.667970746995065e-05,
          -0.0003764803855067859,
          6.609073078566206e-05,
          0.0007653617589829183,
          0.05807957742035599,
          -0.00010060380850257165,
          0.04822262075250697,
          7.350510417801626e-06,
          -0.0003309448081036412,
          -8.114498922371484e-06,
          -0.0006183975020250731,
          2.120600591473046e-05,
          0.001321034349899293,
          -8.096223278836883e-06,
          -0.24110392087061502,
          2.493976943638589e-05,
          -1.1412471585625492e-05,
          -2.679294007739814e-05,
          -4.394915791151666e-05,
          4.509896350474616e-06,
          7.372841394104023e-05,
          1.0012941549349156e-05
        ]
      },
      "names": [
        "xc(0)",
        "xs(1)",
        "xc(1)",
        "xs(2)",
        "xc(2)",
        "xs(3)",
        "xc(3)",
        "xs(4)",
        "xc(4)",
        "yc(0)",
        "ys(1)",
        "yc(1)",
        "ys(2)",
        "yc(2)",
        "ys(3)",
        "yc(3)",
        "ys(4)",
        "yc(4)",
        "zc(0)",
        "zs(1)",
        "zc(1)",
        "zs(2)",
        "zc(2)",
        "zs(3)",
        "zc(3)",
        "zs(4)",
        "zc(4)"
      ],
      "free": {
        "@module": "numpy",
        "@class": "array",
        "dtype": "bool",
        "data": [
          true,
          true,
          true,
          true,
          true,
          true,
          true,
          true,
          true,
          true,
          true,
          true,
          true,
          true,
          true,
          true,
          true,
          true,
          true,
          true,
          true,
          true,
          true,
          true,
          true,
          true,
          true
        ]
      },
      "lower_bounds": {
        "@module": "numpy",
        "@class": "array",
        "dtype": "float64",
        "data": [
          -Infinity,
          -Infinity,
          -Infinity,
          -Infinity,
          -Infinity,
          -Infinity,
          -Infinity,
          -Infinity,
          -Infinity,
          -Infinity,
          -Infinity,
          -Infinity,
          -Infinity,
          -Infinity,
          -Infinity,
          -Infinity,
          -Infinity,
          -Infinity,
          -Infinity,
          -Infinity,
          -Infinity,
          -Infinity,
          -Infinity,
          -Infinity,
          -Infinity,
          -Infinity,
          -Infinity
        ]
      },
      "upper_bounds": {
        "@module": "numpy",
        "@class": "array",
        "dtype": "float64",
        "data": [
          Infinity,
          Infinity,
          Infinity,
          Infinity,
          Infinity,
          Infinity,
          Infinity,
          Infinity,
          Infinity,
          Infinity,
          Infinity,
          Infinity,
          Infinity,
          Infinity,
          Infinity,
          Infinity,
          Infinity,
          Infinity,
          Infinity,
          Infinity,
          Infinity,
          Infinity,
          Infinity,
          Infinity,
          Infinity,
          Infinity,
          Infinity
        ]
      }
    },
    "CurveXYZFourier1": {
      "@module": "simsopt.geo.curvexyzfourier",
      "@class": "CurveXYZFourier",
      "@name": "CurveXYZFourier1",
      "@version": "0.1.dev5270+gee055f063",
      "quadpoints": {
        "@module": "numpy",
        "@class": "array",
        "dtype": "float64",
        "data": [
          0.0,
          0.00390625,
          0.0078125,
          0.01171875,
          0.015625,
          0.01953125,
          0.0234375,
          0.02734375,
          0.03125,
          0.03515625,
          0.0390625,
          0.04296875,
          0.046875,
          0.05078125,
          0.0546875,
          0.05859375,
          0.0625,
          0.06640625,
          0.0703125,
          0.07421875,
          0.078125,
          0.08203125,
          0.0859375,
          0.08984375,
          0.09375,
          0.09765625,
          0.1015625,
          0.10546875,
          0.109375,
          0.11328125,
          0.1171875,
          0.12109375,
          0.125,
          0.12890625,
          0.1328125,
          0.13671875,
          0.140625,
          0.14453125,
          0.1484375,
          0.15234375,
          0.15625,
          0.16015625,
          0.1640625,
          0.16796875,
          0.171875,
          0.17578125,
          0.1796875,
          0.18359375,
          0.1875,
          0.19140625,
          0.1953125,
          0.19921875,
          0.203125,
          0.20703125,
          0.2109375,
          0.21484375,
          0.21875,
          0.22265625,
          0.2265625,
          0.23046875,
          0.234375,
          0.23828125,
          0.2421875,
          0.24609375,
          0.25,
          0.25390625,
          0.2578125,
          0.26171875,
          0.265625,
          0.26953125,
          0.2734375,
          0.27734375,
          0.28125,
          0.28515625,
          0.2890625,
          0.29296875,
          0.296875,
          0.30078125,
          0.3046875,
          0.30859375,
          0.3125,
          0.31640625,
          0.3203125,
          0.32421875,
          0.328125,
          0.33203125,
          0.3359375,
          0.33984375,
          0.34375,
          0.34765625,
          0.3515625,
          0.35546875,
          0.359375,
          0.36328125,
          0.3671875,
          0.37109375,
          0.375,
          0.37890625,
          0.3828125,
          0.38671875,
          0.390625,
          0.39453125,
          0.3984375,
          0.40234375,
          0.40625,
          0.41015625,
          0.4140625,
          0.41796875,
          0.421875,
          0.42578125,
          0.4296875,
          0.43359375,
          0.4375,
          0.44140625,
          0.4453125,
          0.44921875,
          0.453125,
          0.45703125,
          0.4609375,
          0.46484375,
          0.46875,
          0.47265625,
          0.4765625,
          0.48046875,
          0.484375,
          0.48828125,
          0.4921875,
          0.49609375,
          0.5,
          0.50390625,
          0.5078125,
          0.51171875,
          0.515625,
          0.51953125,
          0.5234375,
          0.52734375,
          0.53125,
          0.53515625,
          0.5390625,
          0.54296875,
          0.546875,
          0.55078125,
          0.5546875,
          0.55859375,
          0.5625,
          0.56640625,
          0.5703125,
          0.57421875,
          0.578125,
          0.58203125,
          0.5859375,
          0.58984375,
          0.59375,
          0.59765625,
          0.6015625,
          0.60546875,
          0.609375,
          0.61328125,
          0.6171875,
          0.62109375,
          0.625,
          0.62890625,
          0.6328125,
          0.63671875,
          0.640625,
          0.64453125,
          0.6484375,
          0.65234375,
          0.65625,
          0.66015625,
          0.6640625,
          0.66796875,
          0.671875,
          0.67578125,
          0.6796875,
          0.68359375,
          0.6875,
          0.69140625,
          0.6953125,
          0.69921875,
          0.703125,
          0.70703125,
          0.7109375,
          0.71484375,
          0.71875,
          0.72265625,
          0.7265625,
          0.73046875,
          0.734375,
          0.73828125,
          0.7421875,
          0.74609375,
          0.75,
          0.75390625,
          0.7578125,
          0.76171875,
          0.765625,
          0.76953125,
          0.7734375,
          0.77734375,
          0.78125,
          0.78515625,
          0.7890625,
          0.79296875,
          0.796875,
          0.80078125,
          0.8046875,
          0.80859375,
          0.8125,
          0.81640625,
          0.8203125,
          0.82421875,
          0.828125,
          0.83203125,
          0.8359375,
          0.83984375,
          0.84375,
          0.84765625,
          0.8515625,
          0.85546875,
          0.859375,
          0.86328125,
          0.8671875,
          0.87109375,
          0.875,
          0.87890625,
          0.8828125,
          0.88671875,
          0.890625,
          0.89453125,
          0.8984375,
          0.90234375,
          0.90625,
          0.91015625,
          0.9140625,
          0.91796875,
          0.921875,
          0.92578125,
          0.9296875,
          0.93359375,
          0.9375,
          0.94140625,
          0.9453125,
          0.94921875,
          0.953125,
          0.95703125,
          0.9609375,
          0.96484375,
          0.96875,
          0.97265625,
          0.9765625,
          0.98046875,
          0.984375,
          0.98828125,
          0.9921875,
          0.99609375
        ]
      },
      "order": 4,
      "dofs": {
        "$type": "ref",
        "value": "139740821528144"
      }
    },
    "139740793504688": {
      "@module": "simsopt._core.optimizable",
      "@class": "DOFs",
      "@name": "139740793504688",
      "@version": "0.1.dev5270+gee055f063",
      "x": {
        "@module": "numpy",
        "@class": "array",
        "dtype": "float64",
        "data": [
          0.00035689610244913836
        ]
      },
      "names": [
        "x0"
      ],
      "free": {
        "@module": "numpy",
        "@class": "array",
        "dtype": "bool",
        "data": [
          true
        ]
      },
      "lower_bounds": {
        "@module": "numpy",
        "@class": "array",
        "dtype": "float64",
        "data": [
          -Infinity
        ]
      },
      "upper_bounds": {
        "@module": "numpy",
        "@class": "array",
        "dtype": "float64",
        "data": [
          Infinity
        ]
      }
    },
    "Current9": {
      "@module": "simsopt.field.coil",
      "@class": "Current",
      "@name": "Current9",
      "@version": "0.1.dev5270+gee055f063",
      "current": 0.00035689610244913836,
      "dofs": {
        "$type": "ref",
        "value": "139740793504688"
      }
    },
    "ScaledCurrent25": {
      "@module": "simsopt.field.coil",
      "@class": "ScaledCurrent",
      "@name": "ScaledCurrent25",
      "@version": "0.1.dev5270+gee055f063",
      "current_to_scale": {
        "$type": "ref",
        "value": "Current9"
      },
      "scale": 10000000.0
    },
    "RegularizedCoil33": {
      "@module": "simsopt.field.coil",
      "@class": "RegularizedCoil",
      "@name": "RegularizedCoil33",
      "@version": "0.1.dev5270+gee055f063",
      "curve": {
        "$type": "ref",
        "value": "CurveXYZFourier1"
      },
      "current": {
        "$type": "ref",
        "value": "ScaledCurrent25"
      },
      "regularization": {
        "@module": "numpy",
        "@class": "array",
        "dtype": "float64",
        "data": 9.015766742481466e-05
      }
    },
    "139740821528624": {
      "@module": "simsopt._core.optimizable",
      "@class": "DOFs",
      "@name": "139740821528624",
      "@version": "0.1.dev5270+gee055f063",
      "x": {
        "@module": "numpy",
        "@class": "array",
        "dtype": "float64",
        "data": [
          0.2520557080512413,
          4.629751507035107e-05,
          0.20136224450078774,
          5.9478622025128815e-05,
          -0.00022184392592727257,
          -0.0001089007825202746,
          -0.0005654522449262181,
          0.00012277493211629835,
          0.0009272876999670924,
          0.16922034541372397,
          -0.00013462078989483038,
          0.13415771185454528,
          1.0455500569300038e-05,
          8.915004635768432e-05,
          -1.8300329247986972e-05,
          -0.00029104331545107856,
          2.754374259079087e-05,
          0.0003064624283327779,
          1.1188370083852166e-05,
          -0.24105161491759447,
          3.0865937314517563e-05,
          -1.1409183854300936e-05,
          -5.44003683106666e-05,
          -2.3813130901610898e-05,
          2.4926961244339993e-05,
          4.663400938482863e-05,
          -4.8573897785812775e-06
        ]
      },
      "names": [
        "xc(0)",
        "xs(1)",
        "xc(1)",
        "xs(2)",
        "xc(2)",
        "xs(3)",
        "xc(3)",
        "xs(4)",
        "xc(4)",
        "yc(0)",
        "ys(1)",
        "yc(1)",
        "ys(2)",
        "yc(2)",
        "ys(3)",
        "yc(3)",
        "ys(4)",
        "yc(4)",
        "zc(0)",
        "zs(1)",
        "zc(1)",
        "zs(2)",
        "zc(2)",
        "zs(3)",
        "zc(3)",
        "zs(4)",
        "zc(4)"
      ],
      "free": {
        "@module": "numpy",
        "@class": "array",
        "dtype": "bool",
        "data": [
          true,
          true,
          true,
          true,
          true,
          true,
          true,
          true,
          true,
          true,
          true,
          true,
          true,
          true,
          true,
          true,
          true,
          true,
          true,
          true,
          true,
          true,
          true,
          true,
          true,
          true,
          true
        ]
      },
      "lower_bounds": {
        "@module": "numpy",
        "@class": "array",
        "dtype": "float64",
        "data": [
          -Infinity,
          -Infinity,
          -Infinity,
          -Infinity,
          -Infinity,
          -Infinity,
          -Infinity,
          -Infinity,
          -Infinity,
          -Infinity,
          -Infinity,
          -Infinity,
          -Infinity,
          -Infinity,
          -Infinity,
          -Infinity,
          -Infinity,
          -Infinity,
          -Infinity,
          -Infinity,
          -Infinity,
          -Infinity,
          -Infinity,
          -Infinity,
          -Infinity,
          -Infinity,
          -Infinity
        ]
      },
      "upper_bounds": {
        "@module": "numpy",
        "@class": "array",
        "dtype": "float64",
        "data": [
          Infinity,
          Infinity,
          Infinity,
          Infinity,
          Infinity,
          Infinity,
          Infinity,
          Infinity,
          Infinity,
          Infinity,
          Infinity,
          Infinity,
          Infinity,
          Infinity,
          Infinity,
          Infinity,
          Infinity,
          Infinity,
          Infinity,
          Infinity,
          Infinity,
          Infinity,
          Infinity,
          Infinity,
          Infinity,
          Infinity,
          Infinity
        ]
      }
    },
    "CurveXYZFourier2": {
      "@module": "simsopt.geo.curvexyzfourier",
      "@class": "CurveXYZFourier",
      "@name": "CurveXYZFourier2",
      "@version": "0.1.dev5270+gee055f063",
      "quadpoints": {
        "@module": "numpy",
        "@class": "array",
        "dtype": "float64",
        "data": [
          0.0,
          0.00390625,
          0.0078125,
          0.01171875,
          0.015625,
          0.01953125,
          0.0234375,
          0.02734375,
          0.03125,
          0.03515625,
          0.0390625,
          0.04296875,
          0.046875,
          0.05078125,
          0.0546875,
          0.05859375,
          0.0625,
          0.06640625,
          0.0703125,
          0.07421875,
          0.078125,
          0.08203125,
          0.0859375,
          0.08984375,
          0.09375,
          0.09765625,
          0.1015625,
          0.10546875,
          0.109375,
          0.11328125,
          0.1171875,
          0.12109375,
          0.125,
          0.12890625,
          0.1328125,
          0.13671875,
          0.140625,
          0.14453125,
          0.1484375,
          0.15234375,
          0.15625,
          0.16015625,
          0.1640625,
          0.16796875,
          0.171875,
          0.17578125,
          0.1796875,
          0.18359375,
          0.1875,
          0.19140625,
          0.1953125,
          0.19921875,
          0.203125,
          0.20703125,
          0.2109375,
          0.21484375,
          0.21875,
          0.22265625,
          0.2265625,
          0.23046875,
          0.234375,
          0.23828125,
          0.2421875,
          0.24609375,
          0.25,
          0.25390625,
          0.2578125,
          0.26171875,
          0.265625,
          0.26953125,
          0.2734375,
          0.27734375,
          0.28125,
          0.28515625,
          0.2890625,
          0.29296875,
          0.296875,
          0.30078125,
          0.3046875,
          0.30859375,
          0.3125,
          0.31640625,
          0.3203125,
          0.32421875,
          0.328125,
          0.33203125,
          0.3359375,
          0.33984375,
          0.34375,
          0.34765625,
          0.3515625,
          0.35546875,
          0.359375,
          0.36328125,
          0.3671875,
          0.37109375,
          0.375,
          0.37890625,
          0.3828125,
          0.38671875,
          0.390625,
          0.39453125,
          0.3984375,
          0.40234375,
          0.40625,
          0.41015625,
          0.4140625,
          0.41796875,
          0.421875,
          0.42578125,
          0.4296875,
          0.43359375,
          0.4375,
          0.44140625,
          0.4453125,
          0.44921875,
          0.453125,
          0.45703125,
          0.4609375,
          0.46484375,
          0.46875,
          0.47265625,
          0.4765625,
          0.48046875,
          0.484375,
          0.48828125,
          0.4921875,
          0.49609375,
          0.5,
          0.50390625,
          0.5078125,
          0.51171875,
          0.515625,
          0.51953125,
          0.5234375,
          0.52734375,
          0.53125,
          0.53515625,
          0.5390625,
          0.54296875,
          0.546875,
          0.55078125,
          0.5546875,
          0.55859375,
          0.5625,
          0.56640625,
          0.5703125,
          0.57421875,
          0.578125,
          0.58203125,
          0.5859375,
          0.58984375,
          0.59375,
          0.59765625,
          0.6015625,
          0.60546875,
          0.609375,
          0.61328125,
          0.6171875,
          0.62109375,
          0.625,
          0.62890625,
          0.6328125,
          0.63671875,
          0.640625,
          0.64453125,
          0.6484375,
          0.65234375,
          0.65625,
          0.66015625,
          0.6640625,
          0.66796875,
          0.671875,
          0.67578125,
          0.6796875,
          0.68359375,
          0.6875,
          0.69140625,
          0.6953125,
          0.69921875,
          0.703125,
          0.70703125,
          0.7109375,
          0.71484375,
          0.71875,
          0.72265625,
          0.7265625,
          0.73046875,
          0.734375,
          0.73828125,
          0.7421875,
          0.74609375,
          0.75,
          0.75390625,
          0.7578125,
          0.76171875,
          0.765625,
          0.76953125,
          0.7734375,
          0.77734375,
          0.78125,
          0.78515625,
          0.7890625,
          0.79296875,
          0.796875,
          0.80078125,
          0.8046875,
          0.80859375,
          0.8125,
          0.81640625,
          0.8203125,
          0.82421875,
          0.828125,
          0.83203125,
          0.8359375,
          0.83984375,
          0.84375,
          0.84765625,
          0.8515625,
          0.85546875,
          0.859375,
          0.86328125,
          0.8671875,
          0.87109375,
          0.875,
          0.87890625,
          0.8828125,
          0.88671875,
          0.890625,
          0.89453125,
          0.8984375,
          0.90234375,
          0.90625,
          0.91015625,
          0.9140625,
          0.91796875,
          0.921875,
          0.92578125,
          0.9296875,
          0.93359375,
          0.9375,
          0.94140625,
          0.9453125,
          0.94921875,
          0.953125,
          0.95703125,
          0.9609375,
          0.96484375,
          0.96875,
          0.97265625,
          0.9765625,
          0.98046875,
          0.984375,
          0.98828125,
          0.9921875,
          0.99609375
        ]
      },
      "order": 4,
      "dofs": {
        "$type": "ref",
        "value": "139740821528624"
      }
    },
    "139740793511312": {
      "@module": "simsopt._core.optimizable",
      "@class": "DOFs",
      "@name": "139740793511312",
      "@version": "0.1.dev5270+gee055f063",
      "x": {
        "@module": "numpy",
        "@class": "array",
        "dtype": "float64",
        "data": [
          0.005955470845466675
        ]
      },
      "names": [
        "x0"
      ],
      "free": {
        "@module": "numpy",
        "@class": "array",
        "dtype": "bool",
        "data": [
          true
        ]
      },
      "lower_bounds": {
        "@module": "numpy",
        "@class": "array",
        "dtype": "float64",
        "data": [
          -Infinity
        ]
      },
      "upper_bounds": {
        "@module": "numpy",
        "@class": "array",
        "dtype": "float64",
        "data": [
          Infinity
        ]
      }
    },
    "Current10": {
      "@module": "simsopt.field.coil",
      "@class": "Current",
      "@name": "Current10",
      "@version": "0.1.dev5270+gee055f063",
      "current": 0.005955470845466675,
      "dofs": {
        "$type": "ref",
        "value": "139740793511312"
      }
    },
    "ScaledCurrent26": {
      "@module": "simsopt.field.coil",
      "@class": "ScaledCurrent",
      "@name": "ScaledCurrent26",
      "@version": "0.1.dev5270+gee055f063",
      "current_to_scale": {
        "$type": "ref",
        "value": "Current10"
      },
      "scale": 10000000.0
    },
    "RegularizedCoil34": {
      "@module": "simsopt.field.coil",
      "@class": "RegularizedCoil",
      "@name": "RegularizedCoil34",
      "@version": "0.1.dev5270+gee055f063",
      "curve": {
        "$type": "ref",
        "value": "CurveXYZFourier2"
      },
      "current": {
        "$type": "ref",
        "value": "ScaledCurrent26"
      },
      "regularization": {
        "@module": "numpy",
        "@class": "array",
        "dtype": "float64",
        "data": 9.015766742481466e-05
      }
    },
    "139740821529392": {
      "@module": "simsopt._core.optimizable",
      "@class": "DOFs",
      "@name": "139740821529392",
      "@version": "0.1.dev5270+gee055f063",
      "x": {
        "@module": "numpy",
        "@class": "array",
        "dtype": "float64",
        "data": [
          0.16923807932092597,
          9.894496783425354e-05,
          0.13365468081059242,
          0.0001306238675557803,
          0.0004087127289142953,
          -0.00022303422940489582,
          -0.0005741751191294769,
          0.0002692431644978593,
          0.0004201322609644804,
          0.2518578310983247,
          -0.0002194792274810447,
          0.20164140417471293,
          0.00017483783592383293,
          -0.00013837151894317053,
          -0.00017578702222407968,
          -0.00107440704697909,
          0.00012629544383586626,
          0.0018010995868277828,
          -0.0002392336537395301,
          -0.2411832653562835,
          0.00023974143162114938,
          0.0003176413034885716,
          -0.00019124238825404095,
          -0.00033540311920429304,
          8.640354619143219e-05,
          0.00023097942595939558,
          4.018213066307383e-06
        ]
      },
      "names": [
        "xc(0)",
        "xs(1)",
        "xc(1)",
        "xs(2)",
        "xc(2)",
        "xs(3)",
        "xc(3)",
        "xs(4)",
        "xc(4)",
        "yc(0)",
        "ys(1)",
        "yc(1)",
        "ys(2)",
        "yc(2)",
        "ys(3)",
        "yc(3)",
        "ys(4)",
        "yc(4)",
        "zc(0)",
        "zs(1)",
        "zc(1)",
        "zs(2)",
        "zc(2)",
        "zs(3)",
        "zc(3)",
        "zs(4)",
        "zc(4)"
      ],
      "free": {
        "@module": "numpy",
        "@class": "array",
        "dtype": "bool",
        "data": [
          true,
          true,
          true,
          true,
          true,
          true,
          true,
          true,
          true,
          true,
          true,
          true,
          true,
          true,
          true,
          true,
          true,
          true,
          true,
          true,
          true,
          true,
          true,
          true,
          true,
          true,
          true
        ]
      },
      "lower_bounds": {
        "@module": "numpy",
        "@class": "array",
        "dtype": "float64",
        "data": [
          -Infinity,
          -Infinity,
          -Infinity,
          -Infinity,
          -Infinity,
          -Infinity,
          -Infinity,
          -Infinity,
          -Infinity,
          -Infinity,
          -Infinity,
          -Infinity,
          -Infinity,
          -Infinity,
          -Infinity,
          -Infinity,
          -Infinity,
          -Infinity,
          -Infinity,
          -Infinity,
          -Infinity,
          -Infinity,
          -Infinity,
          -Infinity,
          -Infinity,
          -Infinity,
          -Infinity
        ]
      },
      "upper_bounds": {
        "@module": "numpy",
        "@class": "array",
        "dtype": "float64",
        "data": [
          Infinity,
          Infinity,
          Infinity,
          Infinity,
          Infinity,
          Infinity,
          Infinity,
          Infinity,
          Infinity,
          Infinity,
          Infinity,
          Infinity,
          Infinity,
          Infinity,
          Infinity,
          Infinity,
          Infinity,
          Infinity,
          Infinity,
          Infinity,
          Infinity,
          Infinity,
          Infinity,
          Infinity,
          Infinity,
          Infinity,
          Infinity
        ]
      }
    },
    "CurveXYZFourier3": {
      "@module": "simsopt.geo.curvexyzfourier",
      "@class": "CurveXYZFourier",
      "@name": "CurveXYZFourier3",
      "@version": "0.1.dev5270+gee055f063",
      "quadpoints": {
        "@module": "numpy",
        "@class": "array",
        "dtype": "float64",
        "data": [
          0.0,
          0.00390625,
          0.0078125,
          0.01171875,
          0.015625,
          0.01953125,
          0.0234375,
          0.02734375,
          0.03125,
          0.03515625,
          0.0390625,
          0.04296875,
          0.046875,
          0.05078125,
          0.0546875,
          0.05859375,
          0.0625,
          0.06640625,
          0.0703125,
          0.07421875,
          0.078125,
          0.08203125,
          0.0859375,
          0.08984375,
          0.09375,
          0.09765625,
          0.1015625,
          0.10546875,
          0.109375,
          0.11328125,
          0.1171875,
          0.12109375,
          0.125,
          0.12890625,
          0.1328125,
          0.13671875,
          0.140625,
          0.14453125,
          0.1484375,
          0.15234375,
          0.15625,
          0.16015625,
          0.1640625,
          0.16796875,
          0.171875,
          0.17578125,
          0.1796875,
          0.18359375,
          0.1875,
          0.19140625,
          0.1953125,
          0.19921875,
          0.203125,
          0.20703125,
          0.2109375,
          0.21484375,
          0.21875,
          0.22265625,
          0.2265625,
          0.23046875,
          0.234375,
          0.23828125,
          0.2421875,
          0.24609375,
          0.25,
          0.25390625,
          0.2578125,
          0.26171875,
          0.265625,
          0.26953125,
          0.2734375,
          0.27734375,
          0.28125,
          0.28515625,
          0.2890625,
          0.29296875,
          0.296875,
          0.30078125,
          0.3046875,
          0.30859375,
          0.3125,
          0.31640625,
          0.3203125,
          0.32421875,
          0.328125,
          0.33203125,
          0.3359375,
          0.33984375,
          0.34375,
          0.34765625,
          0.3515625,
          0.35546875,
          0.359375,
          0.36328125,
          0.3671875,
          0.37109375,
          0.375,
          0.37890625,
          0.3828125,
          0.38671875,
          0.390625,
          0.39453125,
          0.3984375,
          0.40234375,
          0.40625,
          0.41015625,
          0.4140625,
          0.41796875,
          0.421875,
          0.42578125,
          0.4296875,
          0.43359375,
          0.4375,
          0.44140625,
          0.4453125,
          0.44921875,
          0.453125,
          0.45703125,
          0.4609375,
          0.46484375,
          0.46875,
          0.47265625,
          0.4765625,
          0.48046875,
          0.484375,
          0.48828125,
          0.4921875,
          0.49609375,
          0.5,
          0.50390625,
          0.5078125,
          0.51171875,
          0.515625,
          0.51953125,
          0.5234375,
          0.52734375,
          0.53125,
          0.53515625,
          0.5390625,
          0.54296875,
          0.546875,
          0.55078125,
          0.5546875,
          0.55859375,
          0.5625,
          0.56640625,
          0.5703125,
          0.57421875,
          0.578125,
          0.58203125,
          0.5859375,
          0.58984375,
          0.59375,
          0.59765625,
          0.6015625,
          0.60546875,
          0.609375,
          0.61328125,
          0.6171875,
          0.62109375,
          0.625,
          0.62890625,
          0.6328125,
          0.63671875,
          0.640625,
          0.64453125,
          0.6484375,
          0.65234375,
          0.65625,
          0.66015625,
          0.6640625,
          0.66796875,
          0.671875,
          0.67578125,
          0.6796875,
          0.68359375,
          0.6875,
          0.69140625,
          0.6953125,
          0.69921875,
          0.703125,
          0.70703125,
          0.7109375,
          0.71484375,
          0.71875,
          0.72265625,
          0.7265625,
          0.73046875,
          0.734375,
          0.73828125,
          0.7421875,
          0.74609375,
          0.75,
          0.75390625,
          0.7578125,
          0.76171875,
          0.765625,
          0.76953125,
          0.7734375,
          0.77734375,
          0.78125,
          0.78515625,
          0.7890625,
          0.79296875,
          0.796875,
          0.80078125,
          0.8046875,
          0.80859375,
          0.8125,
          0.81640625,
          0.8203125,
          0.82421875,
          0.828125,
          0.83203125,
          0.8359375,
          0.83984375,
          0.84375,
          0.84765625,
          0.8515625,
          0.85546875,
          0.859375,
          0.86328125,
          0.8671875,
          0.87109375,
          0.875,
          0.87890625,
          0.8828125,
          0.88671875,
          0.890625,
          0.89453125,
          0.8984375,
          0.90234375,
          0.90625,
          0.91015625,
          0.9140625,
          0.91796875,
          0.921875,
          0.92578125,
          0.9296875,
          0.93359375,
          0.9375,
          0.94140625,
          0.9453125,
          0.94921875,
          0.953125,
          0.95703125,
          0.9609375,
          0.96484375,
          0.96875,
          0.97265625,
          0.9765625,
          0.98046875,
          0.984375,
          0.98828125,
          0.9921875,
          0.99609375
        ]
      },
      "order": 4,
      "dofs": {
        "$type": "ref",
        "value": "139740821529392"
      }
    },
    "139740793512368": {
      "@module": "simsopt._core.optimizable",
      "@class": "DOFs",
      "@name": "139740793512368",
      "@version": "0.1.dev5270+gee055f063",
      "x": {
        "@module": "numpy",
        "@class": "array",
        "dtype": "float64",
        "data": [
          0.011273947726365674
        ]
      },
      "names": [
        "x0"
      ],
      "free": {
        "@module": "numpy",
        "@class": "array",
        "dtype": "bool",
        "data": [
          true
        ]
      },
      "lower_bounds": {
        "@module": "numpy",
        "@class": "array",
        "dtype": "float64",
        "data": [
          -Infinity
        ]
      },
      "upper_bounds": {
        "@module": "numpy",
        "@class": "array",
        "dtype": "float64",
        "data": [
          Infinity
        ]
      }
    },
    "Current11": {
      "@module": "simsopt.field.coil",
      "@class": "Current",
      "@name": "Current11",
      "@version": "0.1.dev5270+gee055f063",
      "current": 0.011273947726365674,
      "dofs": {
        "$type": "ref",
        "value": "139740793512368"
      }
    },
    "ScaledCurrent27": {
      "@module": "simsopt.field.coil",
      "@class": "ScaledCurrent",
      "@name": "ScaledCurrent27",
      "@version": "0.1.dev5270+gee055f063",
      "current_to_scale": {
        "$type": "ref",
        "value": "Current11"
      },
      "scale": 10000000.0
    },
    "RegularizedCoil35": {
      "@module": "simsopt.field.coil",
      "@class": "RegularizedCoil",
      "@name": "RegularizedCoil35",
      "@version": "0.1.dev5270+gee055f063",
      "curve": {
        "$type": "ref",
        "value": "CurveXYZFourier3"
      },
      "current": {
        "$type": "ref",
        "value": "ScaledCurrent27"
      },
      "regularization": {
        "@module": "numpy",
        "@class": "array",
        "dtype": "float64",
        "data": 9.015766742481466e-05
      }
    },
    "139740821530160": {
      "@module": "simsopt._core.optimizable",
      "@class": "DOFs",
      "@name": "139740821530160",
      "@version": "0.1.dev5270+gee055f063",
      "x": {
        "@module": "numpy",
        "@class": "array",
        "dtype": "float64",
        "data": [
          0.05740819687772092,
          6.635179325464778e-05,
          0.04977384306448925,
          0.0002068950726554098,
          -0.004300881770770569,
          -0.00028900380371913673,
          0.004686849792585763,
          0.00026122541761076153,
          -0.002350344772522644,
          0.2992029352050946,
          -0.0020858605139541294,
          0.23576072891219935,
          0.0036174635848669214,
          0.0012757955689164263,
          -0.00440193694139139,
          -0.0018578616797917198,
          0.004343934513145467,
          0.0017958662745799461,
          -0.0034006096441944814,
          -0.24057652776776764,
          0.0030996639325040834,
          -0.0005072628755027953,
          -0.002258422646032243,
          0.00027999400978032926,
          0.0011132812966255842,
          0.0001776654860231895,
          1.927973984774793e-05
        ]
      },
      "names": [
        "xc(0)",
        "xs(1)",
        "xc(1)",
        "xs(2)",
        "xc(2)",
        "xs(3)",
        "xc(3)",
        "xs(4)",
        "xc(4)",
        "yc(0)",
        "ys(1)",
        "yc(1)",
        "ys(2)",
        "yc(2)",
        "ys(3)",
        "yc(3)",
        "ys(4)",
        "yc(4)",
        "zc(0)",
        "zs(1)",
        "zc(1)",
        "zs(2)",
        "zc(2)",
        "zs(3)",
        "zc(3)",
        "zs(4)",
        "zc(4)"
      ],
      "free": {
        "@module": "numpy",
        "@class": "array",
        "dtype": "bool",
        "data": [
          true,
          true,
          true,
          true,
          true,
          true,
          true,
          true,
          true,
          true,
          true,
          true,
          true,
          true,
          true,
          true,
          true,
          true,
          true,
          true,
          true,
          true,
          true,
          true,
          true,
          true,
          true
        ]
      },
      "lower_bounds": {
        "@module": "numpy",
        "@class": "array",
        "dtype": "float64",
        "data": [
          -Infinity,
          -Infinity,
          -Infinity,
          -Infinity,
          -Infinity,
          -Infinity,
          -Infinity,
          -Infinity,
          -Infinity,
          -Infinity,
          -Infinity,
          -Infinity,
          -Infinity,
          -Infinity,
          -Infinity,
          -Infinity,
          -Infinity,
          -Infinity,
          -Infinity,
          -Infinity,
          -Infinity,
          -Infinity,
          -Infinity,
          -Infinity,
          -Infinity,
          -Infinity,
          -Infinity
        ]
      },
      "upper_bounds": {
        "@module": "numpy",
        "@class": "array",
        "dtype": "float64",
        "data": [
          Infinity,
          Infinity,
          Infinity,
          Infinity,
          Infinity,
          Infinity,
          Infinity,
          Infinity,
          Infinity,
          Infinity,
          Infinity,
          Infinity,
          Infinity,
          Infinity,
          Infinity,
          Infinity,
          Infinity,
          Infinity,
          Infinity,
          Infinity,
          Infinity,
          Infinity,
          Infinity,
          Infinity,
          Infinity,
          Infinity,
          Infinity
        ]
      }
    },
    "CurveXYZFourier4": {
      "@module": "simsopt.geo.curvexyzfourier",
      "@class": "CurveXYZFourier",
      "@name": "CurveXYZFourier4",
      "@version": "0.1.dev5270+gee055f063",
      "quadpoints": {
        "@module": "numpy",
        "@class": "array",
        "dtype": "float64",
        "data": [
          0.0,
          0.00390625,
          0.0078125,
          0.01171875,
          0.015625,
          0.01953125,
          0.0234375,
          0.02734375,
          0.03125,
          0.03515625,
          0.0390625,
          0.04296875,
          0.046875,
          0.05078125,
          0.0546875,
          0.05859375,
          0.0625,
          0.06640625,
          0.0703125,
          0.07421875,
          0.078125,
          0.08203125,
          0.0859375,
          0.08984375,
          0.09375,
          0.09765625,
          0.1015625,
          0.10546875,
          0.109375,
          0.11328125,
          0.1171875,
          0.12109375,
          0.125,
          0.12890625,
          0.1328125,
          0.13671875,
          0.140625,
          0.14453125,
          0.1484375,
          0.15234375,
          0.15625,
          0.16015625,
          0.1640625,
          0.16796875,
          0.171875,
          0.17578125,
          0.1796875,
          0.18359375,
          0.1875,
          0.19140625,
          0.1953125,
          0.19921875,
          0.203125,
          0.20703125,
          0.2109375,
          0.21484375,
          0.21875,
          0.22265625,
          0.2265625,
          0.23046875,
          0.234375,
          0.23828125,
          0.2421875,
          0.24609375,
          0.25,
          0.25390625,
          0.2578125,
          0.26171875,
          0.265625,
          0.26953125,
          0.2734375,
          0.27734375,
          0.28125,
          0.28515625,
          0.2890625,
          0.29296875,
          0.296875,
          0.30078125,
          0.3046875,
          0.30859375,
          0.3125,
          0.31640625,
          0.3203125,
          0.32421875,
          0.328125,
          0.33203125,
          0.3359375,
          0.33984375,
          0.34375,
          0.34765625,
          0.3515625,
          0.35546875,
          0.359375,
          0.36328125,
          0.3671875,
          0.37109375,
          0.375,
          0.37890625,
          0.3828125,
          0.38671875,
          0.390625,
          0.39453125,
          0.3984375,
          0.40234375,
          0.40625,
          0.41015625,
          0.4140625,
          0.41796875,
          0.421875,
          0.42578125,
          0.4296875,
          0.43359375,
          0.4375,
          0.44140625,
          0.4453125,
          0.44921875,
          0.453125,
          0.45703125,
          0.4609375,
          0.46484375,
          0.46875,
          0.47265625,
          0.4765625,
          0.48046875,
          0.484375,
          0.48828125,
          0.4921875,
          0.49609375,
          0.5,
          0.50390625,
          0.5078125,
          0.51171875,
          0.515625,
          0.51953125,
          0.5234375,
          0.52734375,
          0.53125,
          0.53515625,
          0.5390625,
          0.54296875,
          0.546875,
          0.55078125,
          0.5546875,
          0.55859375,
          0.5625,
          0.56640625,
          0.5703125,
          0.57421875,
          0.578125,
          0.58203125,
          0.5859375,
          0.58984375,
          0.59375,
          0.59765625,
          0.6015625,
          0.60546875,
          0.609375,
          0.61328125,
          0.6171875,
          0.62109375,
          0.625,
          0.62890625,
          0.6328125,
          0.63671875,
          0.640625,
          0.64453125,
          0.6484375,
          0.65234375,
          0.65625,
          0.66015625,
          0.6640625,
          0.66796875,
          0.671875,
          0.67578125,
          0.6796875,
          0.68359375,
          0.6875,
          0.69140625,
          0.6953125,
          0.69921875,
          0.703125,
          0.70703125,
          0.7109375,
          0.71484375,
          0.71875,
          0.72265625,
          0.7265625,
          0.73046875,
          0.734375,
          0.73828125,
          0.7421875,
          0.74609375,
          0.75,
          0.75390625,
          0.7578125,
          0.76171875,
          0.765625,
          0.76953125,
          0.7734375,
          0.77734375,
          0.78125,
          0.78515625,
          0.7890625,
          0.79296875,
          0.796875,
          0.80078125,
          0.8046875,
          0.80859375,
          0.8125,
          0.81640625,
          0.8203125,
          0.82421875,
          0.828125,
          0.83203125,
          0.8359375,
          0.83984375,
          0.84375,
          0.84765625,
          0.8515625,
          0.85546875,
          0.859375,
          0.86328125,
          0.8671875,
          0.87109375,
          0.875,
          0.87890625,
          0.8828125,
          0.88671875,
          0.890625,
          0.89453125,
          0.8984375,
          0.90234375,
          0.90625,
          0.91015625,
          0.9140625,
          0.91796875,
          0.921875,
          0.92578125,
          0.9296875,
          0.93359375,
          0.9375,
          0.94140625,
          0.9453125,
          0.94921875,
          0.953125,
          0.95703125,
          0.9609375,
          0.96484375,
          0.96875,
          0.97265625,
          0.9765625,
          0.98046875,
          0.984375,
          0.98828125,
          0.9921875,
          0.99609375
        ]
      },
      "order": 4,
      "dofs": {
        "$type": "ref",
        "value": "139740821530160"
      }
    },
    "139740793513520": {
      "@module": "simsopt._core.optimizable",
      "@class": "DOFs",
      "@name": "139740793513520",
      "@version": "0.1.dev5270+gee055f063",
      "x": {
        "@module": "numpy",
        "@class": "array",
        "dtype": "float64",
        "data": [
          57141.44627040022
        ]
      },
      "names": [
        "x0"
      ],
      "free": {
        "@module": "numpy",
        "@class": "array",
        "dtype": "bool",
        "data": [
          false
        ]
      },
      "lower_bounds": {
        "@module": "numpy",
        "@class": "array",
        "dtype": "float64",
        "data": [
          -Infinity
        ]
      },
      "upper_bounds": {
        "@module": "numpy",
        "@class": "array",
        "dtype": "float64",
        "data": [
          Infinity
        ]
      }
    },
    "Current12": {
      "@module": "simsopt.field.coil",
      "@class": "Current",
      "@name": "Current12",
      "@version": "0.1.dev5270+gee055f063",
      "current": 57141.44627040022,
      "dofs": {
        "$type": "ref",
        "value": "139740793513520"
      }
    },
    "CurrentSum7": {
      "@module": "simsopt.field.coil",
      "@class": "CurrentSum",
      "@name": "CurrentSum7",
      "@version": "0.1.dev5270+gee055f063",
      "current_a": {
        "$type": "ref",
        "value": "ScaledCurrent25"
      },
      "current_b": {
        "$type": "ref",
        "value": "ScaledCurrent26"
      }
    },
    "CurrentSum8": {
      "@module": "simsopt.field.coil",
      "@class": "CurrentSum",
      "@name": "CurrentSum8",
      "@version": "0.1.dev5270+gee055f063",
      "current_a": {
        "$type": "ref",
        "value": "CurrentSum7"
      },
      "current_b": {
        "$type": "ref",
        "value": "ScaledCurrent27"
      }
    },
    "ScaledCurrent28": {
      "@module": "simsopt.field.coil",
      "@class": "ScaledCurrent",
      "@name": "ScaledCurrent28",
      "@version": "0.1.dev5270+gee055f063",
      "current_to_scale": {
        "$type": "ref",
        "value": "CurrentSum8"
      },
      "scale": -1.0
    },
    "CurrentSum9": {
      "@module": "simsopt.field.coil",
      "@class": "CurrentSum",
      "@name": "CurrentSum9",
      "@version": "0.1.dev5270+gee055f063",
      "current_a": {
        "$type": "ref",
        "value": "Current12"
      },
      "current_b": {
        "$type": "ref",
        "value": "ScaledCurrent28"
      }
    },
    "RegularizedCoil36": {
      "@module": "simsopt.field.coil",
      "@class": "RegularizedCoil",
      "@name": "RegularizedCoil36",
      "@version": "0.1.dev5270+gee055f063",
      "curve": {
        "$type": "ref",
        "value": "CurveXYZFourier4"
      },
      "current": {
        "$type": "ref",
        "value": "CurrentSum9"
      },
      "regularization": {
        "@module": "numpy",
        "@class": "array",
        "dtype": "float64",
        "data": 9.015766742481466e-05
      }
    },
    "RotatedCurve25": {
      "@module": "simsopt.geo.curve",
      "@class": "RotatedCurve",
      "@name": "RotatedCurve25",
      "@version": "0.1.dev5270+gee055f063",
      "curve": {
        "$type": "ref",
        "value": "CurveXYZFourier1"
      },
      "phi": 0.0,
      "flip": true
    },
    "ScaledCurrent29": {
      "@module": "simsopt.field.coil",
      "@class": "ScaledCurrent",
      "@name": "ScaledCurrent29",
      "@version": "0.1.dev5270+gee055f063",
      "current_to_scale": {
        "$type": "ref",
        "value": "ScaledCurrent25"
      },
      "scale": -1.0
    },
    "RegularizedCoil37": {
      "@module": "simsopt.field.coil",
      "@class": "RegularizedCoil",
      "@name": "RegularizedCoil37",
      "@version": "0.1.dev5270+gee055f063",
      "curve": {
        "$type": "ref",
        "value": "RotatedCurve25"
      },
      "current": {
        "$type": "ref",
        "value": "ScaledCurrent29"
      },
      "regularization": {
        "@module": "numpy",
        "@class": "array",
        "dtype": "float64",
        "data": 9.015766742481466e-05
      }
    },
    "RotatedCurve26": {
      "@module": "simsopt.geo.curve",
      "@class": "RotatedCurve",
      "@name": "RotatedCurve26",
      "@version": "0.1.dev5270+gee055f063",
      "curve": {
        "$type": "ref",
        "value": "CurveXYZFourier2"
      },
      "phi": 0.0,
      "flip": true
    },
    "ScaledCurrent30": {
      "@module": "simsopt.field.coil",
      "@class": "ScaledCurrent",
      "@name": "ScaledCurrent30",
      "@version": "0.1.dev5270+gee055f063",
      "current_to_scale": {
        "$type": "ref",
        "value": "ScaledCurrent26"
      },
      "scale": -1.0
    },
    "RegularizedCoil38": {
      "@module": "simsopt.field.coil",
      "@class": "RegularizedCoil",
      "@name": "RegularizedCoil38",
      "@version": "0.1.dev5270+gee055f063",
      "curve": {
        "$type": "ref",
        "value": "RotatedCurve26"
      },
      "current": {
        "$type": "ref",
        "value": "ScaledCurrent30"
      },
      "regularization": {
        "@module": "numpy",
        "@class": "array",
        "dtype": "float64",
        "data": 9.015766742481466e-05
      }
    },
    "RotatedCurve27": {
      "@module": "simsopt.geo.curve",
      "@class": "RotatedCurve",
      "@name": "RotatedCurve27",
      "@version": "0.1.dev5270+gee055f063",
      "curve": {
        "$type": "ref",
        "value": "CurveXYZFourier3"
      },
      "phi": 0.0,
      "flip": true
    },
    "ScaledCurrent31": {
      "@module": "simsopt.field.coil",
      "@class": "ScaledCurrent",
      "@name": "ScaledCurrent31",
      "@version": "0.1.dev5270+gee055f063",
      "current_to_scale": {
        "$type": "ref",
        "value": "ScaledCurrent27"
      },
      "scale": -1.0
    },
    "RegularizedCoil39": {
      "@module": "simsopt.field.coil",
      "@class": "RegularizedCoil",
      "@name": "RegularizedCoil39",
      "@version": "0.1.dev5270+gee055f063",
      "curve": {
        "$type": "ref",
        "value": "RotatedCurve27"
      },
      "current": {
        "$type": "ref",
        "value": "ScaledCurrent31"
      },
      "regularization": {
        "@module": "numpy",
        "@class": "array",
        "dtype": "float64",
        "data": 9.015766742481466e-05
      }
    },
    "RotatedCurve28": {
      "@module": "simsopt.geo.curve",
      "@class": "RotatedCurve",
      "@name": "RotatedCurve28",
      "@version": "0.1.dev5270+gee055f063",
      "curve": {
        "$type": "ref",
        "value": "CurveXYZFourier4"
      },
      "phi": 0.0,
      "flip": true
    },
    "ScaledCurrent32": {
      "@module": "simsopt.field.coil",
      "@class": "ScaledCurrent",
      "@name": "ScaledCurrent32",
      "@version": "0.1.dev5270+gee055f063",
      "current_to_scale": {
        "$type": "ref",
        "value": "CurrentSum9"
      },
      "scale": -1.0
    },
    "RegularizedCoil40": {
      "@module": "simsopt.field.coil",
      "@class": "RegularizedCoil",
      "@name": "RegularizedCoil40",
      "@version": "0.1.dev5270+gee055f063",
      "curve": {
        "$type": "ref",
        "value": "RotatedCurve28"
      },
      "current": {
        "$type": "ref",
        "value": "ScaledCurrent32"
      },
      "regularization": {
        "@module": "numpy",
        "@class": "array",
        "dtype": "float64",
        "data": 9.015766742481466e-05
      }
    },
    "RotatedCurve29": {
      "@module": "simsopt.geo.curve",
      "@class": "RotatedCurve",
      "@name": "RotatedCurve29",
      "@version": "0.1.dev5270+gee055f063",
      "curve": {
        "$type": "ref",
        "value": "CurveXYZFourier1"
      },
      "phi": 3.141592653589793,
      "flip": false
    },
    "RegularizedCoil41": {
      "@module": "simsopt.field.coil",
      "@class": "RegularizedCoil",
      "@name": "RegularizedCoil41",
      "@version": "0.1.dev5270+gee055f063",
      "curve": {
        "$type": "ref",
        "value": "RotatedCurve29"
      },
      "current": {
        "$type": "ref",
        "value": "ScaledCurrent25"
      },
      "regularization": {
        "@module": "numpy",
        "@class": "array",
        "dtype": "float64",
        "data": 9.015766742481466e-05
      }
    },
    "RotatedCurve30": {
      "@module": "simsopt.geo.curve",
      "@class": "RotatedCurve",
      "@name": "RotatedCurve30",
      "@version": "0.1.dev5270+gee055f063",
      "curve": {
        "$type": "ref",
        "value": "CurveXYZFourier2"
      },
      "phi": 3.141592653589793,
      "flip": false
    },
    "RegularizedCoil42": {
      "@module": "simsopt.field.coil",
      "@class": "RegularizedCoil",
      "@name": "RegularizedCoil42",
      "@version": "0.1.dev5270+gee055f063",
      "curve": {
        "$type": "ref",
        "value": "RotatedCurve30"
      },
      "current": {
        "$type": "ref",
        "value": "ScaledCurrent26"
      },
      "regularization": {
        "@module": "numpy",
        "@class": "array",
        "dtype": "float64",
        "data": 9.015766742481466e-05
      }
    },
    "RotatedCurve31": {
      "@module": "simsopt.geo.curve",
      "@class": "RotatedCurve",
      "@name": "RotatedCurve31",
      "@version": "0.1.dev5270+gee055f063",
      "curve": {
        "$type": "ref",
        "value": "CurveXYZFourier3"
      },
      "phi": 3.141592653589793,
      "flip": false
    },
    "RegularizedCoil43": {
      "@module": "simsopt.field.coil",
      "@class": "RegularizedCoil",
      "@name": "RegularizedCoil43",
      "@version": "0.1.dev5270+gee055f063",
      "curve": {
        "$type": "ref",
        "value": "RotatedCurve31"
      },
      "current": {
        "$type": "ref",
        "value": "ScaledCurrent27"
      },
      "regularization": {
        "@module": "numpy",
        "@class": "array",
        "dtype": "float64",
        "data": 9.015766742481466e-05
      }
    },
    "RotatedCurve32": {
      "@module": "simsopt.geo.curve",
      "@class": "RotatedCurve",
      "@name": "RotatedCurve32",
      "@version": "0.1.dev5270+gee055f063",
      "curve": {
        "$type": "ref",
        "value": "CurveXYZFourier4"
      },
      "phi": 3.141592653589793,
      "flip": false
    },
    "RegularizedCoil44": {
      "@module": "simsopt.field.coil",
      "@class": "RegularizedCoil",
      "@name": "RegularizedCoil44",
      "@version": "0.1.dev5270+gee055f063",
      "curve": {
        "$type": "ref",
        "value": "RotatedCurve32"
      },
      "current": {
        "$type": "ref",
        "value": "CurrentSum9"
      },
      "regularization": {
        "@module": "numpy",
        "@class": "array",
        "dtype": "float64",
        "data": 9.015766742481466e-05
      }
    },
    "RotatedCurve33": {
      "@module": "simsopt.geo.curve",
      "@class": "RotatedCurve",
      "@name": "RotatedCurve33",
      "@version": "0.1.dev5270+gee055f063",
      "curve": {
        "$type": "ref",
        "value": "CurveXYZFourier1"
      },
      "phi": 3.141592653589793,
      "flip": true
    },
    "ScaledCurrent33": {
      "@module": "simsopt.field.coil",
      "@class": "ScaledCurrent",
      "@name": "ScaledCurrent33",
      "@version": "0.1.dev5270+gee055f063",
      "current_to_scale": {
        "$type": "ref",
        "value": "ScaledCurrent25"
      },
      "scale": -1.0
    },
    "RegularizedCoil45": {
      "@module": "simsopt.field.coil",
      "@class": "RegularizedCoil",
      "@name": "RegularizedCoil45",
      "@version": "0.1.dev5270+gee055f063",
      "curve": {
        "$type": "ref",
        "value": "RotatedCurve33"
      },
      "current": {
        "$type": "ref",
        "value": "ScaledCurrent33"
      },
      "regularization": {
        "@module": "numpy",
        "@class": "array",
        "dtype": "float64",
        "data": 9.015766742481466e-05
      }
    },
    "RotatedCurve34": {
      "@module": "simsopt.geo.curve",
      "@class": "RotatedCurve",
      "@name": "RotatedCurve34",
      "@version": "0.1.dev5270+gee055f063",
      "curve": {
        "$type": "ref",
        "value": "CurveXYZFourier2"
      },
      "phi": 3.141592653589793,
      "flip": true
    },
    "ScaledCurrent34": {
      "@module": "simsopt.field.coil",
      "@class": "ScaledCurrent",
      "@name": "ScaledCurrent34",
      "@version": "0.1.dev5270+gee055f063",
      "current_to_scale": {
        "$type": "ref",
        "value": "ScaledCurrent26"
      },
      "scale": -1.0
    },
    "RegularizedCoil46": {
      "@module": "simsopt.field.coil",
      "@class": "RegularizedCoil",
      "@name": "RegularizedCoil46",
      "@version": "0.1.dev5270+gee055f063",
      "curve": {
        "$type": "ref",
        "value": "RotatedCurve34"
      },
      "current": {
        "$type": "ref",
        "value": "ScaledCurrent34"
      },
      "regularization": {
        "@module": "numpy",
        "@class": "array",
        "dtype": "float64",
        "data": 9.015766742481466e-05
      }
    },
    "RotatedCurve35": {
      "@module": "simsopt.geo.curve",
      "@class": "RotatedCurve",
      "@name": "RotatedCurve35",
      "@version": "0.1.dev5270+gee055f063",
      "curve": {
        "$type": "ref",
        "value": "CurveXYZFourier3"
      },
      "phi": 3.141592653589793,
      "flip": true
    },
    "ScaledCurrent35": {
      "@module": "simsopt.field.coil",
      "@class": "ScaledCurrent",
      "@name": "ScaledCurrent35",
      "@version": "0.1.dev5270+gee055f063",
      "current_to_scale": {
        "$type": "ref",
        "value": "ScaledCurrent27"
      },
      "scale": -1.0
    },
    "RegularizedCoil47": {
      "@module": "simsopt.field.coil",
      "@class": "RegularizedCoil",
      "@name": "RegularizedCoil47",
      "@version": "0.1.dev5270+gee055f063",
      "curve": {
        "$type": "ref",
        "value": "RotatedCurve35"
      },
      "current": {
        "$type": "ref",
        "value": "ScaledCurrent35"
      },
      "regularization": {
        "@module": "numpy",
        "@class": "array",
        "dtype": "float64",
        "data": 9.015766742481466e-05
      }
    },
    "RotatedCurve36": {
      "@module": "simsopt.geo.curve",
      "@class": "RotatedCurve",
      "@name": "RotatedCurve36",
      "@version": "0.1.dev5270+gee055f063",
      "curve": {
        "$type": "ref",
        "value": "CurveXYZFourier4"
      },
      "phi": 3.141592653589793,
      "flip": true
    },
    "ScaledCurrent36": {
      "@module": "simsopt.field.coil",
      "@class": "ScaledCurrent",
      "@name": "ScaledCurrent36",
      "@version": "0.1.dev5270+gee055f063",
      "current_to_scale": {
        "$type": "ref",
        "value": "CurrentSum9"
      },
      "scale": -1.0
    },
    "RegularizedCoil48": {
      "@module": "simsopt.field.coil",
      "@class": "RegularizedCoil",
      "@name": "RegularizedCoil48",
      "@version": "0.1.dev5270+gee055f063",
      "curve": {
        "$type": "ref",
        "value": "RotatedCurve36"
      },
      "current": {
        "$type": "ref",
        "value": "ScaledCurrent36"
      },
      "regularization": {
        "@module": "numpy",
        "@class": "array",
        "dtype": "float64",
        "data": 9.015766742481466e-05
      }
    },
    "BiotSavart5": {
      "@module": "simsopt.field.biotsavart",
      "@class": "BiotSavart",
      "@name": "BiotSavart5",
      "@version": "0.1.dev5270+gee055f063",
      "coils": [
        {
          "$type": "ref",
          "value": "RegularizedCoil33"
        },
        {
          "$type": "ref",
          "value": "RegularizedCoil34"
        },
        {
          "$type": "ref",
          "value": "RegularizedCoil35"
        },
        {
          "$type": "ref",
          "value": "RegularizedCoil36"
        },
        {
          "$type": "ref",
          "value": "RegularizedCoil37"
        },
        {
          "$type": "ref",
          "value": "RegularizedCoil38"
        },
        {
          "$type": "ref",
          "value": "RegularizedCoil39"
        },
        {
          "$type": "ref",
          "value": "RegularizedCoil40"
        },
        {
          "$type": "ref",
          "value": "RegularizedCoil41"
        },
        {
          "$type": "ref",
          "value": "RegularizedCoil42"
        },
        {
          "$type": "ref",
          "value": "RegularizedCoil43"
        },
        {
          "$type": "ref",
          "value": "RegularizedCoil44"
        },
        {
          "$type": "ref",
          "value": "RegularizedCoil45"
        },
        {
          "$type": "ref",
          "value": "RegularizedCoil46"
        },
        {
          "$type": "ref",
          "value": "RegularizedCoil47"
        },
        {
          "$type": "ref",
          "value": "RegularizedCoil48"
        }
      ],
      "points": {
        "@module": "numpy",
        "@class": "array",
        "dtype": "float64",
        "data": [
          [
            0.3672430046730772,
            0.018041491919462024,
            -0.00042791282644924066
          ],
          [
            0.36062492239993993,
            0.017716366385867634,
            0.04028189331275213
          ],
          [
            0.34505415871001843,
            0.016951423817276986,
            0.0667747208091127
          ],
          [
            0.33043547958063246,
            0.016233254163859595,
            0.07429125106456956
          ],
          [
            0.32255171241664515,
            0.015845949518776933,
            0.06907924405246436
          ],
          [
            0.3193504215559996,
            0.01568868018359763,
            0.057703058477851656
          ],
          [
            0.31801446024001484,
            0.015623048612729427,
            0.04149271199638971
          ],
          [
            0.3183778442110363,
            0.01564090052248243,
            0.02187785147734789
          ],
          [
            0.3192287765408718,
            0.015682704147214243,
            0.0019801503779233527
          ],
          [
            0.3193474360526022,
            0.01568853351522074,
            -0.017149770856385235
          ],
          [
            0.3201671490046115,
            0.01572880343026819,
            -0.035147358202868254
          ],
          [
            0.3224926230363476,
            0.015843046643668087,
            -0.050539905168535064
          ],
          [
            0.32605447462427145,
            0.016018029191529157,
            -0.06289050518807936
          ],
          [
            0.3333683508057144,
            0.01637733688792739,
            -0.07016536431715363
          ],
          [
            0.3465300505746956,
            0.017023929735188962,
            -0.06483997394370766
          ],
          [
            0.3608467091419336,
            0.01772726206982242,
            -0.04027793691566163
          ],
          [
            0.3627544314767023,
            0.05380953682700841,
            -0.0012785578061288443
          ],
          [
            0.35609418517471153,
            0.05282158261455399,
            0.039726459352834385
          ],
          [
            0.33959796907114137,
            0.05037460010818492,
            0.06769820183124176
          ],
          [
            0.3234793023585295,
            0.04798362176356815,
            0.0772464494273171
          ],
          [
            0.3145140559517968,
            0.046653753084300836,
            0.0742701767706351
          ],
          [
            0.3112593690488937,
            0.04617096588843057,
            0.06437731764922407
          ],
          [
            0.3109108860437075,
            0.046119273317715946,
            0.0480344432823343
          ],
          [
            0.31260764924921675,
            0.046370964363423896,
            0.027060379109855565
          ],
          [
            0.3145474015569434,
            0.04665869943757031,
            0.005898917272201238
          ],
          [
            0.31565165461643346,
            0.04682249990564202,
            -0.01306813238735121
          ],
          [
            0.3174348938247217,
            0.04708701845462055,
            -0.029440258768456257
          ],
          [
            0.3205508816673567,
            0.0475492315884153,
            -0.043492295899644394
          ],
          [
            0.32472292545362197,
            0.04816809582350418,
            -0.05621173601454259
          ],
          [
            0.3319530597177223,
            0.049240584929604356,
            -0.06514202079187181
          ],
          [
            0.34383449162872676,
            0.05100302886549283,
            -0.061996602609853416
          ],
          [
            0.3567209531744978,
            0.052914554864759725,
            -0.03973357250293248
          ],
          [
            0.3539094111770816,
            0.08864969258884199,
            -0.002112935318033599
          ],
          [
            0.34740798521690314,
            0.08702117016316804,
            0.03862712468791521
          ],
          [
            0.3304451082568311,
            0.08277219067734047,
            0.06759091565753193
          ],
          [
            0.3129682504619478,
            0.07839446569460443,
            0.07887122492349011
          ],
          [
            0.3025157592150861,
            0.07577625293575183,
            0.07805142699420607
          ],
          [
            0.29871276060318336,
            0.07482365137384454,
            0.06998007113735084
          ],
          [
            0.29910885199277687,
            0.07492286710198176,
            0.05425179950987384
          ],
          [
            0.30212475516840265,
            0.07567831152067558,
            0.0323998518176687
          ],
          [
            0.3053380362972954,
            0.076483196542892,
            0.009686972798617138
          ],
          [
            0.3075861159724584,
            0.07704631118699144,
            -0.009711347443196879
          ],
          [
            0.3101436846194354,
            0.07768694878285332,
            -0.024676867825599115
          ],
          [
            0.3137413519445739,
            0.07858811753490684,
            -0.03709289944267738
          ],
          [
            0.3185738102102658,
            0.07979858531613135,
            -0.049568687420485556
          ],
          [
            0.32606842679717474,
            0.08167588904278551,
            -0.059573880420824295
          ],
          [
            0.33691030649329723,
            0.08439163853062706,
            -0.058422962073165184
          ],
          [
            0.34833532209742546,
            0.08725345595944338,
            -0.038700482936780786
          ],
          [
            0.34096245820043536,
            0.12199831829758005,
            -0.0029176844855987602
          ],
          [
            0.33481719000603644,
            0.11979950617861193,
            0.03703068879612388
          ],
          [
            0.317926994887324,
            0.11375609773101797,
            0.06651008396493376
          ],
          [
            0.2994343733711559,
            0.10713933195042896,
            0.0791334233591921
          ],
          [
            0.2873080867386267,
            0.10280047721501018,
            0.08016765284021882
          ],
          [
            0.2824924201302285,
            0.101077404150582,
            0.07404120912721711
          ],
          [
            0.2831780502691232,
            0.1013227265369842,
            0.059620977316445806
          ],
          [
            0.2872773233763275,
            0.10278946990797265,
            0.03752545294354494
          ],
          [
            0.29190631054756405,
            0.10444574800173263,
            0.01323904186945936
          ],
          [
            0.29554030382014046,
            0.10574601158587896,
            -0.007060405614263672
          ],
          [
            0.2987833501774127,
            0.10690639212699918,
            -0.020998846322036104
          ],
          [
            0.3025539155945589,
            0.10825552200584479,
            -0.03172723534029634
          ],
          [
            0.3079161815088908,
            0.11017417142920258,
            -0.04342759445897441
          ],
          [
            0.3158214825351555,
            0.1130027333651137,
            -0.053845933916542965
          ],
          [
            0.3258603140893631,
            0.11659468473052195,
            -0.054352389516088374
          ],
          [
            0.33590473758513684,
            0.12018863692461582,
            -0.03725595814661503
          ],
          [
            0.3242716384070315,
            0.15336906278709278,
            -0.003675441165812901
          ],
          [
            0.3186500601911916,
            0.1507102543060825,
            0.035008843152510676
          ],
          [
            0.3023861423077185,
            0.14301799402921084,
            0.06457232409534043
          ],
          [
            0.2833940668970033,
            0.13403541133887087,
            0.07812050889160993
          ],
          [
            0.2696906824909961,
            0.1275541932043311,
            0.08055003695920497
          ],
          [
            0.26353941694449473,
            0.12464486127368206,
            0.0762707156517925
          ],
          [
            0.2639400338320507,
            0.12483433895012326,
            0.06369282402362289
          ],
          [
            0.2686684229583306,
            0.12707070045356117,
            0.04204300990969468
          ],
          [
            0.27470435868501797,
            0.12992548544182828,
            0.01642979185813638
          ],
          [
            0.27994633661850127,
            0.13240475636036547,
            -0.0050332973466995085
          ],
          [
            0.2839039574152708,
            0.1342765715935724,
            -0.01839114888182495
          ],
          [
            0.28763088756323385,
            0.13603927827576634,
            -0.027592838676212955
          ],
          [
            0.2932732589587366,
            0.13870792119833592,
            -0.03813531918014451
          ],
          [
            0.3015306891445687,
            0.1426133948156162,
            -0.04832540946117012
          ],
          [
            0.3109487865000778,
            0.14706782312068717,
            -0.05004320829551141
          ],
          [
            0.31975897827957606,
            0.15123473350123712,
            -0.03549167270851445
          ],
          [
            0.3042720711153706,
            0.18237366099017904,
            -0.004363132216865466
          ],
          [
            0.2992918317885437,
            0.17938862041346337,
            0.03265077101065564
          ],
          [
            0.28415387832574796,
            0.17031528028471324,
            0.06193075480428042
          ],
          [
            0.2652881747410428,
            0.15900761271836059,
            0.0760128093095345
          ],
          [
            0.250386176478703,
            0.150075698694146,
            0.0793102525028994
          ],
          [
            0.24279941471600067,
            0.14552836869224223,
            0.07658942189374542
          ],
          [
            0.24235218840550898,
            0.14526031155759783,
            0.06615587778476423
          ],
          [
            0.24710270025984513,
            0.14810765878626944,
            0.045591826502620204
          ],
          [
            0.25431522835968345,
            0.15243068176284527,
            0.019117901967656486
          ],
          [
            0.2612530114265181,
            0.15658902890399498,
            -0.00352748383959844
          ],
          [
            0.26603378344402506,
            0.15945451337648064,
            -0.016719288370437235
          ],
          [
            0.2696397282274239,
            0.16161583350378056,
            -0.024700107102602564
          ],
          [
            0.2752760025096043,
            0.16499408630042417,
            -0.033889124183345935
          ],
          [
            0.28367375914907844,
            0.17002750792479918,
            -0.04331910492856801
          ],
          [
            0.2925759769635739,
            0.17536329194142006,
            -0.04574598414127351
          ],
          [
            0.30031668529376465,
            0.18000289396489594,
            -0.033500874698108356
          ],
          [
            0.28144418539730226,
            0.20873323384499723,
            -0.004950823971969725
          ],
          [
            0.27716419619504384,
            0.20555897751510382,
            0.030056791403619304
          ],
          [
            0.26354274219149026,
            0.19545661871234896,
            0.05875257153759711
          ],
          [
            0.2454525843899307,
            0.18204004329667497,
            0.07304543796360678
          ],
          [
            0.2299489866896856,
            0.1705417915931063,
            0.07670224150935558
          ],
          [
            0.2210823565366881,
            0.1639658504965436,
            0.0751190180414803
          ],
          [
            0.21936884519694436,
            0.16269502387537935,
            0.06687238389891985
          ],
          [
            0.22349332072965966,
            0.1657539434073033,
            0.04789592747227434
          ],
          [
            0.2314230315617335,
            0.17163501777769014,
            0.021157797841903858
          ],
          [
            0.23992361465263526,
            0.17793947987068826,
            -0.002458979480928027
          ],
          [
            0.24563690492980994,
            0.18217674472576556,
            -0.015785420449254347
          ],
          [
            0.24917526124113137,
            0.1848009686169622,
            -0.022911113361311537
          ],
          [
            0.25455987268779917,
            0.18879446863784602,
            -0.03073981718641663
          ],
          [
            0.2628152719400418,
            0.1949170900029655,
            -0.03904620886236087
          ],
          [
            0.2712311534592743,
            0.20115873312906504,
            -0.04167522720246635
          ],
          [
            0.2780491164289088,
            0.20621527908995696,
            -0.03136716719871109
          ],
          [
            0.25628010950356284,
            0.23227875172447116,
            -0.00540185617388247
          ],
          [
            0.25270415509953464,
            0.22903769557383866,
            0.02733413531834355
          ],
          [
            0.2408487223988937,
            0.21829255770811573,
            0.05520201030868332
          ],
          [
            0.224120167432033,
            0.20313067927212033,
            0.06946834055166745
          ],
          [
            0.20872637937293942,
            0.18917856304428013,
            0.07306339208401907
          ],
          [
            0.19896862068281487,
            0.18033464607951377,
            0.07213774936191722
          ],
          [
            0.19581227406843715,
            0.17747390026112936,
            0.06588208983138434
          ],
          [
            0.1987487806256895,
            0.18013539466610115,
            0.04879905482851228
          ],
          [
            0.20676774667573738,
            0.18740336184402273,
            0.022416475724283066
          ],
          [
            0.21644658304146489,
            0.19617574778349942,
            -0.0017886090509312098
          ],
          [
            0.22311268018786587,
            0.20221754606054657,
            -0.01538822286843876
          ],
          [
            0.22671291308407823,
            0.20548060695383824,
            -0.022003324629493004
          ],
          [
            0.23169079910741738,
            0.20999229985879167,
            -0.028623211748318316
          ],
          [
            0.23953318133331503,
            0.21710022078760008,
            -0.03563032775532722
          ],
          [
            0.24743566507716847,
            0.22426261455706148,
            -0.037991402118460436
          ],
          [
            0.25343997509309196,
            0.22970460394190703,
            -0.029157743585419272
          ],
          [
            0.22925217600329603,
            0.25294079778656314,
            -0.005674933461943846
          ],
          [
            0.22634212174169824,
            0.24973004768873133,
            0.02459469899801481
          ],
          [
            0.21635631798119015,
            0.23871241106797073,
            0.05143117638849927
          ],
          [
            0.20144574381079072,
            0.22226112763037173,
            0.06551322198116755
          ],
          [
            0.1868723747912825,
            0.20618189274372273,
            0.06875079593006175
          ],
          [
            0.17677682642518758,
            0.19504317160994308,
            0.06801601589114002
          ],
          [
            0.17228106176162009,
            0.19008285969278574,
            0.06337661817352329
          ],
          [
            0.17366426675716304,
            0.19160899122695255,
            0.04827729982746375
          ],
          [
            0.1810881611472647,
            0.1997999964442313,
            0.02279144400536574
          ],
          [
            0.19134417443145346,
            0.2111157633321975,
            -0.0015304412975115202
          ],
          [
            0.19882482441620566,
            0.21936938869834477,
            -0.015372138671546806
          ],
          [
            0.2026147168553862,
            0.22355089063129832,
            -0.02173997761942103
          ],
          [
            0.2071329169081817,
            0.22853595618590816,
            -0.027408112239049657
          ],
          [
            0.21436089094394137,
            0.2365107966033851,
            -0.03310943037220328
          ],
          [
            0.22168976588049258,
            0.24459696400928382,
            -0.03479617299326416
          ],
          [
            0.22694885792391278,
            0.25039947790593076,
            -0.026922710277004675
          ],
          [
            0.20078742290871182,
            0.27073049958364553,
            -0.005728482294498435
          ],
          [
            0.19848046824959167,
            0.26761993131033107,
            0.02195355648833424
          ],
          [
            0.19034058418306446,
            0.25664456817274156,
            0.04757832921845855
          ],
          [
            0.17754074972684564,
            0.23938598929006133,
            0.06137313294473845
          ],
          [
            0.16439963636022648,
            0.2216672490657414,
            0.06408771108251339
          ],
          [
            0.15458899113216895,
            0.2084391252851125,
            0.0631492513950179
          ],
          [
            0.14911056860244937,
            0.2010523276116566,
            0.05965374177533575
          ],
          [
            0.14883965805260527,
            0.20068704702067494,
            0.046429117205242475
          ],
          [
            0.15506055155123624,
            0.20907495090600314,
            0.02222561716345317
          ],
          [
            0.16516683182339403,
            0.222701692398958,
            -0.0017428021877553064
          ],
          [
            0.1731395191218408,
            0.2334516167919516,
            -0.015655954033998443
          ],
          [
            0.17717197500713466,
            0.23888875414129127,
            -0.021929101734682613
          ],
          [
            0.1812549022677412,
            0.2443939442623391,
            -0.026946210908363556
          ],
          [
            0.1877543174459841,
            0.2531573911591461,
            -0.0314582202310901
          ],
          [
            0.1944345768297628,
            0.2621646782397767,
            -0.032140168656124825
          ],
          [
            0.19898477038730886,
            0.26829990402828036,
            -0.024700350533029398
          ],
          [
            0.17125099941904748,
            0.2857150313861205,
            -0.0055269801437467314
          ],
          [
            0.16947514864708593,
            0.282752203368945,
            0.01952653949650741
          ],
          [
            0.16306383405172423,
            0.27205557119129753,
            0.04377086498297947
          ],
          [
            0.1525046504734523,
            0.25443863769769826,
            0.057196296299405654
          ],
          [
            0.14124634413548495,
            0.23565528834721777,
            0.05933062031756807
          ],
          [
            0.13231388682542083,
            0.2207523836671982,
            0.057903410757735155
          ],
          [
            0.12638488384452654,
            0.21086043980397193,
            0.055064208132969375
          ],
          [
            0.12463748484982648,
            0.20794508070937692,
            0.04344788693912415
          ],
          [
            0.12924278545114015,
            0.21562856057408192,
            0.020716006517772684
          ],
          [
            0.1384682208835742,
            0.2310202697207168,
            -0.0025069459104267136
          ],
          [
            0.14645231733442418,
            0.24434092989661704,
            -0.01623731993627455
          ],
          [
            0.1506589065118011,
            0.25135919993836886,
            -0.022458433448031914
          ],
          [
            0.1543598263496906,
            0.2575338116558319,
            -0.027110937911127467
          ],
          [
            0.16008437874725262,
            0.2670846503282456,
            -0.03061520336066665
          ],
          [
            0.1660347850807494,
            0.2770123035279507,
            -0.030039306200408393
          ],
          [
            0.16989309872837408,
            0.2834495109525397,
            -0.022526395013914548
          ],
          [
            0.1409396857996271,
            0.2979919287520321,
            -0.005048293400486715
          ],
          [
            0.13962363598059632,
            0.29520937519600754,
            0.017425495108996245
          ],
          [
            0.1347685864247055,
            0.28494423537298097,
            0.04012916439410504
          ],
          [
            0.12644486768014906,
            0.2673452107334186,
            0.05309169436190032
          ],
          [
            0.11733617416575497,
            0.2480864963878769,
            0.05466010769827172
          ],
          [
            0.1097637752504024,
            0.23207600406086987,
            0.05258223475996475
          ],
          [
            0.10398737477588406,
            0.21986283139144117,
            0.049963236963944446
          ],
          [
            0.10118277890255341,
            0.21393301163256953,
            0.03958562898985691
          ],
          [
            0.10403286874006566,
            0.21995902029704384,
            0.018314884705918102
          ],
          [
            0.11176457138503536,
            0.23630633206122123,
            -0.003901059006486634
          ],
          [
            0.11919125714404134,
            0.2520087398039757,
            -0.01717655771587922
          ],
          [
            0.12337285721919311,
            0.2608499903331961,
            -0.023301776414172075
          ],
          [
            0.12671928706438051,
            0.2679254217728439,
            -0.027817557127781806
          ],
          [
            0.13164804185757698,
            0.2783463982269742,
            -0.030506911747199633
          ],
          [
            0.13678081569652137,
            0.2891987367108951,
            -0.028493809311975277
          ],
          [
            0.1399555215354739,
            0.29591108824483264,
            -0.020444129846743604
          ],
          [
            0.1100847517728077,
            0.3076662703110866,
            -0.004290536720272664
          ],
          [
            0.10916165886436272,
            0.3050863984603692,
            0.015750810420643198
          ],
          [
            0.10567079093784078,
            0.2953300761922483,
            0.03676794008043633
          ],
          [
            0.09948352571273197,
            0.27803782831432805,
            0.049141239629697714
          ],
          [
            0.0926179817136665,
            0.2588499182556446,
            0.050191579454038855
          ],
          [
            0.08672359055530483,
            0.24237619856020046,
            0.04741750479322781
          ],
          [
            0.08167111756145004,
            0.22825548250431188,
            0.04467503494230227
          ],
          [
            0.07839689433459374,
            0.2191046416099089,
            0.0351171050505062
          ],
          [
            0.07964789690539174,
            0.2226009595731936,
            0.015124134717241135
          ],
          [
            0.08548836325997373,
            0.2389239695382802,
            -0.00597720030084974
          ],
          [
            0.09179464564142217,
            0.256548848084884,
            -0.018567899841625223
          ],
          [
            0.09564674236621681,
            0.2673147372122088,
            -0.02450094963609396
          ],
          [
            0.09859652880164735,
            0.2755588380180692,
            -0.029023688281364965
          ],
          [
            0.10268776336690093,
            0.2869930726362944,
            -0.031064067002787694
          ],
          [
            0.10690386156047255,
            0.2987762777177624,
            -0.027504006349290278
          ],
          [
            0.10939903643461413,
            0.3057498243256106,
            -0.018511884952878088
          ],
          [
            0.0788617041506335,
            0.31483357093879893,
            -0.003276783244914858
          ],
          [
            0.07826923647083413,
            0.31246830737638875,
            0.014582092605161592
          ],
          [
            0.07595733148232346,
            0.3032386652954398,
            0.03379343992598652
          ],
          [
            0.07175476738461985,
            0.2864610889517692,
            0.04541270109402478
          ],
          [
            0.0670830198709911,
            0.26781042741609173,
            0.045996890165487594
          ],
          [
            0.06300157848058102,
            0.251516400025233,
            0.04257647741503409
          ],
          [
            0.05913174346822271,
            0.23606715264962994,
            0.039473197457202534
          ],
          [
            0.056052055492341,
            0.22377234906572424,
            0.030311459724707283
          ],
          [
            0.056125106779628925,
            0.2240639861522701,
            0.011285077348733354
          ],
          [
            0.0599483238896149,
            0.23932712442927284,
            -0.008746356984559814
          ],
          [
            0.06467168834795005,
            0.25818385235925273,
            -0.02050796699055999
          ],
          [
            0.06783303192351713,
            0.27080464337030036,
            -0.02613364320180023
          ],
          [
            0.07025230051837049,
            0.28046290499400195,
            -0.030715596504879983
          ],
          [
            0.07341026597431426,
            0.293070209795545,
            -0.032227968033586504
          ],
          [
            0.0765950989795247,
            0.3057847758662821,
            -0.027078698222055525
          ],
          [
            0.07840873398182267,
            0.31302521265753397,
            -0.016805202683981592
          ],
          [
            0.04740363781305969,
            0.31956936816027215,
            -0.0020562161286575994
          ],
          [
            0.047084055920080685,
            0.31741492203912175,
            0.013969027126931304
          ],
          [
            0.04578961236609306,
            0.308688492428418,
            0.03129712020026512
          ],
          [
            0.04339877460467594,
            0.29257077345075555,
            0.04196891519848158
          ],
          [
            0.040766439056453274,
            0.2748250086373305,
            0.04212657956773833
          ],
          [
            0.038460947728329295,
            0.2592826485776857,
            0.038176816523681406
          ],
          [
            0.0360712276765046,
            0.24317246458604366,
            0.034574666302465897
          ],
          [
            0.03383337970560066,
            0.2280861189996402,
            0.025414717533570174
          ],
          [
            0.03334277733053986,
            0.22477874643818432,
            0.006966736593750505
          ],
          [
            0.03530506820511527,
            0.23800743697471452,
            -0.01217310378492491
          ],
          [
            0.038159029798130954,
            0.25724728322091217,
            -0.023069657496916047
          ],
          [
            0.04026974132974827,
            0.27147654455287085,
            -0.028279549793935318
          ],
          [
            0.0419365765940928,
            0.2827134351551168,
            -0.032889062960434916
          ],
          [
            0.0439996793658434,
            0.2966217442983532,
            -0.033948802950633884
          ],
          [
            0.04602193444924974,
            0.3102546806947456,
            -0.02723470475167386
          ],
          [
            0.04713958822473049,
            0.31778929042788145,
            -0.015412558526632914
          ],
          [
            0.015815141356430997,
            0.32192459786542643,
            -0.0007009901145106991
          ],
          [
            0.015718366923011474,
            0.31995470901902884,
            0.013924959055502699
          ],
          [
            0.015312026559334913,
            0.3116834609014851,
            0.029348305758185266
          ],
          [
            0.014557654165176565,
            0.2963278580550108,
            0.03887145894402583
          ],
          [
            0.013743107883521375,
            0.27974738758972495,
            0.038624758488851954
          ],
          [
            0.013038503769007134,
            0.26540484134829756,
            0.03429960004961541
          ],
          [
            0.012248141382124263,
            0.2493166453700957,
            0.03014167629804105
          ],
          [
            0.011398969579648774,
            0.23203135623675392,
            0.02064231259854211
          ],
          [
            0.011056255063864194,
            0.22505524200608773,
            0.0023551186590060973
          ],
          [
            0.011566397161468154,
            0.2354394229580082,
            -0.01617781922520822
          ],
          [
            0.012485422325497833,
            0.25414660993096283,
            -0.026285709965488693
          ],
          [
            0.01324342628802089,
            0.26957613504971284,
            -0.030994833201004067
          ],
          [
            0.013874768205051813,
            0.28242739500213315,
            -0.035533516269155595
          ],
          [
            0.014624697219396502,
            0.29769255077466494,
            -0.03617979338398595
          ],
          [
            0.015338018436462281,
            0.31221253771486385,
            -0.02798916368776808
          ],
          [
            0.015724866106558162,
            0.32008700293930226,
            -0.014425405670326453
          ]
        ]
      }
    }
  }
}