{
  "metadata": {
    "method_name": "",
    "contact": "akaptano",
    "hardware": "CPU: AMD EPYC 7763 64-Core Processor | RAM: 15.6GB",
    "notes": "",
    "run_date": "2026-01-23T00:46:50.276756"
  },
  "metrics": {
    "initial_B_field": 0.1497840526022681,
    "final_B_field": 0.15252736286315094,
    "target_B_field": 0.15,
    "optimization_time": 20.86196231842041,
    "final_normalized_squared_flux": 0.012021071001557327,
    "_cached_thresholds": {
      "length_threshold": 6.096,
      "flux_threshold": 1e-08,
      "cc_threshold": 0.024384,
      "cs_threshold": 0.039624,
      "msc_threshold": 32.808398950131235,
      "arclength_variation_threshold": 0.0,
      "curvature_threshold": 32.808398950131235,
      "force_threshold": 0.0006925207756232686,
      "torque_threshold": 0.0006925207756232686,
      "coil_width": 0.012192,
      "R0": 32.808398950131235
    },
    "final_min_cs_separation": 0.1481367546818876,
    "final_min_cc_separation": 3.567759655853784e-05,
    "final_total_length": 11.170857016632876,
    "final_max_curvature": 2.2562515794212854,
    "final_average_curvature": 2.249852150256369,
    "final_arclength_variation": 2.507227347411273e-07,
    "final_mean_squared_curvature": 5.062260345873433,
    "final_linking_number": 0,
    "final_max_max_coil_force": 3809409796.7685866,
    "final_avg_max_coil_force": 952728392.8003736,
    "final_max_max_coil_torque": 298590186.17982364,
    "final_avg_max_coil_torque": 74805502.61507146,
    "avg_BdotN_over_B": 0.12529628249194327,
    "max_BdotN_over_B": 0.372151133762054,
    "lagrange_multipliers": null,
    "output_directory": "/home/runner/work/stellcoilbench/stellcoilbench/submissions/muse/akaptano/01-23-2026_00-46",
    "flux_threshold": 1e-08,
    "cc_threshold": 0.024384,
    "cs_threshold": 0.039624,
    "msc_threshold": 32.808398950131235,
    "arclength_variation_threshold": 0.0,
    "curvature_threshold": 32.808398950131235,
    "force_threshold": 0.0006925207756232686,
    "torque_threshold": 0.0006925207756232686
  }
}