{
  "metadata": {
    "method_name": "",
    "contact": "akaptano",
    "hardware": "CPU: AMD EPYC 7763 64-Core Processor | RAM: 7.8GB",
    "notes": "",
    "run_date": "2025-11-29T02:10:12.802731"
  },
  "metrics": {
    "initial_B_field": 0.9998258195958676,
    "final_B_field": 0.2685782839526778,
    "target_B_field": 1.0,
    "optimization_time": 754.6260557174683,
    "final_normalized_squared_flux": 0.0007548558731222065,
    "final_min_cs_separation": 0.0009796453286806121,
    "final_min_cc_separation": 0.12395561809569963,
    "final_total_length": 11.687429954261116,
    "final_max_curvature": 11.164730924614135,
    "final_average_curvature": 3.281159869371321,
    "final_mean_squared_curvature": 17.838066615919377,
    "final_linking_number": 0,
    "final_max_max_coil_force": 109185.52855686854,
    "final_avg_max_coil_force": 95120.32639223977,
    "final_max_max_coil_torque": 39522.73897788441,
    "final_avg_max_coil_torque": 21264.42141669643,
    "avg_BdotN_over_B": 0.10934235342457015,
    "max_BdotN_over_B": 0.9956633430461921,
    "lagrange_multipliers": [
      -553314867.9535254,
      -0.0,
      -0.0,
      -0.0,
      -2444460.88848528,
      -448163103.69962376,
      -0.0,
      -8789321708.06614
    ],
    "output_directory": "."
  }
}