{
  "metadata": {
    "method_name": "",
    "contact": "akaptano",
    "hardware": "CPU: Intel(R) Xeon(R) Platinum 8370C CPU @ 2.80GHz | RAM: 7.8GB",
    "notes": "",
    "run_date": "2025-11-28T23:13:08.095315"
  },
  "metrics": {
    "initial_B_field": 0.9999999496180914,
    "final_B_field": 0.9987562950749556,
    "target_B_field": 1.0,
    "optimization_time": 4.660706043243408,
    "final_normalized_squared_flux": 0.0383600985532873,
    "final_min_cs_separation": 1.1582831576161547,
    "final_min_cc_separation": 0.19588837968616535,
    "final_total_length": 79.29488138856958,
    "final_max_curvature": 0.47345732818174335,
    "final_average_curvature": 0.3233484216868646,
    "final_mean_squared_curvature": 0.11364309118788536,
    "final_linking_number": 0,
    "final_max_max_coil_force": 2817176.224546961,
    "final_avg_max_coil_force": 1528334.089979466,
    "final_max_max_coil_torque": 2833427.0097187543,
    "final_avg_max_coil_torque": 1958169.7433945665,
    "avg_BdotN_over_B": 0.23597420575679745,
    "max_BdotN_over_B": 0.6053862491921704,
    "lagrange_multipliers": null,
    "output_directory": "."
  }
}