{
  "metadata": {
    "method_name": "",
    "contact": "akaptano",
    "hardware": "CPU: AMD EPYC 7763 64-Core Processor | RAM: 15.6GB",
    "notes": "",
    "run_date": "2026-01-21T21:41:17.971076"
  },
  "metrics": {
    "initial_B_field": 2.4999411989153506,
    "final_B_field": 0.4831222039297525,
    "target_B_field": 2.5,
    "optimization_time": 1247.3358221054077,
    "final_normalized_squared_flux": 0.0025591148429035533,
    "final_min_cs_separation": 0.6660504253188968,
    "final_min_cc_separation": 0.5825960985491576,
    "final_total_length": 87.3194197476777,
    "final_max_curvature": 1.4499306014654356,
    "final_average_curvature": 0.5100437904512578,
    "final_arclength_variation": 0.011644948710178918,
    "final_mean_squared_curvature": 0.502760299454966,
    "final_linking_number": 0,
    "final_max_max_coil_force": 217804.59490098373,
    "final_avg_max_coil_force": 207691.80287235903,
    "final_max_max_coil_torque": 876641.8638010075,
    "final_avg_max_coil_torque": 642445.3735825527,
    "avg_BdotN_over_B": 0.06287277651678604,
    "max_BdotN_over_B": 0.20316945500981676,
    "lagrange_multipliers": [
      -7168.605077049765,
      -32.39848335666079,
      -0.0,
      -0.30233257263183977,
      -0.0,
      -909.1192584704263,
      -0.0,
      -0.0,
      -1444.0372230595967
    ],
    "output_directory": ".",
    "flux_threshold": 1e-08,
    "cc_threshold": 0.44000000000000006,
    "cs_threshold": 0.7150000000000001,
    "msc_threshold": 1.8181818181818181,
    "arclength_variation_threshold": 0.0,
    "curvature_threshold": 1.8181818181818181,
    "force_threshold": 0.19236688211757466,
    "torque_threshold": 0.19236688211757466
  }
}